ISO-10303-21;
HEADER;
/* Generated by software containing ST-Developer
 * from STEP Tools, Inc. (www.steptools.com) 
 */

FILE_DESCRIPTION(
/* description */ (''),
/* implementation_level */ '2;1');

FILE_NAME(
/* name */ 'e.stp',
/* time_stamp */ '2026-04-21T00:14:05+02:00',
/* author */ ('ksawe'),
/* organization */ (''),
/* preprocessor_version */ 'ST-DEVELOPER v20',
/* originating_system */ 'Autodesk Inventor 2025',
/* authorisation */ '');

FILE_SCHEMA (('AUTOMOTIVE_DESIGN { 1 0 10303 214 3 1 1 }'));
ENDSEC;

DATA;
#10=MECHANICAL_DESIGN_GEOMETRIC_PRESENTATION_REPRESENTATION('',(#13),#2261);
#11=SHAPE_REPRESENTATION_RELATIONSHIP('SRR','None',#2268,#12);
#12=ADVANCED_BREP_SHAPE_REPRESENTATION('',(#14),#2260);
#13=STYLED_ITEM('',(#2277),#14);
#14=MANIFOLD_SOLID_BREP('Solid1',#1285);
#15=ELLIPSE('',#1353,7.07106781186549,5.);
#16=ELLIPSE('',#1354,7.07106781186548,5.);
#17=ELLIPSE('',#1400,7.07106781186548,5.);
#18=ELLIPSE('',#1402,7.07106781186549,5.);
#19=ELLIPSE('',#1406,7.07106781186549,5.);
#20=ELLIPSE('',#1410,7.0710678118655,5.);
#21=ELLIPSE('',#1412,7.0710678118655,5.);
#22=ELLIPSE('',#1420,7.07106781186548,5.);
#23=TOROIDAL_SURFACE('',#1336,10.,5.);
#24=TOROIDAL_SURFACE('',#1345,10.,5.);
#25=TOROIDAL_SURFACE('',#1383,10.,5.);
#26=TOROIDAL_SURFACE('',#1388,10.,5.);
#27=SPHERICAL_SURFACE('',#1332,5.);
#28=SPHERICAL_SURFACE('',#1341,5.);
#29=SPHERICAL_SURFACE('',#1355,5.);
#30=SPHERICAL_SURFACE('',#1359,5.);
#31=SPHERICAL_SURFACE('',#1364,5.);
#32=SPHERICAL_SURFACE('',#1369,5.);
#33=SPHERICAL_SURFACE('',#1373,5.);
#34=SPHERICAL_SURFACE('',#1378,5.);
#35=CYLINDRICAL_SURFACE('',#1313,4.5);
#36=CYLINDRICAL_SURFACE('',#1315,3.);
#37=CYLINDRICAL_SURFACE('',#1321,4.5);
#38=CYLINDRICAL_SURFACE('',#1323,3.);
#39=CYLINDRICAL_SURFACE('',#1329,4.5);
#40=CYLINDRICAL_SURFACE('',#1331,3.);
#41=CYLINDRICAL_SURFACE('',#1350,5.);
#42=CYLINDRICAL_SURFACE('',#1352,5.);
#43=CYLINDRICAL_SURFACE('',#1363,5.);
#44=CYLINDRICAL_SURFACE('',#1368,5.);
#45=CYLINDRICAL_SURFACE('',#1377,5.);
#46=CYLINDRICAL_SURFACE('',#1382,5.);
#47=CYLINDRICAL_SURFACE('',#1393,5.);
#48=CYLINDRICAL_SURFACE('',#1394,5.);
#49=CYLINDRICAL_SURFACE('',#1396,5.);
#50=CYLINDRICAL_SURFACE('',#1397,5.);
#51=CYLINDRICAL_SURFACE('',#1399,5.);
#52=CYLINDRICAL_SURFACE('',#1401,5.);
#53=CYLINDRICAL_SURFACE('',#1403,5.);
#54=CYLINDRICAL_SURFACE('',#1404,5.);
#55=CYLINDRICAL_SURFACE('',#1405,5.);
#56=CYLINDRICAL_SURFACE('',#1407,5.);
#57=CYLINDRICAL_SURFACE('',#1408,5.);
#58=CYLINDRICAL_SURFACE('',#1409,5.);
#59=CYLINDRICAL_SURFACE('',#1411,5.);
#60=CYLINDRICAL_SURFACE('',#1413,5.);
#61=CYLINDRICAL_SURFACE('',#1414,5.);
#62=CYLINDRICAL_SURFACE('',#1415,5.);
#63=CYLINDRICAL_SURFACE('',#1416,5.);
#64=CYLINDRICAL_SURFACE('',#1417,5.);
#65=CYLINDRICAL_SURFACE('',#1418,5.);
#66=CYLINDRICAL_SURFACE('',#1419,5.);
#67=CYLINDRICAL_SURFACE('',#1421,5.);
#68=CYLINDRICAL_SURFACE('',#1423,5.);
#69=CYLINDRICAL_SURFACE('',#1436,4.00000000000001);
#70=CYLINDRICAL_SURFACE('',#1438,4.00000000000001);
#71=CYLINDRICAL_SURFACE('',#1441,4.);
#72=CYLINDRICAL_SURFACE('',#1443,4.);
#73=CYLINDRICAL_SURFACE('',#1456,4.5);
#74=CYLINDRICAL_SURFACE('',#1457,3.);
#75=CYLINDRICAL_SURFACE('',#1465,4.5);
#76=CYLINDRICAL_SURFACE('',#1466,3.);
#77=FACE_BOUND('',#205,.T.);
#78=FACE_BOUND('',#210,.T.);
#79=FACE_BOUND('',#215,.T.);
#80=FACE_BOUND('',#259,.T.);
#81=FACE_BOUND('',#261,.T.);
#82=FACE_BOUND('',#265,.T.);
#83=FACE_BOUND('',#266,.T.);
#84=FACE_BOUND('',#275,.T.);
#85=FACE_BOUND('',#276,.T.);
#86=FACE_BOUND('',#279,.T.);
#87=FACE_BOUND('',#280,.T.);
#88=FACE_BOUND('',#285,.T.);
#89=FACE_BOUND('',#290,.T.);
#90=FACE_BOUND('',#291,.T.);
#91=FACE_BOUND('',#292,.T.);
#92=FACE_BOUND('',#295,.T.);
#93=FACE_BOUND('',#300,.T.);
#94=FACE_BOUND('',#301,.T.);
#95=FACE_BOUND('',#303,.T.);
#96=PLANE('',#1310);
#97=PLANE('',#1318);
#98=PLANE('',#1326);
#99=PLANE('',#1424);
#100=PLANE('',#1426);
#101=PLANE('',#1428);
#102=PLANE('',#1429);
#103=PLANE('',#1430);
#104=PLANE('',#1433);
#105=PLANE('',#1434);
#106=PLANE('',#1435);
#107=PLANE('',#1446);
#108=PLANE('',#1447);
#109=PLANE('',#1448);
#110=PLANE('',#1449);
#111=PLANE('',#1450);
#112=PLANE('',#1453);
#113=PLANE('',#1458);
#114=PLANE('',#1459);
#115=PLANE('',#1462);
#116=PLANE('',#1467);
#117=PLANE('',#1468);
#118=PLANE('',#1469);
#119=PLANE('',#1470);
#120=FACE_OUTER_BOUND('',#203,.T.);
#121=FACE_OUTER_BOUND('',#204,.T.);
#122=FACE_OUTER_BOUND('',#206,.T.);
#123=FACE_OUTER_BOUND('',#207,.T.);
#124=FACE_OUTER_BOUND('',#208,.T.);
#125=FACE_OUTER_BOUND('',#209,.T.);
#126=FACE_OUTER_BOUND('',#211,.T.);
#127=FACE_OUTER_BOUND('',#212,.T.);
#128=FACE_OUTER_BOUND('',#213,.T.);
#129=FACE_OUTER_BOUND('',#214,.T.);
#130=FACE_OUTER_BOUND('',#216,.T.);
#131=FACE_OUTER_BOUND('',#217,.T.);
#132=FACE_OUTER_BOUND('',#218,.T.);
#133=FACE_OUTER_BOUND('',#219,.T.);
#134=FACE_OUTER_BOUND('',#220,.T.);
#135=FACE_OUTER_BOUND('',#221,.T.);
#136=FACE_OUTER_BOUND('',#222,.T.);
#137=FACE_OUTER_BOUND('',#223,.T.);
#138=FACE_OUTER_BOUND('',#224,.T.);
#139=FACE_OUTER_BOUND('',#225,.T.);
#140=FACE_OUTER_BOUND('',#226,.T.);
#141=FACE_OUTER_BOUND('',#227,.T.);
#142=FACE_OUTER_BOUND('',#228,.T.);
#143=FACE_OUTER_BOUND('',#229,.T.);
#144=FACE_OUTER_BOUND('',#230,.T.);
#145=FACE_OUTER_BOUND('',#231,.T.);
#146=FACE_OUTER_BOUND('',#232,.T.);
#147=FACE_OUTER_BOUND('',#233,.T.);
#148=FACE_OUTER_BOUND('',#234,.T.);
#149=FACE_OUTER_BOUND('',#235,.T.);
#150=FACE_OUTER_BOUND('',#236,.T.);
#151=FACE_OUTER_BOUND('',#237,.T.);
#152=FACE_OUTER_BOUND('',#238,.T.);
#153=FACE_OUTER_BOUND('',#239,.T.);
#154=FACE_OUTER_BOUND('',#240,.T.);
#155=FACE_OUTER_BOUND('',#241,.T.);
#156=FACE_OUTER_BOUND('',#242,.T.);
#157=FACE_OUTER_BOUND('',#243,.T.);
#158=FACE_OUTER_BOUND('',#244,.T.);
#159=FACE_OUTER_BOUND('',#245,.T.);
#160=FACE_OUTER_BOUND('',#246,.T.);
#161=FACE_OUTER_BOUND('',#247,.T.);
#162=FACE_OUTER_BOUND('',#248,.T.);
#163=FACE_OUTER_BOUND('',#249,.T.);
#164=FACE_OUTER_BOUND('',#250,.T.);
#165=FACE_OUTER_BOUND('',#251,.T.);
#166=FACE_OUTER_BOUND('',#252,.T.);
#167=FACE_OUTER_BOUND('',#253,.T.);
#168=FACE_OUTER_BOUND('',#254,.T.);
#169=FACE_OUTER_BOUND('',#255,.T.);
#170=FACE_OUTER_BOUND('',#256,.T.);
#171=FACE_OUTER_BOUND('',#257,.T.);
#172=FACE_OUTER_BOUND('',#258,.T.);
#173=FACE_OUTER_BOUND('',#260,.T.);
#174=FACE_OUTER_BOUND('',#262,.T.);
#175=FACE_OUTER_BOUND('',#263,.T.);
#176=FACE_OUTER_BOUND('',#264,.T.);
#177=FACE_OUTER_BOUND('',#267,.T.);
#178=FACE_OUTER_BOUND('',#268,.T.);
#179=FACE_OUTER_BOUND('',#269,.T.);
#180=FACE_OUTER_BOUND('',#270,.T.);
#181=FACE_OUTER_BOUND('',#271,.T.);
#182=FACE_OUTER_BOUND('',#272,.T.);
#183=FACE_OUTER_BOUND('',#273,.T.);
#184=FACE_OUTER_BOUND('',#274,.T.);
#185=FACE_OUTER_BOUND('',#277,.T.);
#186=FACE_OUTER_BOUND('',#278,.T.);
#187=FACE_OUTER_BOUND('',#281,.T.);
#188=FACE_OUTER_BOUND('',#282,.T.);
#189=FACE_OUTER_BOUND('',#283,.T.);
#190=FACE_OUTER_BOUND('',#284,.T.);
#191=FACE_OUTER_BOUND('',#286,.T.);
#192=FACE_OUTER_BOUND('',#287,.T.);
#193=FACE_OUTER_BOUND('',#288,.T.);
#194=FACE_OUTER_BOUND('',#289,.T.);
#195=FACE_OUTER_BOUND('',#293,.T.);
#196=FACE_OUTER_BOUND('',#294,.T.);
#197=FACE_OUTER_BOUND('',#296,.T.);
#198=FACE_OUTER_BOUND('',#297,.T.);
#199=FACE_OUTER_BOUND('',#298,.T.);
#200=FACE_OUTER_BOUND('',#299,.T.);
#201=FACE_OUTER_BOUND('',#302,.T.);
#202=FACE_OUTER_BOUND('',#304,.T.);
#203=EDGE_LOOP('',(#847,#848,#849));
#204=EDGE_LOOP('',(#850));
#205=EDGE_LOOP('',(#851));
#206=EDGE_LOOP('',(#852,#853,#854,#855));
#207=EDGE_LOOP('',(#856,#857,#858,#859));
#208=EDGE_LOOP('',(#860,#861,#862));
#209=EDGE_LOOP('',(#863));
#210=EDGE_LOOP('',(#864));
#211=EDGE_LOOP('',(#865,#866,#867,#868));
#212=EDGE_LOOP('',(#869,#870,#871,#872));
#213=EDGE_LOOP('',(#873,#874,#875));
#214=EDGE_LOOP('',(#876));
#215=EDGE_LOOP('',(#877));
#216=EDGE_LOOP('',(#878,#879,#880,#881));
#217=EDGE_LOOP('',(#882,#883,#884,#885));
#218=EDGE_LOOP('',(#886,#887,#888));
#219=EDGE_LOOP('',(#889,#890,#891,#892));
#220=EDGE_LOOP('',(#893,#894,#895));
#221=EDGE_LOOP('',(#896,#897,#898,#899));
#222=EDGE_LOOP('',(#900,#901,#902,#903));
#223=EDGE_LOOP('',(#904,#905,#906,#907));
#224=EDGE_LOOP('',(#908,#909,#910));
#225=EDGE_LOOP('',(#911,#912,#913));
#226=EDGE_LOOP('',(#914,#915,#916,#917));
#227=EDGE_LOOP('',(#918,#919,#920));
#228=EDGE_LOOP('',(#921,#922,#923,#924));
#229=EDGE_LOOP('',(#925,#926,#927));
#230=EDGE_LOOP('',(#928,#929,#930));
#231=EDGE_LOOP('',(#931,#932,#933,#934));
#232=EDGE_LOOP('',(#935,#936,#937));
#233=EDGE_LOOP('',(#938,#939,#940,#941));
#234=EDGE_LOOP('',(#942,#943,#944,#945));
#235=EDGE_LOOP('',(#946,#947,#948,#949));
#236=EDGE_LOOP('',(#950,#951,#952,#953));
#237=EDGE_LOOP('',(#954,#955,#956,#957));
#238=EDGE_LOOP('',(#958,#959,#960,#961));
#239=EDGE_LOOP('',(#962,#963,#964,#965));
#240=EDGE_LOOP('',(#966,#967,#968,#969));
#241=EDGE_LOOP('',(#970,#971,#972,#973));
#242=EDGE_LOOP('',(#974,#975,#976,#977));
#243=EDGE_LOOP('',(#978,#979,#980,#981));
#244=EDGE_LOOP('',(#982,#983,#984,#985));
#245=EDGE_LOOP('',(#986,#987,#988,#989));
#246=EDGE_LOOP('',(#990,#991,#992,#993));
#247=EDGE_LOOP('',(#994,#995,#996,#997));
#248=EDGE_LOOP('',(#998,#999,#1000,#1001));
#249=EDGE_LOOP('',(#1002,#1003,#1004,#1005));
#250=EDGE_LOOP('',(#1006,#1007,#1008,#1009));
#251=EDGE_LOOP('',(#1010,#1011,#1012,#1013));
#252=EDGE_LOOP('',(#1014,#1015,#1016,#1017));
#253=EDGE_LOOP('',(#1018,#1019,#1020,#1021));
#254=EDGE_LOOP('',(#1022,#1023,#1024,#1025));
#255=EDGE_LOOP('',(#1026,#1027,#1028,#1029));
#256=EDGE_LOOP('',(#1030,#1031,#1032,#1033));
#257=EDGE_LOOP('',(#1034,#1035,#1036,#1037));
#258=EDGE_LOOP('',(#1038,#1039,#1040,#1041));
#259=EDGE_LOOP('',(#1042));
#260=EDGE_LOOP('',(#1043,#1044,#1045,#1046));
#261=EDGE_LOOP('',(#1047));
#262=EDGE_LOOP('',(#1048,#1049,#1050,#1051));
#263=EDGE_LOOP('',(#1052,#1053,#1054,#1055));
#264=EDGE_LOOP('',(#1056,#1057,#1058,#1059));
#265=EDGE_LOOP('',(#1060));
#266=EDGE_LOOP('',(#1061));
#267=EDGE_LOOP('',(#1062,#1063,#1064,#1065,#1066,#1067,#1068,#1069));
#268=EDGE_LOOP('',(#1070,#1071,#1072,#1073,#1074,#1075));
#269=EDGE_LOOP('',(#1076,#1077,#1078,#1079,#1080,#1081));
#270=EDGE_LOOP('',(#1082,#1083,#1084,#1085));
#271=EDGE_LOOP('',(#1086,#1087,#1088,#1089));
#272=EDGE_LOOP('',(#1090,#1091,#1092,#1093));
#273=EDGE_LOOP('',(#1094,#1095,#1096,#1097));
#274=EDGE_LOOP('',(#1098,#1099,#1100,#1101));
#275=EDGE_LOOP('',(#1102));
#276=EDGE_LOOP('',(#1103));
#277=EDGE_LOOP('',(#1104,#1105,#1106,#1107));
#278=EDGE_LOOP('',(#1108,#1109,#1110,#1111));
#279=EDGE_LOOP('',(#1112));
#280=EDGE_LOOP('',(#1113));
#281=EDGE_LOOP('',(#1114,#1115,#1116,#1117));
#282=EDGE_LOOP('',(#1118,#1119,#1120,#1121));
#283=EDGE_LOOP('',(#1122,#1123,#1124));
#284=EDGE_LOOP('',(#1125));
#285=EDGE_LOOP('',(#1126));
#286=EDGE_LOOP('',(#1127,#1128,#1129,#1130));
#287=EDGE_LOOP('',(#1131,#1132,#1133,#1134));
#288=EDGE_LOOP('',(#1135,#1136,#1137,#1138));
#289=EDGE_LOOP('',(#1139,#1140,#1141,#1142,#1143,#1144,#1145,#1146,#1147,
#1148));
#290=EDGE_LOOP('',(#1149));
#291=EDGE_LOOP('',(#1150));
#292=EDGE_LOOP('',(#1151));
#293=EDGE_LOOP('',(#1152,#1153,#1154));
#294=EDGE_LOOP('',(#1155));
#295=EDGE_LOOP('',(#1156));
#296=EDGE_LOOP('',(#1157,#1158,#1159,#1160));
#297=EDGE_LOOP('',(#1161,#1162,#1163,#1164));
#298=EDGE_LOOP('',(#1165,#1166,#1167,#1168));
#299=EDGE_LOOP('',(#1169,#1170,#1171,#1172));
#300=EDGE_LOOP('',(#1173));
#301=EDGE_LOOP('',(#1174));
#302=EDGE_LOOP('',(#1175,#1176,#1177,#1178,#1179,#1180,#1181,#1182));
#303=EDGE_LOOP('',(#1183,#1184,#1185,#1186));
#304=EDGE_LOOP('',(#1187,#1188,#1189,#1190,#1191,#1192,#1193,#1194,#1195,
#1196));
#305=LINE('',#1899,#400);
#306=LINE('',#1908,#401);
#307=LINE('',#1910,#402);
#308=LINE('',#1915,#403);
#309=LINE('',#1924,#404);
#310=LINE('',#1926,#405);
#311=LINE('',#1931,#406);
#312=LINE('',#1940,#407);
#313=LINE('',#1942,#408);
#314=LINE('',#1979,#409);
#315=LINE('',#1980,#410);
#316=LINE('',#1984,#411);
#317=LINE('',#1988,#412);
#318=LINE('',#2005,#413);
#319=LINE('',#2006,#414);
#320=LINE('',#2015,#415);
#321=LINE('',#2016,#416);
#322=LINE('',#2032,#417);
#323=LINE('',#2033,#418);
#324=LINE('',#2042,#419);
#325=LINE('',#2043,#420);
#326=LINE('',#2063,#421);
#327=LINE('',#2064,#422);
#328=LINE('',#2069,#423);
#329=LINE('',#2070,#424);
#330=LINE('',#2072,#425);
#331=LINE('',#2073,#426);
#332=LINE('',#2078,#427);
#333=LINE('',#2079,#428);
#334=LINE('',#2082,#429);
#335=LINE('',#2084,#430);
#336=LINE('',#2088,#431);
#337=LINE('',#2090,#432);
#338=LINE('',#2093,#433);
#339=LINE('',#2094,#434);
#340=LINE('',#2096,#435);
#341=LINE('',#2097,#436);
#342=LINE('',#2100,#437);
#343=LINE('',#2102,#438);
#344=LINE('',#2105,#439);
#345=LINE('',#2106,#440);
#346=LINE('',#2108,#441);
#347=LINE('',#2109,#442);
#348=LINE('',#2112,#443);
#349=LINE('',#2114,#444);
#350=LINE('',#2118,#445);
#351=LINE('',#2120,#446);
#352=LINE('',#2123,#447);
#353=LINE('',#2124,#448);
#354=LINE('',#2126,#449);
#355=LINE('',#2127,#450);
#356=LINE('',#2129,#451);
#357=LINE('',#2130,#452);
#358=LINE('',#2132,#453);
#359=LINE('',#2133,#454);
#360=LINE('',#2135,#455);
#361=LINE('',#2136,#456);
#362=LINE('',#2138,#457);
#363=LINE('',#2139,#458);
#364=LINE('',#2142,#459);
#365=LINE('',#2144,#460);
#366=LINE('',#2150,#461);
#367=LINE('',#2151,#462);
#368=LINE('',#2153,#463);
#369=LINE('',#2154,#464);
#370=LINE('',#2156,#465);
#371=LINE('',#2160,#466);
#372=LINE('',#2164,#467);
#373=LINE('',#2166,#468);
#374=LINE('',#2168,#469);
#375=LINE('',#2178,#470);
#376=LINE('',#2184,#471);
#377=LINE('',#2188,#472);
#378=LINE('',#2194,#473);
#379=LINE('',#2199,#474);
#380=LINE('',#2201,#475);
#381=LINE('',#2203,#476);
#382=LINE('',#2204,#477);
#383=LINE('',#2207,#478);
#384=LINE('',#2209,#479);
#385=LINE('',#2210,#480);
#386=LINE('',#2213,#481);
#387=LINE('',#2215,#482);
#388=LINE('',#2216,#483);
#389=LINE('',#2218,#484);
#390=LINE('',#2219,#485);
#391=LINE('',#2225,#486);
#392=LINE('',#2232,#487);
#393=LINE('',#2234,#488);
#394=LINE('',#2237,#489);
#395=LINE('',#2242,#490);
#396=LINE('',#2249,#491);
#397=LINE('',#2251,#492);
#398=LINE('',#2254,#493);
#399=LINE('',#2256,#494);
#400=VECTOR('',#1477,1.5);
#401=VECTOR('',#1488,4.5);
#402=VECTOR('',#1491,3.);
#403=VECTOR('',#1496,1.5);
#404=VECTOR('',#1507,4.5);
#405=VECTOR('',#1510,3.);
#406=VECTOR('',#1515,1.5);
#407=VECTOR('',#1526,4.5);
#408=VECTOR('',#1529,3.);
#409=VECTOR('',#1570,10.);
#410=VECTOR('',#1571,10.);
#411=VECTOR('',#1574,10.);
#412=VECTOR('',#1577,10.);
#413=VECTOR('',#1598,10.);
#414=VECTOR('',#1599,10.);
#415=VECTOR('',#1610,10.);
#416=VECTOR('',#1611,10.);
#417=VECTOR('',#1630,10.);
#418=VECTOR('',#1631,10.);
#419=VECTOR('',#1642,10.);
#420=VECTOR('',#1643,10.);
#421=VECTOR('',#1666,10.);
#422=VECTOR('',#1667,10.);
#423=VECTOR('',#1672,10.);
#424=VECTOR('',#1673,10.);
#425=VECTOR('',#1676,10.);
#426=VECTOR('',#1677,10.);
#427=VECTOR('',#1682,10.);
#428=VECTOR('',#1683,10.);
#429=VECTOR('',#1686,10.);
#430=VECTOR('',#1687,10.);
#431=VECTOR('',#1692,10.);
#432=VECTOR('',#1693,10.);
#433=VECTOR('',#1698,10.);
#434=VECTOR('',#1699,10.);
#435=VECTOR('',#1702,10.);
#436=VECTOR('',#1703,10.);
#437=VECTOR('',#1706,10.);
#438=VECTOR('',#1707,10.);
#439=VECTOR('',#1712,10.);
#440=VECTOR('',#1713,10.);
#441=VECTOR('',#1716,10.);
#442=VECTOR('',#1717,10.);
#443=VECTOR('',#1720,10.);
#444=VECTOR('',#1721,10.);
#445=VECTOR('',#1726,10.);
#446=VECTOR('',#1727,10.);
#447=VECTOR('',#1732,10.);
#448=VECTOR('',#1733,10.);
#449=VECTOR('',#1736,10.);
#450=VECTOR('',#1737,10.);
#451=VECTOR('',#1740,10.);
#452=VECTOR('',#1741,10.);
#453=VECTOR('',#1744,10.);
#454=VECTOR('',#1745,10.);
#455=VECTOR('',#1748,10.);
#456=VECTOR('',#1749,10.);
#457=VECTOR('',#1752,10.);
#458=VECTOR('',#1753,10.);
#459=VECTOR('',#1756,10.);
#460=VECTOR('',#1757,10.);
#461=VECTOR('',#1764,10.);
#462=VECTOR('',#1765,10.);
#463=VECTOR('',#1768,10.);
#464=VECTOR('',#1769,10.);
#465=VECTOR('',#1772,10.);
#466=VECTOR('',#1777,10.);
#467=VECTOR('',#1782,10.);
#468=VECTOR('',#1785,10.);
#469=VECTOR('',#1788,10.);
#470=VECTOR('',#1801,4.00000000000001);
#471=VECTOR('',#1808,4.00000000000001);
#472=VECTOR('',#1813,4.);
#473=VECTOR('',#1820,4.);
#474=VECTOR('',#1825,10.);
#475=VECTOR('',#1826,10.);
#476=VECTOR('',#1827,10.);
#477=VECTOR('',#1828,10.);
#478=VECTOR('',#1831,10.);
#479=VECTOR('',#1832,10.);
#480=VECTOR('',#1833,10.);
#481=VECTOR('',#1836,10.);
#482=VECTOR('',#1837,10.);
#483=VECTOR('',#1838,10.);
#484=VECTOR('',#1841,10.);
#485=VECTOR('',#1842,10.);
#486=VECTOR('',#1849,1.5);
#487=VECTOR('',#1858,4.5);
#488=VECTOR('',#1861,3.);
#489=VECTOR('',#1866,10.);
#490=VECTOR('',#1871,1.5);
#491=VECTOR('',#1880,4.5);
#492=VECTOR('',#1883,3.);
#493=VECTOR('',#1888,10.);
#494=VECTOR('',#1891,10.);
#495=CIRCLE('',#1309,3.);
#496=CIRCLE('',#1311,4.5);
#497=CIRCLE('',#1312,3.);
#498=CIRCLE('',#1314,4.5);
#499=CIRCLE('',#1317,3.);
#500=CIRCLE('',#1319,4.5);
#501=CIRCLE('',#1320,3.);
#502=CIRCLE('',#1322,4.5);
#503=CIRCLE('',#1325,3.);
#504=CIRCLE('',#1327,4.5);
#505=CIRCLE('',#1328,3.);
#506=CIRCLE('',#1330,4.5);
#507=CIRCLE('',#1333,5.);
#508=CIRCLE('',#1334,5.);
#509=CIRCLE('',#1335,5.);
#510=CIRCLE('',#1337,5.);
#511=CIRCLE('',#1338,5.);
#512=CIRCLE('',#1339,5.);
#513=CIRCLE('',#1340,10.);
#514=CIRCLE('',#1342,5.);
#515=CIRCLE('',#1343,5.);
#516=CIRCLE('',#1344,5.);
#517=CIRCLE('',#1346,5.);
#518=CIRCLE('',#1347,5.);
#519=CIRCLE('',#1348,10.);
#520=CIRCLE('',#1349,5.);
#521=CIRCLE('',#1351,5.);
#522=CIRCLE('',#1356,5.);
#523=CIRCLE('',#1357,5.);
#524=CIRCLE('',#1358,5.);
#525=CIRCLE('',#1360,5.);
#526=CIRCLE('',#1361,5.);
#527=CIRCLE('',#1362,5.);
#528=CIRCLE('',#1365,5.);
#529=CIRCLE('',#1366,5.);
#530=CIRCLE('',#1367,5.);
#531=CIRCLE('',#1370,5.);
#532=CIRCLE('',#1371,5.);
#533=CIRCLE('',#1372,5.);
#534=CIRCLE('',#1374,5.);
#535=CIRCLE('',#1375,5.);
#536=CIRCLE('',#1376,5.00000000000002);
#537=CIRCLE('',#1379,4.99999999999998);
#538=CIRCLE('',#1380,5.);
#539=CIRCLE('',#1381,5.);
#540=CIRCLE('',#1384,5.);
#541=CIRCLE('',#1385,5.);
#542=CIRCLE('',#1386,5.);
#543=CIRCLE('',#1387,10.);
#544=CIRCLE('',#1389,5.);
#545=CIRCLE('',#1390,5.);
#546=CIRCLE('',#1391,10.);
#547=CIRCLE('',#1392,5.);
#548=CIRCLE('',#1395,5.);
#549=CIRCLE('',#1398,5.);
#550=CIRCLE('',#1422,5.);
#551=CIRCLE('',#1425,4.5);
#552=CIRCLE('',#1427,4.5);
#553=CIRCLE('',#1431,4.);
#554=CIRCLE('',#1432,4.00000000000001);
#555=CIRCLE('',#1437,4.00000000000001);
#556=CIRCLE('',#1439,4.00000000000001);
#557=CIRCLE('',#1440,4.00000000000001);
#558=CIRCLE('',#1442,4.);
#559=CIRCLE('',#1444,4.);
#560=CIRCLE('',#1445,4.);
#561=CIRCLE('',#1452,3.);
#562=CIRCLE('',#1454,4.5);
#563=CIRCLE('',#1455,3.);
#564=CIRCLE('',#1461,3.);
#565=CIRCLE('',#1463,4.5);
#566=CIRCLE('',#1464,3.);
#567=VERTEX_POINT('',#1896);
#568=VERTEX_POINT('',#1898);
#569=VERTEX_POINT('',#1901);
#570=VERTEX_POINT('',#1903);
#571=VERTEX_POINT('',#1906);
#572=VERTEX_POINT('',#1912);
#573=VERTEX_POINT('',#1914);
#574=VERTEX_POINT('',#1917);
#575=VERTEX_POINT('',#1919);
#576=VERTEX_POINT('',#1922);
#577=VERTEX_POINT('',#1928);
#578=VERTEX_POINT('',#1930);
#579=VERTEX_POINT('',#1933);
#580=VERTEX_POINT('',#1935);
#581=VERTEX_POINT('',#1938);
#582=VERTEX_POINT('',#1944);
#583=VERTEX_POINT('',#1945);
#584=VERTEX_POINT('',#1947);
#585=VERTEX_POINT('',#1951);
#586=VERTEX_POINT('',#1952);
#587=VERTEX_POINT('',#1954);
#588=VERTEX_POINT('',#1956);
#589=VERTEX_POINT('',#1960);
#590=VERTEX_POINT('',#1961);
#591=VERTEX_POINT('',#1963);
#592=VERTEX_POINT('',#1967);
#593=VERTEX_POINT('',#1968);
#594=VERTEX_POINT('',#1970);
#595=VERTEX_POINT('',#1972);
#596=VERTEX_POINT('',#1976);
#597=VERTEX_POINT('',#1977);
#598=VERTEX_POINT('',#1982);
#599=VERTEX_POINT('',#1983);
#600=VERTEX_POINT('',#1985);
#601=VERTEX_POINT('',#1987);
#602=VERTEX_POINT('',#1991);
#603=VERTEX_POINT('',#1992);
#604=VERTEX_POINT('',#1994);
#605=VERTEX_POINT('',#1998);
#606=VERTEX_POINT('',#1999);
#607=VERTEX_POINT('',#2001);
#608=VERTEX_POINT('',#2008);
#609=VERTEX_POINT('',#2009);
#610=VERTEX_POINT('',#2011);
#611=VERTEX_POINT('',#2018);
#612=VERTEX_POINT('',#2019);
#613=VERTEX_POINT('',#2021);
#614=VERTEX_POINT('',#2025);
#615=VERTEX_POINT('',#2026);
#616=VERTEX_POINT('',#2028);
#617=VERTEX_POINT('',#2035);
#618=VERTEX_POINT('',#2036);
#619=VERTEX_POINT('',#2038);
#620=VERTEX_POINT('',#2045);
#621=VERTEX_POINT('',#2046);
#622=VERTEX_POINT('',#2048);
#623=VERTEX_POINT('',#2050);
#624=VERTEX_POINT('',#2054);
#625=VERTEX_POINT('',#2055);
#626=VERTEX_POINT('',#2057);
#627=VERTEX_POINT('',#2059);
#628=VERTEX_POINT('',#2066);
#629=VERTEX_POINT('',#2067);
#630=VERTEX_POINT('',#2075);
#631=VERTEX_POINT('',#2076);
#632=VERTEX_POINT('',#2081);
#633=VERTEX_POINT('',#2083);
#634=VERTEX_POINT('',#2087);
#635=VERTEX_POINT('',#2089);
#636=VERTEX_POINT('',#2099);
#637=VERTEX_POINT('',#2101);
#638=VERTEX_POINT('',#2111);
#639=VERTEX_POINT('',#2113);
#640=VERTEX_POINT('',#2117);
#641=VERTEX_POINT('',#2119);
#642=VERTEX_POINT('',#2141);
#643=VERTEX_POINT('',#2143);
#644=VERTEX_POINT('',#2147);
#645=VERTEX_POINT('',#2148);
#646=VERTEX_POINT('',#2157);
#647=VERTEX_POINT('',#2161);
#648=VERTEX_POINT('',#2169);
#649=VERTEX_POINT('',#2171);
#650=VERTEX_POINT('',#2177);
#651=VERTEX_POINT('',#2181);
#652=VERTEX_POINT('',#2183);
#653=VERTEX_POINT('',#2187);
#654=VERTEX_POINT('',#2191);
#655=VERTEX_POINT('',#2193);
#656=VERTEX_POINT('',#2197);
#657=VERTEX_POINT('',#2198);
#658=VERTEX_POINT('',#2200);
#659=VERTEX_POINT('',#2202);
#660=VERTEX_POINT('',#2206);
#661=VERTEX_POINT('',#2208);
#662=VERTEX_POINT('',#2212);
#663=VERTEX_POINT('',#2214);
#664=VERTEX_POINT('',#2222);
#665=VERTEX_POINT('',#2224);
#666=VERTEX_POINT('',#2227);
#667=VERTEX_POINT('',#2229);
#668=VERTEX_POINT('',#2239);
#669=VERTEX_POINT('',#2241);
#670=VERTEX_POINT('',#2244);
#671=VERTEX_POINT('',#2246);
#672=EDGE_CURVE('',#567,#567,#495,.T.);
#673=EDGE_CURVE('',#567,#568,#305,.T.);
#674=EDGE_CURVE('',#569,#569,#496,.T.);
#675=EDGE_CURVE('',#570,#570,#497,.T.);
#676=EDGE_CURVE('',#571,#571,#498,.T.);
#677=EDGE_CURVE('',#571,#569,#306,.T.);
#678=EDGE_CURVE('',#570,#567,#307,.T.);
#679=EDGE_CURVE('',#572,#572,#499,.T.);
#680=EDGE_CURVE('',#572,#573,#308,.T.);
#681=EDGE_CURVE('',#574,#574,#500,.T.);
#682=EDGE_CURVE('',#575,#575,#501,.T.);
#683=EDGE_CURVE('',#576,#576,#502,.T.);
#684=EDGE_CURVE('',#576,#574,#309,.T.);
#685=EDGE_CURVE('',#575,#572,#310,.T.);
#686=EDGE_CURVE('',#577,#577,#503,.T.);
#687=EDGE_CURVE('',#577,#578,#311,.T.);
#688=EDGE_CURVE('',#579,#579,#504,.T.);
#689=EDGE_CURVE('',#580,#580,#505,.T.);
#690=EDGE_CURVE('',#581,#581,#506,.T.);
#691=EDGE_CURVE('',#581,#579,#312,.T.);
#692=EDGE_CURVE('',#580,#577,#313,.T.);
#693=EDGE_CURVE('',#582,#583,#507,.F.);
#694=EDGE_CURVE('',#584,#582,#508,.F.);
#695=EDGE_CURVE('',#583,#584,#509,.F.);
#696=EDGE_CURVE('',#585,#586,#510,.T.);
#697=EDGE_CURVE('',#587,#585,#511,.F.);
#698=EDGE_CURVE('',#588,#587,#512,.T.);
#699=EDGE_CURVE('',#588,#586,#513,.T.);
#700=EDGE_CURVE('',#589,#590,#514,.F.);
#701=EDGE_CURVE('',#591,#589,#515,.F.);
#702=EDGE_CURVE('',#590,#591,#516,.F.);
#703=EDGE_CURVE('',#592,#593,#517,.F.);
#704=EDGE_CURVE('',#594,#592,#518,.T.);
#705=EDGE_CURVE('',#594,#595,#519,.T.);
#706=EDGE_CURVE('',#593,#595,#520,.T.);
#707=EDGE_CURVE('',#596,#597,#521,.T.);
#708=EDGE_CURVE('',#597,#594,#314,.T.);
#709=EDGE_CURVE('',#592,#596,#315,.T.);
#710=EDGE_CURVE('',#598,#599,#316,.T.);
#711=EDGE_CURVE('',#599,#600,#15,.T.);
#712=EDGE_CURVE('',#600,#601,#317,.T.);
#713=EDGE_CURVE('',#601,#598,#16,.T.);
#714=EDGE_CURVE('',#602,#603,#522,.F.);
#715=EDGE_CURVE('',#604,#602,#523,.F.);
#716=EDGE_CURVE('',#603,#604,#524,.F.);
#717=EDGE_CURVE('',#605,#606,#525,.F.);
#718=EDGE_CURVE('',#607,#605,#526,.F.);
#719=EDGE_CURVE('',#606,#607,#527,.F.);
#720=EDGE_CURVE('',#599,#607,#318,.T.);
#721=EDGE_CURVE('',#605,#600,#319,.T.);
#722=EDGE_CURVE('',#608,#609,#528,.F.);
#723=EDGE_CURVE('',#610,#608,#529,.F.);
#724=EDGE_CURVE('',#609,#610,#530,.F.);
#725=EDGE_CURVE('',#608,#604,#320,.T.);
#726=EDGE_CURVE('',#602,#610,#321,.T.);
#727=EDGE_CURVE('',#611,#612,#531,.F.);
#728=EDGE_CURVE('',#613,#611,#532,.F.);
#729=EDGE_CURVE('',#612,#613,#533,.F.);
#730=EDGE_CURVE('',#614,#615,#534,.F.);
#731=EDGE_CURVE('',#616,#614,#535,.F.);
#732=EDGE_CURVE('',#615,#616,#536,.F.);
#733=EDGE_CURVE('',#614,#609,#322,.T.);
#734=EDGE_CURVE('',#610,#616,#323,.T.);
#735=EDGE_CURVE('',#617,#618,#537,.F.);
#736=EDGE_CURVE('',#619,#617,#538,.F.);
#737=EDGE_CURVE('',#618,#619,#539,.F.);
#738=EDGE_CURVE('',#617,#615,#324,.T.);
#739=EDGE_CURVE('',#616,#619,#325,.T.);
#740=EDGE_CURVE('',#620,#621,#540,.T.);
#741=EDGE_CURVE('',#622,#620,#541,.F.);
#742=EDGE_CURVE('',#623,#622,#542,.T.);
#743=EDGE_CURVE('',#623,#621,#543,.T.);
#744=EDGE_CURVE('',#624,#625,#544,.F.);
#745=EDGE_CURVE('',#626,#624,#545,.T.);
#746=EDGE_CURVE('',#626,#627,#546,.T.);
#747=EDGE_CURVE('',#625,#627,#547,.T.);
#748=EDGE_CURVE('',#624,#618,#326,.T.);
#749=EDGE_CURVE('',#619,#626,#327,.T.);
#750=EDGE_CURVE('',#628,#629,#548,.T.);
#751=EDGE_CURVE('',#629,#625,#328,.T.);
#752=EDGE_CURVE('',#627,#628,#329,.T.);
#753=EDGE_CURVE('',#620,#624,#330,.T.);
#754=EDGE_CURVE('',#625,#622,#331,.T.);
#755=EDGE_CURVE('',#630,#631,#549,.T.);
#756=EDGE_CURVE('',#631,#623,#332,.T.);
#757=EDGE_CURVE('',#622,#630,#333,.T.);
#758=EDGE_CURVE('',#632,#620,#334,.T.);
#759=EDGE_CURVE('',#621,#633,#335,.T.);
#760=EDGE_CURVE('',#633,#632,#17,.T.);
#761=EDGE_CURVE('',#634,#617,#336,.T.);
#762=EDGE_CURVE('',#618,#635,#337,.T.);
#763=EDGE_CURVE('',#635,#634,#18,.T.);
#764=EDGE_CURVE('',#633,#613,#338,.T.);
#765=EDGE_CURVE('',#611,#632,#339,.T.);
#766=EDGE_CURVE('',#635,#611,#340,.T.);
#767=EDGE_CURVE('',#612,#634,#341,.T.);
#768=EDGE_CURVE('',#636,#614,#342,.T.);
#769=EDGE_CURVE('',#615,#637,#343,.T.);
#770=EDGE_CURVE('',#637,#636,#19,.T.);
#771=EDGE_CURVE('',#606,#612,#344,.T.);
#772=EDGE_CURVE('',#613,#605,#345,.T.);
#773=EDGE_CURVE('',#637,#606,#346,.T.);
#774=EDGE_CURVE('',#607,#636,#347,.T.);
#775=EDGE_CURVE('',#638,#608,#348,.T.);
#776=EDGE_CURVE('',#609,#639,#349,.T.);
#777=EDGE_CURVE('',#639,#638,#20,.T.);
#778=EDGE_CURVE('',#640,#603,#350,.T.);
#779=EDGE_CURVE('',#604,#641,#351,.T.);
#780=EDGE_CURVE('',#641,#640,#21,.T.);
#781=EDGE_CURVE('',#603,#593,#352,.T.);
#782=EDGE_CURVE('',#595,#602,#353,.T.);
#783=EDGE_CURVE('',#639,#589,#354,.T.);
#784=EDGE_CURVE('',#590,#638,#355,.T.);
#785=EDGE_CURVE('',#585,#592,#356,.T.);
#786=EDGE_CURVE('',#593,#587,#357,.T.);
#787=EDGE_CURVE('',#641,#583,#358,.T.);
#788=EDGE_CURVE('',#584,#640,#359,.T.);
#789=EDGE_CURVE('',#601,#591,#360,.T.);
#790=EDGE_CURVE('',#589,#598,#361,.T.);
#791=EDGE_CURVE('',#591,#582,#362,.T.);
#792=EDGE_CURVE('',#583,#590,#363,.T.);
#793=EDGE_CURVE('',#642,#588,#364,.T.);
#794=EDGE_CURVE('',#587,#643,#365,.T.);
#795=EDGE_CURVE('',#643,#642,#22,.T.);
#796=EDGE_CURVE('',#644,#645,#550,.T.);
#797=EDGE_CURVE('',#645,#585,#366,.T.);
#798=EDGE_CURVE('',#586,#644,#367,.T.);
#799=EDGE_CURVE('',#643,#584,#368,.T.);
#800=EDGE_CURVE('',#582,#642,#369,.T.);
#801=EDGE_CURVE('',#638,#641,#370,.T.);
#802=EDGE_CURVE('',#646,#646,#551,.T.);
#803=EDGE_CURVE('',#637,#634,#371,.T.);
#804=EDGE_CURVE('',#647,#647,#552,.T.);
#805=EDGE_CURVE('',#642,#601,#372,.T.);
#806=EDGE_CURVE('',#600,#633,#373,.T.);
#807=EDGE_CURVE('',#629,#630,#374,.T.);
#808=EDGE_CURVE('',#648,#648,#553,.T.);
#809=EDGE_CURVE('',#649,#649,#554,.T.);
#810=EDGE_CURVE('',#649,#650,#375,.T.);
#811=EDGE_CURVE('',#650,#650,#555,.T.);
#812=EDGE_CURVE('',#651,#651,#556,.T.);
#813=EDGE_CURVE('',#651,#652,#376,.T.);
#814=EDGE_CURVE('',#652,#652,#557,.T.);
#815=EDGE_CURVE('',#648,#653,#377,.T.);
#816=EDGE_CURVE('',#653,#653,#558,.T.);
#817=EDGE_CURVE('',#654,#654,#559,.T.);
#818=EDGE_CURVE('',#654,#655,#378,.T.);
#819=EDGE_CURVE('',#655,#655,#560,.T.);
#820=EDGE_CURVE('',#656,#657,#379,.T.);
#821=EDGE_CURVE('',#656,#658,#380,.T.);
#822=EDGE_CURVE('',#658,#659,#381,.T.);
#823=EDGE_CURVE('',#657,#659,#382,.T.);
#824=EDGE_CURVE('',#660,#656,#383,.T.);
#825=EDGE_CURVE('',#660,#661,#384,.T.);
#826=EDGE_CURVE('',#661,#658,#385,.T.);
#827=EDGE_CURVE('',#662,#660,#386,.T.);
#828=EDGE_CURVE('',#662,#663,#387,.T.);
#829=EDGE_CURVE('',#663,#661,#388,.T.);
#830=EDGE_CURVE('',#657,#662,#389,.T.);
#831=EDGE_CURVE('',#659,#663,#390,.T.);
#832=EDGE_CURVE('',#664,#664,#561,.T.);
#833=EDGE_CURVE('',#664,#665,#391,.T.);
#834=EDGE_CURVE('',#666,#666,#562,.T.);
#835=EDGE_CURVE('',#667,#667,#563,.T.);
#836=EDGE_CURVE('',#646,#666,#392,.T.);
#837=EDGE_CURVE('',#667,#664,#393,.T.);
#838=EDGE_CURVE('',#631,#644,#394,.T.);
#839=EDGE_CURVE('',#668,#668,#564,.T.);
#840=EDGE_CURVE('',#668,#669,#395,.T.);
#841=EDGE_CURVE('',#670,#670,#565,.T.);
#842=EDGE_CURVE('',#671,#671,#566,.T.);
#843=EDGE_CURVE('',#647,#670,#396,.T.);
#844=EDGE_CURVE('',#671,#668,#397,.T.);
#845=EDGE_CURVE('',#596,#645,#398,.T.);
#846=EDGE_CURVE('',#628,#597,#399,.T.);
#847=ORIENTED_EDGE('',*,*,#672,.T.);
#848=ORIENTED_EDGE('',*,*,#673,.T.);
#849=ORIENTED_EDGE('',*,*,#673,.F.);
#850=ORIENTED_EDGE('',*,*,#674,.T.);
#851=ORIENTED_EDGE('',*,*,#675,.F.);
#852=ORIENTED_EDGE('',*,*,#676,.F.);
#853=ORIENTED_EDGE('',*,*,#677,.T.);
#854=ORIENTED_EDGE('',*,*,#674,.F.);
#855=ORIENTED_EDGE('',*,*,#677,.F.);
#856=ORIENTED_EDGE('',*,*,#675,.T.);
#857=ORIENTED_EDGE('',*,*,#678,.T.);
#858=ORIENTED_EDGE('',*,*,#672,.F.);
#859=ORIENTED_EDGE('',*,*,#678,.F.);
#860=ORIENTED_EDGE('',*,*,#679,.T.);
#861=ORIENTED_EDGE('',*,*,#680,.T.);
#862=ORIENTED_EDGE('',*,*,#680,.F.);
#863=ORIENTED_EDGE('',*,*,#681,.T.);
#864=ORIENTED_EDGE('',*,*,#682,.F.);
#865=ORIENTED_EDGE('',*,*,#683,.F.);
#866=ORIENTED_EDGE('',*,*,#684,.T.);
#867=ORIENTED_EDGE('',*,*,#681,.F.);
#868=ORIENTED_EDGE('',*,*,#684,.F.);
#869=ORIENTED_EDGE('',*,*,#682,.T.);
#870=ORIENTED_EDGE('',*,*,#685,.T.);
#871=ORIENTED_EDGE('',*,*,#679,.F.);
#872=ORIENTED_EDGE('',*,*,#685,.F.);
#873=ORIENTED_EDGE('',*,*,#686,.T.);
#874=ORIENTED_EDGE('',*,*,#687,.T.);
#875=ORIENTED_EDGE('',*,*,#687,.F.);
#876=ORIENTED_EDGE('',*,*,#688,.T.);
#877=ORIENTED_EDGE('',*,*,#689,.F.);
#878=ORIENTED_EDGE('',*,*,#690,.F.);
#879=ORIENTED_EDGE('',*,*,#691,.T.);
#880=ORIENTED_EDGE('',*,*,#688,.F.);
#881=ORIENTED_EDGE('',*,*,#691,.F.);
#882=ORIENTED_EDGE('',*,*,#689,.T.);
#883=ORIENTED_EDGE('',*,*,#692,.T.);
#884=ORIENTED_EDGE('',*,*,#686,.F.);
#885=ORIENTED_EDGE('',*,*,#692,.F.);
#886=ORIENTED_EDGE('',*,*,#693,.F.);
#887=ORIENTED_EDGE('',*,*,#694,.F.);
#888=ORIENTED_EDGE('',*,*,#695,.F.);
#889=ORIENTED_EDGE('',*,*,#696,.F.);
#890=ORIENTED_EDGE('',*,*,#697,.F.);
#891=ORIENTED_EDGE('',*,*,#698,.F.);
#892=ORIENTED_EDGE('',*,*,#699,.T.);
#893=ORIENTED_EDGE('',*,*,#700,.F.);
#894=ORIENTED_EDGE('',*,*,#701,.F.);
#895=ORIENTED_EDGE('',*,*,#702,.F.);
#896=ORIENTED_EDGE('',*,*,#703,.F.);
#897=ORIENTED_EDGE('',*,*,#704,.F.);
#898=ORIENTED_EDGE('',*,*,#705,.T.);
#899=ORIENTED_EDGE('',*,*,#706,.F.);
#900=ORIENTED_EDGE('',*,*,#707,.T.);
#901=ORIENTED_EDGE('',*,*,#708,.T.);
#902=ORIENTED_EDGE('',*,*,#704,.T.);
#903=ORIENTED_EDGE('',*,*,#709,.T.);
#904=ORIENTED_EDGE('',*,*,#710,.T.);
#905=ORIENTED_EDGE('',*,*,#711,.T.);
#906=ORIENTED_EDGE('',*,*,#712,.T.);
#907=ORIENTED_EDGE('',*,*,#713,.T.);
#908=ORIENTED_EDGE('',*,*,#714,.F.);
#909=ORIENTED_EDGE('',*,*,#715,.F.);
#910=ORIENTED_EDGE('',*,*,#716,.F.);
#911=ORIENTED_EDGE('',*,*,#717,.F.);
#912=ORIENTED_EDGE('',*,*,#718,.F.);
#913=ORIENTED_EDGE('',*,*,#719,.F.);
#914=ORIENTED_EDGE('',*,*,#720,.T.);
#915=ORIENTED_EDGE('',*,*,#718,.T.);
#916=ORIENTED_EDGE('',*,*,#721,.T.);
#917=ORIENTED_EDGE('',*,*,#711,.F.);
#918=ORIENTED_EDGE('',*,*,#722,.F.);
#919=ORIENTED_EDGE('',*,*,#723,.F.);
#920=ORIENTED_EDGE('',*,*,#724,.F.);
#921=ORIENTED_EDGE('',*,*,#723,.T.);
#922=ORIENTED_EDGE('',*,*,#725,.T.);
#923=ORIENTED_EDGE('',*,*,#715,.T.);
#924=ORIENTED_EDGE('',*,*,#726,.T.);
#925=ORIENTED_EDGE('',*,*,#727,.F.);
#926=ORIENTED_EDGE('',*,*,#728,.F.);
#927=ORIENTED_EDGE('',*,*,#729,.F.);
#928=ORIENTED_EDGE('',*,*,#730,.F.);
#929=ORIENTED_EDGE('',*,*,#731,.F.);
#930=ORIENTED_EDGE('',*,*,#732,.F.);
#931=ORIENTED_EDGE('',*,*,#731,.T.);
#932=ORIENTED_EDGE('',*,*,#733,.T.);
#933=ORIENTED_EDGE('',*,*,#724,.T.);
#934=ORIENTED_EDGE('',*,*,#734,.T.);
#935=ORIENTED_EDGE('',*,*,#735,.F.);
#936=ORIENTED_EDGE('',*,*,#736,.F.);
#937=ORIENTED_EDGE('',*,*,#737,.F.);
#938=ORIENTED_EDGE('',*,*,#736,.T.);
#939=ORIENTED_EDGE('',*,*,#738,.T.);
#940=ORIENTED_EDGE('',*,*,#732,.T.);
#941=ORIENTED_EDGE('',*,*,#739,.T.);
#942=ORIENTED_EDGE('',*,*,#740,.F.);
#943=ORIENTED_EDGE('',*,*,#741,.F.);
#944=ORIENTED_EDGE('',*,*,#742,.F.);
#945=ORIENTED_EDGE('',*,*,#743,.T.);
#946=ORIENTED_EDGE('',*,*,#744,.F.);
#947=ORIENTED_EDGE('',*,*,#745,.F.);
#948=ORIENTED_EDGE('',*,*,#746,.T.);
#949=ORIENTED_EDGE('',*,*,#747,.F.);
#950=ORIENTED_EDGE('',*,*,#745,.T.);
#951=ORIENTED_EDGE('',*,*,#748,.T.);
#952=ORIENTED_EDGE('',*,*,#737,.T.);
#953=ORIENTED_EDGE('',*,*,#749,.T.);
#954=ORIENTED_EDGE('',*,*,#750,.T.);
#955=ORIENTED_EDGE('',*,*,#751,.T.);
#956=ORIENTED_EDGE('',*,*,#747,.T.);
#957=ORIENTED_EDGE('',*,*,#752,.T.);
#958=ORIENTED_EDGE('',*,*,#741,.T.);
#959=ORIENTED_EDGE('',*,*,#753,.T.);
#960=ORIENTED_EDGE('',*,*,#744,.T.);
#961=ORIENTED_EDGE('',*,*,#754,.T.);
#962=ORIENTED_EDGE('',*,*,#755,.T.);
#963=ORIENTED_EDGE('',*,*,#756,.T.);
#964=ORIENTED_EDGE('',*,*,#742,.T.);
#965=ORIENTED_EDGE('',*,*,#757,.T.);
#966=ORIENTED_EDGE('',*,*,#758,.T.);
#967=ORIENTED_EDGE('',*,*,#740,.T.);
#968=ORIENTED_EDGE('',*,*,#759,.T.);
#969=ORIENTED_EDGE('',*,*,#760,.T.);
#970=ORIENTED_EDGE('',*,*,#761,.T.);
#971=ORIENTED_EDGE('',*,*,#735,.T.);
#972=ORIENTED_EDGE('',*,*,#762,.T.);
#973=ORIENTED_EDGE('',*,*,#763,.T.);
#974=ORIENTED_EDGE('',*,*,#764,.T.);
#975=ORIENTED_EDGE('',*,*,#728,.T.);
#976=ORIENTED_EDGE('',*,*,#765,.T.);
#977=ORIENTED_EDGE('',*,*,#760,.F.);
#978=ORIENTED_EDGE('',*,*,#766,.T.);
#979=ORIENTED_EDGE('',*,*,#727,.T.);
#980=ORIENTED_EDGE('',*,*,#767,.T.);
#981=ORIENTED_EDGE('',*,*,#763,.F.);
#982=ORIENTED_EDGE('',*,*,#768,.T.);
#983=ORIENTED_EDGE('',*,*,#730,.T.);
#984=ORIENTED_EDGE('',*,*,#769,.T.);
#985=ORIENTED_EDGE('',*,*,#770,.T.);
#986=ORIENTED_EDGE('',*,*,#717,.T.);
#987=ORIENTED_EDGE('',*,*,#771,.T.);
#988=ORIENTED_EDGE('',*,*,#729,.T.);
#989=ORIENTED_EDGE('',*,*,#772,.T.);
#990=ORIENTED_EDGE('',*,*,#773,.T.);
#991=ORIENTED_EDGE('',*,*,#719,.T.);
#992=ORIENTED_EDGE('',*,*,#774,.T.);
#993=ORIENTED_EDGE('',*,*,#770,.F.);
#994=ORIENTED_EDGE('',*,*,#775,.T.);
#995=ORIENTED_EDGE('',*,*,#722,.T.);
#996=ORIENTED_EDGE('',*,*,#776,.T.);
#997=ORIENTED_EDGE('',*,*,#777,.T.);
#998=ORIENTED_EDGE('',*,*,#778,.T.);
#999=ORIENTED_EDGE('',*,*,#716,.T.);
#1000=ORIENTED_EDGE('',*,*,#779,.T.);
#1001=ORIENTED_EDGE('',*,*,#780,.T.);
#1002=ORIENTED_EDGE('',*,*,#714,.T.);
#1003=ORIENTED_EDGE('',*,*,#781,.T.);
#1004=ORIENTED_EDGE('',*,*,#706,.T.);
#1005=ORIENTED_EDGE('',*,*,#782,.T.);
#1006=ORIENTED_EDGE('',*,*,#783,.T.);
#1007=ORIENTED_EDGE('',*,*,#700,.T.);
#1008=ORIENTED_EDGE('',*,*,#784,.T.);
#1009=ORIENTED_EDGE('',*,*,#777,.F.);
#1010=ORIENTED_EDGE('',*,*,#697,.T.);
#1011=ORIENTED_EDGE('',*,*,#785,.T.);
#1012=ORIENTED_EDGE('',*,*,#703,.T.);
#1013=ORIENTED_EDGE('',*,*,#786,.T.);
#1014=ORIENTED_EDGE('',*,*,#787,.T.);
#1015=ORIENTED_EDGE('',*,*,#695,.T.);
#1016=ORIENTED_EDGE('',*,*,#788,.T.);
#1017=ORIENTED_EDGE('',*,*,#780,.F.);
#1018=ORIENTED_EDGE('',*,*,#789,.T.);
#1019=ORIENTED_EDGE('',*,*,#701,.T.);
#1020=ORIENTED_EDGE('',*,*,#790,.T.);
#1021=ORIENTED_EDGE('',*,*,#713,.F.);
#1022=ORIENTED_EDGE('',*,*,#702,.T.);
#1023=ORIENTED_EDGE('',*,*,#791,.T.);
#1024=ORIENTED_EDGE('',*,*,#693,.T.);
#1025=ORIENTED_EDGE('',*,*,#792,.T.);
#1026=ORIENTED_EDGE('',*,*,#793,.T.);
#1027=ORIENTED_EDGE('',*,*,#698,.T.);
#1028=ORIENTED_EDGE('',*,*,#794,.T.);
#1029=ORIENTED_EDGE('',*,*,#795,.T.);
#1030=ORIENTED_EDGE('',*,*,#796,.T.);
#1031=ORIENTED_EDGE('',*,*,#797,.T.);
#1032=ORIENTED_EDGE('',*,*,#696,.T.);
#1033=ORIENTED_EDGE('',*,*,#798,.T.);
#1034=ORIENTED_EDGE('',*,*,#799,.T.);
#1035=ORIENTED_EDGE('',*,*,#694,.T.);
#1036=ORIENTED_EDGE('',*,*,#800,.T.);
#1037=ORIENTED_EDGE('',*,*,#795,.F.);
#1038=ORIENTED_EDGE('',*,*,#779,.F.);
#1039=ORIENTED_EDGE('',*,*,#725,.F.);
#1040=ORIENTED_EDGE('',*,*,#775,.F.);
#1041=ORIENTED_EDGE('',*,*,#801,.T.);
#1042=ORIENTED_EDGE('',*,*,#802,.T.);
#1043=ORIENTED_EDGE('',*,*,#769,.F.);
#1044=ORIENTED_EDGE('',*,*,#738,.F.);
#1045=ORIENTED_EDGE('',*,*,#761,.F.);
#1046=ORIENTED_EDGE('',*,*,#803,.F.);
#1047=ORIENTED_EDGE('',*,*,#804,.T.);
#1048=ORIENTED_EDGE('',*,*,#800,.F.);
#1049=ORIENTED_EDGE('',*,*,#791,.F.);
#1050=ORIENTED_EDGE('',*,*,#789,.F.);
#1051=ORIENTED_EDGE('',*,*,#805,.F.);
#1052=ORIENTED_EDGE('',*,*,#721,.F.);
#1053=ORIENTED_EDGE('',*,*,#772,.F.);
#1054=ORIENTED_EDGE('',*,*,#764,.F.);
#1055=ORIENTED_EDGE('',*,*,#806,.F.);
#1056=ORIENTED_EDGE('',*,*,#757,.F.);
#1057=ORIENTED_EDGE('',*,*,#754,.F.);
#1058=ORIENTED_EDGE('',*,*,#751,.F.);
#1059=ORIENTED_EDGE('',*,*,#807,.T.);
#1060=ORIENTED_EDGE('',*,*,#808,.T.);
#1061=ORIENTED_EDGE('',*,*,#809,.T.);
#1062=ORIENTED_EDGE('',*,*,#733,.F.);
#1063=ORIENTED_EDGE('',*,*,#768,.F.);
#1064=ORIENTED_EDGE('',*,*,#774,.F.);
#1065=ORIENTED_EDGE('',*,*,#720,.F.);
#1066=ORIENTED_EDGE('',*,*,#710,.F.);
#1067=ORIENTED_EDGE('',*,*,#790,.F.);
#1068=ORIENTED_EDGE('',*,*,#783,.F.);
#1069=ORIENTED_EDGE('',*,*,#776,.F.);
#1070=ORIENTED_EDGE('',*,*,#748,.F.);
#1071=ORIENTED_EDGE('',*,*,#753,.F.);
#1072=ORIENTED_EDGE('',*,*,#758,.F.);
#1073=ORIENTED_EDGE('',*,*,#765,.F.);
#1074=ORIENTED_EDGE('',*,*,#766,.F.);
#1075=ORIENTED_EDGE('',*,*,#762,.F.);
#1076=ORIENTED_EDGE('',*,*,#778,.F.);
#1077=ORIENTED_EDGE('',*,*,#788,.F.);
#1078=ORIENTED_EDGE('',*,*,#799,.F.);
#1079=ORIENTED_EDGE('',*,*,#794,.F.);
#1080=ORIENTED_EDGE('',*,*,#786,.F.);
#1081=ORIENTED_EDGE('',*,*,#781,.F.);
#1082=ORIENTED_EDGE('',*,*,#809,.F.);
#1083=ORIENTED_EDGE('',*,*,#810,.T.);
#1084=ORIENTED_EDGE('',*,*,#811,.F.);
#1085=ORIENTED_EDGE('',*,*,#810,.F.);
#1086=ORIENTED_EDGE('',*,*,#812,.F.);
#1087=ORIENTED_EDGE('',*,*,#813,.T.);
#1088=ORIENTED_EDGE('',*,*,#814,.F.);
#1089=ORIENTED_EDGE('',*,*,#813,.F.);
#1090=ORIENTED_EDGE('',*,*,#808,.F.);
#1091=ORIENTED_EDGE('',*,*,#815,.T.);
#1092=ORIENTED_EDGE('',*,*,#816,.F.);
#1093=ORIENTED_EDGE('',*,*,#815,.F.);
#1094=ORIENTED_EDGE('',*,*,#817,.F.);
#1095=ORIENTED_EDGE('',*,*,#818,.T.);
#1096=ORIENTED_EDGE('',*,*,#819,.F.);
#1097=ORIENTED_EDGE('',*,*,#818,.F.);
#1098=ORIENTED_EDGE('',*,*,#820,.F.);
#1099=ORIENTED_EDGE('',*,*,#821,.T.);
#1100=ORIENTED_EDGE('',*,*,#822,.T.);
#1101=ORIENTED_EDGE('',*,*,#823,.F.);
#1102=ORIENTED_EDGE('',*,*,#812,.T.);
#1103=ORIENTED_EDGE('',*,*,#817,.T.);
#1104=ORIENTED_EDGE('',*,*,#824,.F.);
#1105=ORIENTED_EDGE('',*,*,#825,.T.);
#1106=ORIENTED_EDGE('',*,*,#826,.T.);
#1107=ORIENTED_EDGE('',*,*,#821,.F.);
#1108=ORIENTED_EDGE('',*,*,#827,.F.);
#1109=ORIENTED_EDGE('',*,*,#828,.T.);
#1110=ORIENTED_EDGE('',*,*,#829,.T.);
#1111=ORIENTED_EDGE('',*,*,#825,.F.);
#1112=ORIENTED_EDGE('',*,*,#811,.T.);
#1113=ORIENTED_EDGE('',*,*,#816,.T.);
#1114=ORIENTED_EDGE('',*,*,#830,.F.);
#1115=ORIENTED_EDGE('',*,*,#823,.T.);
#1116=ORIENTED_EDGE('',*,*,#831,.T.);
#1117=ORIENTED_EDGE('',*,*,#828,.F.);
#1118=ORIENTED_EDGE('',*,*,#831,.F.);
#1119=ORIENTED_EDGE('',*,*,#822,.F.);
#1120=ORIENTED_EDGE('',*,*,#826,.F.);
#1121=ORIENTED_EDGE('',*,*,#829,.F.);
#1122=ORIENTED_EDGE('',*,*,#832,.F.);
#1123=ORIENTED_EDGE('',*,*,#833,.T.);
#1124=ORIENTED_EDGE('',*,*,#833,.F.);
#1125=ORIENTED_EDGE('',*,*,#834,.F.);
#1126=ORIENTED_EDGE('',*,*,#835,.T.);
#1127=ORIENTED_EDGE('',*,*,#802,.F.);
#1128=ORIENTED_EDGE('',*,*,#836,.T.);
#1129=ORIENTED_EDGE('',*,*,#834,.T.);
#1130=ORIENTED_EDGE('',*,*,#836,.F.);
#1131=ORIENTED_EDGE('',*,*,#835,.F.);
#1132=ORIENTED_EDGE('',*,*,#837,.T.);
#1133=ORIENTED_EDGE('',*,*,#832,.T.);
#1134=ORIENTED_EDGE('',*,*,#837,.F.);
#1135=ORIENTED_EDGE('',*,*,#787,.F.);
#1136=ORIENTED_EDGE('',*,*,#801,.F.);
#1137=ORIENTED_EDGE('',*,*,#784,.F.);
#1138=ORIENTED_EDGE('',*,*,#792,.F.);
#1139=ORIENTED_EDGE('',*,*,#793,.F.);
#1140=ORIENTED_EDGE('',*,*,#805,.T.);
#1141=ORIENTED_EDGE('',*,*,#712,.F.);
#1142=ORIENTED_EDGE('',*,*,#806,.T.);
#1143=ORIENTED_EDGE('',*,*,#759,.F.);
#1144=ORIENTED_EDGE('',*,*,#743,.F.);
#1145=ORIENTED_EDGE('',*,*,#756,.F.);
#1146=ORIENTED_EDGE('',*,*,#838,.T.);
#1147=ORIENTED_EDGE('',*,*,#798,.F.);
#1148=ORIENTED_EDGE('',*,*,#699,.F.);
#1149=ORIENTED_EDGE('',*,*,#676,.T.);
#1150=ORIENTED_EDGE('',*,*,#683,.T.);
#1151=ORIENTED_EDGE('',*,*,#690,.T.);
#1152=ORIENTED_EDGE('',*,*,#839,.T.);
#1153=ORIENTED_EDGE('',*,*,#840,.T.);
#1154=ORIENTED_EDGE('',*,*,#840,.F.);
#1155=ORIENTED_EDGE('',*,*,#841,.T.);
#1156=ORIENTED_EDGE('',*,*,#842,.F.);
#1157=ORIENTED_EDGE('',*,*,#804,.F.);
#1158=ORIENTED_EDGE('',*,*,#843,.T.);
#1159=ORIENTED_EDGE('',*,*,#841,.F.);
#1160=ORIENTED_EDGE('',*,*,#843,.F.);
#1161=ORIENTED_EDGE('',*,*,#842,.T.);
#1162=ORIENTED_EDGE('',*,*,#844,.T.);
#1163=ORIENTED_EDGE('',*,*,#839,.F.);
#1164=ORIENTED_EDGE('',*,*,#844,.F.);
#1165=ORIENTED_EDGE('',*,*,#773,.F.);
#1166=ORIENTED_EDGE('',*,*,#803,.T.);
#1167=ORIENTED_EDGE('',*,*,#767,.F.);
#1168=ORIENTED_EDGE('',*,*,#771,.F.);
#1169=ORIENTED_EDGE('',*,*,#797,.F.);
#1170=ORIENTED_EDGE('',*,*,#845,.F.);
#1171=ORIENTED_EDGE('',*,*,#709,.F.);
#1172=ORIENTED_EDGE('',*,*,#785,.F.);
#1173=ORIENTED_EDGE('',*,*,#814,.T.);
#1174=ORIENTED_EDGE('',*,*,#819,.T.);
#1175=ORIENTED_EDGE('',*,*,#796,.F.);
#1176=ORIENTED_EDGE('',*,*,#838,.F.);
#1177=ORIENTED_EDGE('',*,*,#755,.F.);
#1178=ORIENTED_EDGE('',*,*,#807,.F.);
#1179=ORIENTED_EDGE('',*,*,#750,.F.);
#1180=ORIENTED_EDGE('',*,*,#846,.T.);
#1181=ORIENTED_EDGE('',*,*,#707,.F.);
#1182=ORIENTED_EDGE('',*,*,#845,.T.);
#1183=ORIENTED_EDGE('',*,*,#820,.T.);
#1184=ORIENTED_EDGE('',*,*,#830,.T.);
#1185=ORIENTED_EDGE('',*,*,#827,.T.);
#1186=ORIENTED_EDGE('',*,*,#824,.T.);
#1187=ORIENTED_EDGE('',*,*,#708,.F.);
#1188=ORIENTED_EDGE('',*,*,#846,.F.);
#1189=ORIENTED_EDGE('',*,*,#752,.F.);
#1190=ORIENTED_EDGE('',*,*,#746,.F.);
#1191=ORIENTED_EDGE('',*,*,#749,.F.);
#1192=ORIENTED_EDGE('',*,*,#739,.F.);
#1193=ORIENTED_EDGE('',*,*,#734,.F.);
#1194=ORIENTED_EDGE('',*,*,#726,.F.);
#1195=ORIENTED_EDGE('',*,*,#782,.F.);
#1196=ORIENTED_EDGE('',*,*,#705,.F.);
#1197=CONICAL_SURFACE('',#1308,1.5,1.02974425867665);
#1198=CONICAL_SURFACE('',#1316,1.5,1.02974425867665);
#1199=CONICAL_SURFACE('',#1324,1.5,1.02974425867665);
#1200=CONICAL_SURFACE('',#1451,1.5,1.02974425867665);
#1201=CONICAL_SURFACE('',#1460,1.5,1.02974425867665);
#1202=ADVANCED_FACE('',(#120),#1197,.F.);
#1203=ADVANCED_FACE('',(#121,#77),#96,.T.);
#1204=ADVANCED_FACE('',(#122),#35,.F.);
#1205=ADVANCED_FACE('',(#123),#36,.F.);
#1206=ADVANCED_FACE('',(#124),#1198,.F.);
#1207=ADVANCED_FACE('',(#125,#78),#97,.T.);
#1208=ADVANCED_FACE('',(#126),#37,.F.);
#1209=ADVANCED_FACE('',(#127),#38,.F.);
#1210=ADVANCED_FACE('',(#128),#1199,.F.);
#1211=ADVANCED_FACE('',(#129,#79),#98,.T.);
#1212=ADVANCED_FACE('',(#130),#39,.F.);
#1213=ADVANCED_FACE('',(#131),#40,.F.);
#1214=ADVANCED_FACE('',(#132),#27,.T.);
#1215=ADVANCED_FACE('',(#133),#23,.T.);
#1216=ADVANCED_FACE('',(#134),#28,.T.);
#1217=ADVANCED_FACE('',(#135),#24,.T.);
#1218=ADVANCED_FACE('',(#136),#41,.T.);
#1219=ADVANCED_FACE('',(#137),#42,.T.);
#1220=ADVANCED_FACE('',(#138),#29,.T.);
#1221=ADVANCED_FACE('',(#139),#30,.T.);
#1222=ADVANCED_FACE('',(#140),#43,.T.);
#1223=ADVANCED_FACE('',(#141),#31,.T.);
#1224=ADVANCED_FACE('',(#142),#44,.T.);
#1225=ADVANCED_FACE('',(#143),#32,.T.);
#1226=ADVANCED_FACE('',(#144),#33,.T.);
#1227=ADVANCED_FACE('',(#145),#45,.T.);
#1228=ADVANCED_FACE('',(#146),#34,.T.);
#1229=ADVANCED_FACE('',(#147),#46,.T.);
#1230=ADVANCED_FACE('',(#148),#25,.T.);
#1231=ADVANCED_FACE('',(#149),#26,.T.);
#1232=ADVANCED_FACE('',(#150),#47,.T.);
#1233=ADVANCED_FACE('',(#151),#48,.T.);
#1234=ADVANCED_FACE('',(#152),#49,.F.);
#1235=ADVANCED_FACE('',(#153),#50,.T.);
#1236=ADVANCED_FACE('',(#154),#51,.T.);
#1237=ADVANCED_FACE('',(#155),#52,.T.);
#1238=ADVANCED_FACE('',(#156),#53,.T.);
#1239=ADVANCED_FACE('',(#157),#54,.T.);
#1240=ADVANCED_FACE('',(#158),#55,.T.);
#1241=ADVANCED_FACE('',(#159),#56,.T.);
#1242=ADVANCED_FACE('',(#160),#57,.T.);
#1243=ADVANCED_FACE('',(#161),#58,.T.);
#1244=ADVANCED_FACE('',(#162),#59,.T.);
#1245=ADVANCED_FACE('',(#163),#60,.T.);
#1246=ADVANCED_FACE('',(#164),#61,.T.);
#1247=ADVANCED_FACE('',(#165),#62,.F.);
#1248=ADVANCED_FACE('',(#166),#63,.T.);
#1249=ADVANCED_FACE('',(#167),#64,.T.);
#1250=ADVANCED_FACE('',(#168),#65,.T.);
#1251=ADVANCED_FACE('',(#169),#66,.T.);
#1252=ADVANCED_FACE('',(#170),#67,.T.);
#1253=ADVANCED_FACE('',(#171),#68,.T.);
#1254=ADVANCED_FACE('',(#172,#80),#99,.T.);
#1255=ADVANCED_FACE('',(#173,#81),#100,.T.);
#1256=ADVANCED_FACE('',(#174),#101,.F.);
#1257=ADVANCED_FACE('',(#175),#102,.T.);
#1258=ADVANCED_FACE('',(#176,#82,#83),#103,.T.);
#1259=ADVANCED_FACE('',(#177),#104,.T.);
#1260=ADVANCED_FACE('',(#178),#105,.T.);
#1261=ADVANCED_FACE('',(#179),#106,.T.);
#1262=ADVANCED_FACE('',(#180),#69,.F.);
#1263=ADVANCED_FACE('',(#181),#70,.F.);
#1264=ADVANCED_FACE('',(#182),#71,.F.);
#1265=ADVANCED_FACE('',(#183),#72,.F.);
#1266=ADVANCED_FACE('',(#184,#84,#85),#107,.F.);
#1267=ADVANCED_FACE('',(#185),#108,.F.);
#1268=ADVANCED_FACE('',(#186,#86,#87),#109,.F.);
#1269=ADVANCED_FACE('',(#187),#110,.F.);
#1270=ADVANCED_FACE('',(#188),#111,.F.);
#1271=ADVANCED_FACE('',(#189),#1200,.F.);
#1272=ADVANCED_FACE('',(#190,#88),#112,.F.);
#1273=ADVANCED_FACE('',(#191),#73,.F.);
#1274=ADVANCED_FACE('',(#192),#74,.F.);
#1275=ADVANCED_FACE('',(#193),#113,.F.);
#1276=ADVANCED_FACE('',(#194,#89,#90,#91),#114,.T.);
#1277=ADVANCED_FACE('',(#195),#1201,.F.);
#1278=ADVANCED_FACE('',(#196,#92),#115,.T.);
#1279=ADVANCED_FACE('',(#197),#75,.F.);
#1280=ADVANCED_FACE('',(#198),#76,.F.);
#1281=ADVANCED_FACE('',(#199),#116,.T.);
#1282=ADVANCED_FACE('',(#200,#93,#94),#117,.T.);
#1283=ADVANCED_FACE('',(#201,#95),#118,.T.);
#1284=ADVANCED_FACE('',(#202),#119,.F.);
#1285=CLOSED_SHELL('',(#1202,#1203,#1204,#1205,#1206,#1207,#1208,#1209,
#1210,#1211,#1212,#1213,#1214,#1215,#1216,#1217,#1218,#1219,#1220,#1221,
#1222,#1223,#1224,#1225,#1226,#1227,#1228,#1229,#1230,#1231,#1232,#1233,
#1234,#1235,#1236,#1237,#1238,#1239,#1240,#1241,#1242,#1243,#1244,#1245,
#1246,#1247,#1248,#1249,#1250,#1251,#1252,#1253,#1254,#1255,#1256,#1257,
#1258,#1259,#1260,#1261,#1262,#1263,#1264,#1265,#1266,#1267,#1268,#1269,
#1270,#1271,#1272,#1273,#1274,#1275,#1276,#1277,#1278,#1279,#1280,#1281,
#1282,#1283,#1284));
#1286=DERIVED_UNIT_ELEMENT(#1289,1.);
#1287=DERIVED_UNIT_ELEMENT(#2263,-3.);
#1288=DIMENSIONAL_EXPONENTS(0.,1.,0.,0.,0.,0.,0.);
#1289=(
CONVERSION_BASED_UNIT('gram',#1291)
MASS_UNIT()
NAMED_UNIT(#1288)
);
#1290=(
MASS_UNIT()
NAMED_UNIT(*)
SI_UNIT(.KILO.,.GRAM.)
);
#1291=MASS_MEASURE_WITH_UNIT(MASS_MEASURE(0.001),#1290);
#1292=DERIVED_UNIT((#1286,#1287));
#1293=MEASURE_REPRESENTATION_ITEM('density measure',
POSITIVE_RATIO_MEASURE(1.),#1292);
#1294=PROPERTY_DEFINITION_REPRESENTATION(#1299,#1296);
#1295=PROPERTY_DEFINITION_REPRESENTATION(#1300,#1297);
#1296=REPRESENTATION('material name',(#1298),#2260);
#1297=REPRESENTATION('density',(#1293),#2260);
#1298=DESCRIPTIVE_REPRESENTATION_ITEM('Generic','Generic');
#1299=PROPERTY_DEFINITION('material property','material name',#2270);
#1300=PROPERTY_DEFINITION('material property','density of part',#2270);
#1301=DATE_TIME_ROLE('creation_date');
#1302=APPLIED_DATE_AND_TIME_ASSIGNMENT(#1303,#1301,(#2270));
#1303=DATE_AND_TIME(#1304,#1305);
#1304=CALENDAR_DATE(2026,18,4);
#1305=LOCAL_TIME(0,0,0.,#1306);
#1306=COORDINATED_UNIVERSAL_TIME_OFFSET(0,0,.BEHIND.);
#1307=AXIS2_PLACEMENT_3D('',#1894,#1471,#1472);
#1308=AXIS2_PLACEMENT_3D('',#1895,#1473,#1474);
#1309=AXIS2_PLACEMENT_3D('',#1897,#1475,#1476);
#1310=AXIS2_PLACEMENT_3D('',#1900,#1478,#1479);
#1311=AXIS2_PLACEMENT_3D('',#1902,#1480,#1481);
#1312=AXIS2_PLACEMENT_3D('',#1904,#1482,#1483);
#1313=AXIS2_PLACEMENT_3D('',#1905,#1484,#1485);
#1314=AXIS2_PLACEMENT_3D('',#1907,#1486,#1487);
#1315=AXIS2_PLACEMENT_3D('',#1909,#1489,#1490);
#1316=AXIS2_PLACEMENT_3D('',#1911,#1492,#1493);
#1317=AXIS2_PLACEMENT_3D('',#1913,#1494,#1495);
#1318=AXIS2_PLACEMENT_3D('',#1916,#1497,#1498);
#1319=AXIS2_PLACEMENT_3D('',#1918,#1499,#1500);
#1320=AXIS2_PLACEMENT_3D('',#1920,#1501,#1502);
#1321=AXIS2_PLACEMENT_3D('',#1921,#1503,#1504);
#1322=AXIS2_PLACEMENT_3D('',#1923,#1505,#1506);
#1323=AXIS2_PLACEMENT_3D('',#1925,#1508,#1509);
#1324=AXIS2_PLACEMENT_3D('',#1927,#1511,#1512);
#1325=AXIS2_PLACEMENT_3D('',#1929,#1513,#1514);
#1326=AXIS2_PLACEMENT_3D('',#1932,#1516,#1517);
#1327=AXIS2_PLACEMENT_3D('',#1934,#1518,#1519);
#1328=AXIS2_PLACEMENT_3D('',#1936,#1520,#1521);
#1329=AXIS2_PLACEMENT_3D('',#1937,#1522,#1523);
#1330=AXIS2_PLACEMENT_3D('',#1939,#1524,#1525);
#1331=AXIS2_PLACEMENT_3D('',#1941,#1527,#1528);
#1332=AXIS2_PLACEMENT_3D('',#1943,#1530,#1531);
#1333=AXIS2_PLACEMENT_3D('',#1946,#1532,#1533);
#1334=AXIS2_PLACEMENT_3D('',#1948,#1534,#1535);
#1335=AXIS2_PLACEMENT_3D('',#1949,#1536,#1537);
#1336=AXIS2_PLACEMENT_3D('',#1950,#1538,#1539);
#1337=AXIS2_PLACEMENT_3D('',#1953,#1540,#1541);
#1338=AXIS2_PLACEMENT_3D('',#1955,#1542,#1543);
#1339=AXIS2_PLACEMENT_3D('',#1957,#1544,#1545);
#1340=AXIS2_PLACEMENT_3D('',#1958,#1546,#1547);
#1341=AXIS2_PLACEMENT_3D('',#1959,#1548,#1549);
#1342=AXIS2_PLACEMENT_3D('',#1962,#1550,#1551);
#1343=AXIS2_PLACEMENT_3D('',#1964,#1552,#1553);
#1344=AXIS2_PLACEMENT_3D('',#1965,#1554,#1555);
#1345=AXIS2_PLACEMENT_3D('',#1966,#1556,#1557);
#1346=AXIS2_PLACEMENT_3D('',#1969,#1558,#1559);
#1347=AXIS2_PLACEMENT_3D('',#1971,#1560,#1561);
#1348=AXIS2_PLACEMENT_3D('',#1973,#1562,#1563);
#1349=AXIS2_PLACEMENT_3D('',#1974,#1564,#1565);
#1350=AXIS2_PLACEMENT_3D('',#1975,#1566,#1567);
#1351=AXIS2_PLACEMENT_3D('',#1978,#1568,#1569);
#1352=AXIS2_PLACEMENT_3D('',#1981,#1572,#1573);
#1353=AXIS2_PLACEMENT_3D('',#1986,#1575,#1576);
#1354=AXIS2_PLACEMENT_3D('',#1989,#1578,#1579);
#1355=AXIS2_PLACEMENT_3D('',#1990,#1580,#1581);
#1356=AXIS2_PLACEMENT_3D('',#1993,#1582,#1583);
#1357=AXIS2_PLACEMENT_3D('',#1995,#1584,#1585);
#1358=AXIS2_PLACEMENT_3D('',#1996,#1586,#1587);
#1359=AXIS2_PLACEMENT_3D('',#1997,#1588,#1589);
#1360=AXIS2_PLACEMENT_3D('',#2000,#1590,#1591);
#1361=AXIS2_PLACEMENT_3D('',#2002,#1592,#1593);
#1362=AXIS2_PLACEMENT_3D('',#2003,#1594,#1595);
#1363=AXIS2_PLACEMENT_3D('',#2004,#1596,#1597);
#1364=AXIS2_PLACEMENT_3D('',#2007,#1600,#1601);
#1365=AXIS2_PLACEMENT_3D('',#2010,#1602,#1603);
#1366=AXIS2_PLACEMENT_3D('',#2012,#1604,#1605);
#1367=AXIS2_PLACEMENT_3D('',#2013,#1606,#1607);
#1368=AXIS2_PLACEMENT_3D('',#2014,#1608,#1609);
#1369=AXIS2_PLACEMENT_3D('',#2017,#1612,#1613);
#1370=AXIS2_PLACEMENT_3D('',#2020,#1614,#1615);
#1371=AXIS2_PLACEMENT_3D('',#2022,#1616,#1617);
#1372=AXIS2_PLACEMENT_3D('',#2023,#1618,#1619);
#1373=AXIS2_PLACEMENT_3D('',#2024,#1620,#1621);
#1374=AXIS2_PLACEMENT_3D('',#2027,#1622,#1623);
#1375=AXIS2_PLACEMENT_3D('',#2029,#1624,#1625);
#1376=AXIS2_PLACEMENT_3D('',#2030,#1626,#1627);
#1377=AXIS2_PLACEMENT_3D('',#2031,#1628,#1629);
#1378=AXIS2_PLACEMENT_3D('',#2034,#1632,#1633);
#1379=AXIS2_PLACEMENT_3D('',#2037,#1634,#1635);
#1380=AXIS2_PLACEMENT_3D('',#2039,#1636,#1637);
#1381=AXIS2_PLACEMENT_3D('',#2040,#1638,#1639);
#1382=AXIS2_PLACEMENT_3D('',#2041,#1640,#1641);
#1383=AXIS2_PLACEMENT_3D('',#2044,#1644,#1645);
#1384=AXIS2_PLACEMENT_3D('',#2047,#1646,#1647);
#1385=AXIS2_PLACEMENT_3D('',#2049,#1648,#1649);
#1386=AXIS2_PLACEMENT_3D('',#2051,#1650,#1651);
#1387=AXIS2_PLACEMENT_3D('',#2052,#1652,#1653);
#1388=AXIS2_PLACEMENT_3D('',#2053,#1654,#1655);
#1389=AXIS2_PLACEMENT_3D('',#2056,#1656,#1657);
#1390=AXIS2_PLACEMENT_3D('',#2058,#1658,#1659);
#1391=AXIS2_PLACEMENT_3D('',#2060,#1660,#1661);
#1392=AXIS2_PLACEMENT_3D('',#2061,#1662,#1663);
#1393=AXIS2_PLACEMENT_3D('',#2062,#1664,#1665);
#1394=AXIS2_PLACEMENT_3D('',#2065,#1668,#1669);
#1395=AXIS2_PLACEMENT_3D('',#2068,#1670,#1671);
#1396=AXIS2_PLACEMENT_3D('',#2071,#1674,#1675);
#1397=AXIS2_PLACEMENT_3D('',#2074,#1678,#1679);
#1398=AXIS2_PLACEMENT_3D('',#2077,#1680,#1681);
#1399=AXIS2_PLACEMENT_3D('',#2080,#1684,#1685);
#1400=AXIS2_PLACEMENT_3D('',#2085,#1688,#1689);
#1401=AXIS2_PLACEMENT_3D('',#2086,#1690,#1691);
#1402=AXIS2_PLACEMENT_3D('',#2091,#1694,#1695);
#1403=AXIS2_PLACEMENT_3D('',#2092,#1696,#1697);
#1404=AXIS2_PLACEMENT_3D('',#2095,#1700,#1701);
#1405=AXIS2_PLACEMENT_3D('',#2098,#1704,#1705);
#1406=AXIS2_PLACEMENT_3D('',#2103,#1708,#1709);
#1407=AXIS2_PLACEMENT_3D('',#2104,#1710,#1711);
#1408=AXIS2_PLACEMENT_3D('',#2107,#1714,#1715);
#1409=AXIS2_PLACEMENT_3D('',#2110,#1718,#1719);
#1410=AXIS2_PLACEMENT_3D('',#2115,#1722,#1723);
#1411=AXIS2_PLACEMENT_3D('',#2116,#1724,#1725);
#1412=AXIS2_PLACEMENT_3D('',#2121,#1728,#1729);
#1413=AXIS2_PLACEMENT_3D('',#2122,#1730,#1731);
#1414=AXIS2_PLACEMENT_3D('',#2125,#1734,#1735);
#1415=AXIS2_PLACEMENT_3D('',#2128,#1738,#1739);
#1416=AXIS2_PLACEMENT_3D('',#2131,#1742,#1743);
#1417=AXIS2_PLACEMENT_3D('',#2134,#1746,#1747);
#1418=AXIS2_PLACEMENT_3D('',#2137,#1750,#1751);
#1419=AXIS2_PLACEMENT_3D('',#2140,#1754,#1755);
#1420=AXIS2_PLACEMENT_3D('',#2145,#1758,#1759);
#1421=AXIS2_PLACEMENT_3D('',#2146,#1760,#1761);
#1422=AXIS2_PLACEMENT_3D('',#2149,#1762,#1763);
#1423=AXIS2_PLACEMENT_3D('',#2152,#1766,#1767);
#1424=AXIS2_PLACEMENT_3D('',#2155,#1770,#1771);
#1425=AXIS2_PLACEMENT_3D('',#2158,#1773,#1774);
#1426=AXIS2_PLACEMENT_3D('',#2159,#1775,#1776);
#1427=AXIS2_PLACEMENT_3D('',#2162,#1778,#1779);
#1428=AXIS2_PLACEMENT_3D('',#2163,#1780,#1781);
#1429=AXIS2_PLACEMENT_3D('',#2165,#1783,#1784);
#1430=AXIS2_PLACEMENT_3D('',#2167,#1786,#1787);
#1431=AXIS2_PLACEMENT_3D('',#2170,#1789,#1790);
#1432=AXIS2_PLACEMENT_3D('',#2172,#1791,#1792);
#1433=AXIS2_PLACEMENT_3D('',#2173,#1793,#1794);
#1434=AXIS2_PLACEMENT_3D('',#2174,#1795,#1796);
#1435=AXIS2_PLACEMENT_3D('',#2175,#1797,#1798);
#1436=AXIS2_PLACEMENT_3D('',#2176,#1799,#1800);
#1437=AXIS2_PLACEMENT_3D('',#2179,#1802,#1803);
#1438=AXIS2_PLACEMENT_3D('',#2180,#1804,#1805);
#1439=AXIS2_PLACEMENT_3D('',#2182,#1806,#1807);
#1440=AXIS2_PLACEMENT_3D('',#2185,#1809,#1810);
#1441=AXIS2_PLACEMENT_3D('',#2186,#1811,#1812);
#1442=AXIS2_PLACEMENT_3D('',#2189,#1814,#1815);
#1443=AXIS2_PLACEMENT_3D('',#2190,#1816,#1817);
#1444=AXIS2_PLACEMENT_3D('',#2192,#1818,#1819);
#1445=AXIS2_PLACEMENT_3D('',#2195,#1821,#1822);
#1446=AXIS2_PLACEMENT_3D('',#2196,#1823,#1824);
#1447=AXIS2_PLACEMENT_3D('',#2205,#1829,#1830);
#1448=AXIS2_PLACEMENT_3D('',#2211,#1834,#1835);
#1449=AXIS2_PLACEMENT_3D('',#2217,#1839,#1840);
#1450=AXIS2_PLACEMENT_3D('',#2220,#1843,#1844);
#1451=AXIS2_PLACEMENT_3D('',#2221,#1845,#1846);
#1452=AXIS2_PLACEMENT_3D('',#2223,#1847,#1848);
#1453=AXIS2_PLACEMENT_3D('',#2226,#1850,#1851);
#1454=AXIS2_PLACEMENT_3D('',#2228,#1852,#1853);
#1455=AXIS2_PLACEMENT_3D('',#2230,#1854,#1855);
#1456=AXIS2_PLACEMENT_3D('',#2231,#1856,#1857);
#1457=AXIS2_PLACEMENT_3D('',#2233,#1859,#1860);
#1458=AXIS2_PLACEMENT_3D('',#2235,#1862,#1863);
#1459=AXIS2_PLACEMENT_3D('',#2236,#1864,#1865);
#1460=AXIS2_PLACEMENT_3D('',#2238,#1867,#1868);
#1461=AXIS2_PLACEMENT_3D('',#2240,#1869,#1870);
#1462=AXIS2_PLACEMENT_3D('',#2243,#1872,#1873);
#1463=AXIS2_PLACEMENT_3D('',#2245,#1874,#1875);
#1464=AXIS2_PLACEMENT_3D('',#2247,#1876,#1877);
#1465=AXIS2_PLACEMENT_3D('',#2248,#1878,#1879);
#1466=AXIS2_PLACEMENT_3D('',#2250,#1881,#1882);
#1467=AXIS2_PLACEMENT_3D('',#2252,#1884,#1885);
#1468=AXIS2_PLACEMENT_3D('',#2253,#1886,#1887);
#1469=AXIS2_PLACEMENT_3D('',#2255,#1889,#1890);
#1470=AXIS2_PLACEMENT_3D('',#2257,#1892,#1893);
#1471=DIRECTION('axis',(0.,0.,1.));
#1472=DIRECTION('refdir',(1.,0.,0.));
#1473=DIRECTION('center_axis',(0.,1.,0.));
#1474=DIRECTION('ref_axis',(1.,0.,0.));
#1475=DIRECTION('center_axis',(0.,1.,0.));
#1476=DIRECTION('ref_axis',(1.,0.,0.));
#1477=DIRECTION('',(0.857167300702112,-0.515038074910054,-1.04972719113862E-16));
#1478=DIRECTION('center_axis',(0.,1.,0.));
#1479=DIRECTION('ref_axis',(1.,0.,0.));
#1480=DIRECTION('center_axis',(0.,1.,0.));
#1481=DIRECTION('ref_axis',(1.,0.,0.));
#1482=DIRECTION('center_axis',(0.,1.,0.));
#1483=DIRECTION('ref_axis',(1.,0.,0.));
#1484=DIRECTION('center_axis',(0.,1.,0.));
#1485=DIRECTION('ref_axis',(1.,0.,0.));
#1486=DIRECTION('center_axis',(0.,-1.,0.));
#1487=DIRECTION('ref_axis',(1.,0.,0.));
#1488=DIRECTION('',(0.,-1.,0.));
#1489=DIRECTION('center_axis',(0.,1.,0.));
#1490=DIRECTION('ref_axis',(1.,0.,0.));
#1491=DIRECTION('',(0.,-1.,0.));
#1492=DIRECTION('center_axis',(0.,1.,0.));
#1493=DIRECTION('ref_axis',(1.,0.,0.));
#1494=DIRECTION('center_axis',(0.,1.,0.));
#1495=DIRECTION('ref_axis',(1.,0.,0.));
#1496=DIRECTION('',(0.857167300702112,-0.515038074910054,-1.04972719113862E-16));
#1497=DIRECTION('center_axis',(0.,1.,0.));
#1498=DIRECTION('ref_axis',(1.,0.,0.));
#1499=DIRECTION('center_axis',(0.,1.,0.));
#1500=DIRECTION('ref_axis',(1.,0.,0.));
#1501=DIRECTION('center_axis',(0.,1.,0.));
#1502=DIRECTION('ref_axis',(1.,0.,0.));
#1503=DIRECTION('center_axis',(0.,1.,0.));
#1504=DIRECTION('ref_axis',(1.,0.,0.));
#1505=DIRECTION('center_axis',(0.,-1.,0.));
#1506=DIRECTION('ref_axis',(1.,0.,0.));
#1507=DIRECTION('',(0.,-1.,0.));
#1508=DIRECTION('center_axis',(0.,1.,0.));
#1509=DIRECTION('ref_axis',(1.,0.,0.));
#1510=DIRECTION('',(0.,-1.,0.));
#1511=DIRECTION('center_axis',(0.,1.,0.));
#1512=DIRECTION('ref_axis',(1.,0.,0.));
#1513=DIRECTION('center_axis',(0.,1.,0.));
#1514=DIRECTION('ref_axis',(1.,0.,0.));
#1515=DIRECTION('',(0.857167300702112,-0.515038074910054,-1.04972719113862E-16));
#1516=DIRECTION('center_axis',(0.,1.,0.));
#1517=DIRECTION('ref_axis',(1.,0.,0.));
#1518=DIRECTION('center_axis',(0.,1.,0.));
#1519=DIRECTION('ref_axis',(1.,0.,0.));
#1520=DIRECTION('center_axis',(0.,1.,0.));
#1521=DIRECTION('ref_axis',(1.,0.,0.));
#1522=DIRECTION('center_axis',(0.,1.,0.));
#1523=DIRECTION('ref_axis',(1.,0.,0.));
#1524=DIRECTION('center_axis',(0.,-1.,0.));
#1525=DIRECTION('ref_axis',(1.,0.,0.));
#1526=DIRECTION('',(0.,-1.,0.));
#1527=DIRECTION('center_axis',(0.,1.,0.));
#1528=DIRECTION('ref_axis',(1.,0.,0.));
#1529=DIRECTION('',(0.,-1.,0.));
#1530=DIRECTION('center_axis',(0.408248290463862,0.408248290463861,-0.816496580927727));
#1531=DIRECTION('ref_axis',(0.577350269189627,0.577350269189626,0.577350269189625));
#1532=DIRECTION('center_axis',(1.,-4.44089209850063E-16,-8.88178419700125E-16));
#1533=DIRECTION('ref_axis',(8.88178419700125E-16,0.,1.));
#1534=DIRECTION('center_axis',(0.,1.,0.));
#1535=DIRECTION('ref_axis',(1.,0.,-3.5527136788005E-15));
#1536=DIRECTION('center_axis',(3.5527136788005E-15,0.,1.));
#1537=DIRECTION('ref_axis',(0.,1.,0.));
#1538=DIRECTION('center_axis',(0.,-1.,0.));
#1539=DIRECTION('ref_axis',(0.,0.,-1.));
#1540=DIRECTION('center_axis',(1.,0.,0.));
#1541=DIRECTION('ref_axis',(0.,0.,-1.));
#1542=DIRECTION('center_axis',(0.,-1.,0.));
#1543=DIRECTION('ref_axis',(-1.,0.,1.77635683940025E-15));
#1544=DIRECTION('center_axis',(-1.77635683940025E-15,0.,-1.));
#1545=DIRECTION('ref_axis',(0.,1.,0.));
#1546=DIRECTION('center_axis',(0.,1.,0.));
#1547=DIRECTION('ref_axis',(-0.707106781186547,0.,0.707106781186548));
#1548=DIRECTION('center_axis',(-0.408248290463862,-0.816496580927725,0.408248290463865));
#1549=DIRECTION('ref_axis',(-0.577350269189625,0.577350269189627,0.577350269189626));
#1550=DIRECTION('center_axis',(0.,0.,1.));
#1551=DIRECTION('ref_axis',(-1.,0.,0.));
#1552=DIRECTION('center_axis',(0.,1.,0.));
#1553=DIRECTION('ref_axis',(8.88178419700125E-16,0.,1.));
#1554=DIRECTION('center_axis',(-1.,0.,0.));
#1555=DIRECTION('ref_axis',(0.,1.,0.));
#1556=DIRECTION('center_axis',(0.,1.,0.));
#1557=DIRECTION('ref_axis',(0.,0.,1.));
#1558=DIRECTION('center_axis',(0.,1.,0.));
#1559=DIRECTION('ref_axis',(0.,0.,1.));
#1560=DIRECTION('center_axis',(1.,0.,0.));
#1561=DIRECTION('ref_axis',(0.,-1.,0.));
#1562=DIRECTION('center_axis',(0.,-1.,0.));
#1563=DIRECTION('ref_axis',(-0.707106781186547,0.,0.707106781186548));
#1564=DIRECTION('center_axis',(-1.77635683940025E-15,0.,-1.));
#1565=DIRECTION('ref_axis',(1.,0.,-1.77635683940025E-15));
#1566=DIRECTION('center_axis',(-1.,0.,4.42964760841772E-16));
#1567=DIRECTION('ref_axis',(0.,-0.707106781186547,-0.707106781186547));
#1568=DIRECTION('center_axis',(-1.,0.,5.9211894646675E-16));
#1569=DIRECTION('ref_axis',(0.,-0.707106781186547,-0.707106781186547));
#1570=DIRECTION('',(-1.,0.,4.42964760841772E-16));
#1571=DIRECTION('',(1.,0.,-4.42964760841772E-16));
#1572=DIRECTION('center_axis',(4.11366847019005E-16,0.,1.));
#1573=DIRECTION('ref_axis',(-0.707106781186547,0.707106781186547,0.));
#1574=DIRECTION('',(4.11366847019005E-16,0.,1.));
#1575=DIRECTION('center_axis',(0.,-0.707106781186549,-0.707106781186546));
#1576=DIRECTION('ref_axis',(-5.81760574164935E-16,0.707106781186546,-0.707106781186549));
#1577=DIRECTION('',(-4.11366847019005E-16,0.,-1.));
#1578=DIRECTION('center_axis',(0.,-0.707106781186548,0.707106781186548));
#1579=DIRECTION('ref_axis',(-5.81760574164936E-16,-0.707106781186547,-0.707106781186547));
#1580=DIRECTION('center_axis',(-0.408248290463862,-0.816496580927727,0.408248290463862));
#1581=DIRECTION('ref_axis',(0.577350269189627,-0.577350269189625,-0.577350269189626));
#1582=DIRECTION('center_axis',(-3.5527136788005E-15,0.,-1.));
#1583=DIRECTION('ref_axis',(0.,-1.,0.));
#1584=DIRECTION('center_axis',(1.,1.77635683940025E-15,0.));
#1585=DIRECTION('ref_axis',(0.,0.,-1.));
#1586=DIRECTION('center_axis',(0.,-1.,0.));
#1587=DIRECTION('ref_axis',(1.,0.,-3.5527136788005E-15));
#1588=DIRECTION('center_axis',(-0.408248290463861,-0.816496580927728,-0.408248290463862));
#1589=DIRECTION('ref_axis',(-0.577350269189625,0.577350269189624,-0.577350269189628));
#1590=DIRECTION('center_axis',(-1.,0.,0.));
#1591=DIRECTION('ref_axis',(0.,0.,-1.));
#1592=DIRECTION('center_axis',(0.,1.,0.));
#1593=DIRECTION('ref_axis',(-1.,0.,0.));
#1594=DIRECTION('center_axis',(-3.5527136788005E-15,0.,-1.));
#1595=DIRECTION('ref_axis',(0.,1.,0.));
#1596=DIRECTION('center_axis',(0.,1.,0.));
#1597=DIRECTION('ref_axis',(-0.707106781186548,0.,-0.707106781186547));
#1598=DIRECTION('',(0.,1.,0.));
#1599=DIRECTION('',(0.,-1.,0.));
#1600=DIRECTION('center_axis',(0.408248290463862,-0.816496580927725,0.408248290463865));
#1601=DIRECTION('ref_axis',(-0.577350269189625,-0.577350269189627,-0.577350269189626));
#1602=DIRECTION('center_axis',(0.,-1.,0.));
#1603=DIRECTION('ref_axis',(-4.44089209850063E-16,0.,-1.));
#1604=DIRECTION('center_axis',(-1.,0.,0.));
#1605=DIRECTION('ref_axis',(0.,-1.,0.));
#1606=DIRECTION('center_axis',(0.,0.,-1.));
#1607=DIRECTION('ref_axis',(-1.,0.,0.));
#1608=DIRECTION('center_axis',(-1.,0.,5.9211894646675E-16));
#1609=DIRECTION('ref_axis',(0.,-0.707106781186547,-0.707106781186547));
#1610=DIRECTION('',(1.,0.,-5.9211894646675E-16));
#1611=DIRECTION('',(-1.,0.,5.9211894646675E-16));
#1612=DIRECTION('center_axis',(0.408248290463863,-0.816496580927726,-0.408248290463862));
#1613=DIRECTION('ref_axis',(0.577350269189626,0.577350269189626,-0.577350269189626));
#1614=DIRECTION('center_axis',(0.,0.,-1.));
#1615=DIRECTION('ref_axis',(1.,0.,0.));
#1616=DIRECTION('center_axis',(0.,1.,0.));
#1617=DIRECTION('ref_axis',(0.,0.,-1.));
#1618=DIRECTION('center_axis',(1.,0.,0.));
#1619=DIRECTION('ref_axis',(0.,1.,0.));
#1620=DIRECTION('center_axis',(0.408248290463859,-0.816496580927727,-0.408248290463865));
#1621=DIRECTION('ref_axis',(-0.577350269189623,-0.577350269189624,0.577350269189631));
#1622=DIRECTION('center_axis',(0.,-1.,0.));
#1623=DIRECTION('ref_axis',(-1.,0.,0.));
#1624=DIRECTION('center_axis',(7.10542735760101E-15,0.,1.));
#1625=DIRECTION('ref_axis',(0.,-1.,0.));
#1626=DIRECTION('center_axis',(-1.,8.88178419700125E-16,8.88178419700122E-16));
#1627=DIRECTION('ref_axis',(8.88178419700122E-16,0.,1.));
#1628=DIRECTION('center_axis',(4.11366847019005E-16,0.,1.));
#1629=DIRECTION('ref_axis',(-0.707106781186547,-0.707106781186547,0.));
#1630=DIRECTION('',(-4.11366847019005E-16,0.,-1.));
#1631=DIRECTION('',(4.11366847019005E-16,0.,1.));
#1632=DIRECTION('center_axis',(-0.40824829046386,-0.816496580927726,-0.408248290463865));
#1633=DIRECTION('ref_axis',(0.577350269189624,-0.577350269189625,0.577350269189628));
#1634=DIRECTION('center_axis',(0.,-1.,0.));
#1635=DIRECTION('ref_axis',(4.44089209850064E-16,0.,1.));
#1636=DIRECTION('center_axis',(1.,0.,4.44089209850061E-16));
#1637=DIRECTION('ref_axis',(0.,-1.,0.));
#1638=DIRECTION('center_axis',(0.,-3.5527136788005E-15,1.));
#1639=DIRECTION('ref_axis',(1.,0.,0.));
#1640=DIRECTION('center_axis',(1.,0.,-5.9211894646675E-16));
#1641=DIRECTION('ref_axis',(1.25607396694702E-15,-0.707106781186547,0.707106781186547));
#1642=DIRECTION('',(-1.,0.,5.9211894646675E-16));
#1643=DIRECTION('',(1.,0.,-5.9211894646675E-16));
#1644=DIRECTION('center_axis',(0.,-1.,-8.88178419700125E-16));
#1645=DIRECTION('ref_axis',(0.,9.473903143468E-16,-1.));
#1646=DIRECTION('center_axis',(-1.77635683940025E-15,-8.88178419700125E-16,
1.));
#1647=DIRECTION('ref_axis',(1.,0.,1.77635683940025E-15));
#1648=DIRECTION('center_axis',(0.,-1.,0.));
#1649=DIRECTION('ref_axis',(0.,0.,-1.));
#1650=DIRECTION('center_axis',(1.,0.,0.));
#1651=DIRECTION('ref_axis',(0.,1.,0.));
#1652=DIRECTION('center_axis',(0.,1.,0.));
#1653=DIRECTION('ref_axis',(-0.707106781186547,0.,-0.707106781186547));
#1654=DIRECTION('center_axis',(0.,1.,0.));
#1655=DIRECTION('ref_axis',(0.,0.,1.));
#1656=DIRECTION('center_axis',(0.,1.,0.));
#1657=DIRECTION('ref_axis',(-1.,0.,-8.88178419700125E-16));
#1658=DIRECTION('center_axis',(-8.88178419700126E-16,0.,1.));
#1659=DIRECTION('ref_axis',(0.,-1.,0.));
#1660=DIRECTION('center_axis',(0.,-1.,0.));
#1661=DIRECTION('ref_axis',(-0.707106781186547,0.,-0.707106781186547));
#1662=DIRECTION('center_axis',(1.,0.,0.));
#1663=DIRECTION('ref_axis',(0.,0.,1.));
#1664=DIRECTION('center_axis',(9.84486923041103E-16,0.,-1.));
#1665=DIRECTION('ref_axis',(0.707106781186547,-0.707106781186548,2.51214793389404E-15));
#1666=DIRECTION('',(-9.84486923041103E-16,0.,1.));
#1667=DIRECTION('',(9.84486923041103E-16,0.,-1.));
#1668=DIRECTION('center_axis',(1.,0.,-4.08890548469328E-16));
#1669=DIRECTION('ref_axis',(0.,-0.707106781186547,0.707106781186548));
#1670=DIRECTION('center_axis',(-1.,0.,5.9211894646675E-16));
#1671=DIRECTION('ref_axis',(0.,-0.707106781186547,0.707106781186548));
#1672=DIRECTION('',(-1.,0.,4.08890548469328E-16));
#1673=DIRECTION('',(1.,0.,-4.08890548469328E-16));
#1674=DIRECTION('center_axis',(0.,1.,0.));
#1675=DIRECTION('ref_axis',(-0.707106781186547,0.,-0.707106781186548));
#1676=DIRECTION('',(0.,-1.,0.));
#1677=DIRECTION('',(0.,1.,0.));
#1678=DIRECTION('center_axis',(1.,0.,-4.08890548469328E-16));
#1679=DIRECTION('ref_axis',(0.,0.707106781186547,0.707106781186548));
#1680=DIRECTION('center_axis',(-1.,0.,5.9211894646675E-16));
#1681=DIRECTION('ref_axis',(0.,0.707106781186547,0.707106781186548));
#1682=DIRECTION('',(-1.,0.,4.08890548469328E-16));
#1683=DIRECTION('',(1.,0.,-4.08890548469328E-16));
#1684=DIRECTION('center_axis',(9.84486923041103E-16,0.,-1.));
#1685=DIRECTION('ref_axis',(0.707106781186547,0.707106781186547,2.51214793389404E-15));
#1686=DIRECTION('',(9.84486923041103E-16,0.,-1.));
#1687=DIRECTION('',(-9.84486923041103E-16,0.,1.));
#1688=DIRECTION('center_axis',(0.,-0.707106781186548,-0.707106781186548));
#1689=DIRECTION('ref_axis',(-1.39227475854368E-15,-0.707106781186547,0.707106781186547));
#1690=DIRECTION('center_axis',(0.,1.,0.));
#1691=DIRECTION('ref_axis',(0.707106781186547,0.,0.707106781186547));
#1692=DIRECTION('',(0.,-1.,0.));
#1693=DIRECTION('',(0.,1.,0.));
#1694=DIRECTION('center_axis',(0.,-0.707106781186546,0.707106781186549));
#1695=DIRECTION('ref_axis',(0.,-0.707106781186549,-0.707106781186546));
#1696=DIRECTION('center_axis',(0.,1.,0.));
#1697=DIRECTION('ref_axis',(0.707106781186547,0.,-0.707106781186547));
#1698=DIRECTION('',(0.,1.,0.));
#1699=DIRECTION('',(0.,-1.,0.));
#1700=DIRECTION('center_axis',(9.84486923041103E-16,0.,-1.));
#1701=DIRECTION('ref_axis',(0.707106781186547,0.707106781186547,0.));
#1702=DIRECTION('',(9.84486923041103E-16,0.,-1.));
#1703=DIRECTION('',(-9.84486923041103E-16,0.,1.));
#1704=DIRECTION('center_axis',(0.,1.,0.));
#1705=DIRECTION('ref_axis',(-0.707106781186547,0.,0.707106781186548));
#1706=DIRECTION('',(0.,-1.,0.));
#1707=DIRECTION('',(0.,1.,0.));
#1708=DIRECTION('center_axis',(0.,-0.707106781186546,0.707106781186549));
#1709=DIRECTION('ref_axis',(0.,-0.707106781186549,-0.707106781186546));
#1710=DIRECTION('center_axis',(-1.,0.,0.));
#1711=DIRECTION('ref_axis',(0.,0.707106781186547,-0.707106781186547));
#1712=DIRECTION('',(1.,0.,0.));
#1713=DIRECTION('',(-1.,0.,0.));
#1714=DIRECTION('center_axis',(4.11366847019005E-16,0.,1.));
#1715=DIRECTION('ref_axis',(-0.707106781186547,0.707106781186547,3.14018491736755E-16));
#1716=DIRECTION('',(-4.11366847019005E-16,0.,-1.));
#1717=DIRECTION('',(4.11366847019005E-16,0.,1.));
#1718=DIRECTION('center_axis',(0.,1.,0.));
#1719=DIRECTION('ref_axis',(-0.707106781186548,0.,-0.707106781186547));
#1720=DIRECTION('',(0.,-1.,0.));
#1721=DIRECTION('',(0.,1.,0.));
#1722=DIRECTION('center_axis',(0.,-0.707106781186545,-0.70710678118655));
#1723=DIRECTION('ref_axis',(0.,-0.70710678118655,0.707106781186545));
#1724=DIRECTION('center_axis',(0.,1.,0.));
#1725=DIRECTION('ref_axis',(0.707106781186545,0.,-0.70710678118655));
#1726=DIRECTION('',(0.,-1.,0.));
#1727=DIRECTION('',(0.,1.,0.));
#1728=DIRECTION('center_axis',(-2.51214793389405E-15,-0.707106781186545,
-0.70710678118655));
#1729=DIRECTION('ref_axis',(2.51214793389403E-15,-0.70710678118655,0.707106781186545));
#1730=DIRECTION('center_axis',(-1.81916061866291E-15,0.,-1.));
#1731=DIRECTION('ref_axis',(0.707106781186547,-0.707106781186548,-1.25607396694702E-15));
#1732=DIRECTION('',(1.81916061866291E-15,0.,1.));
#1733=DIRECTION('',(-1.81916061866291E-15,0.,-1.));
#1734=DIRECTION('center_axis',(-4.11366847019005E-16,0.,-1.));
#1735=DIRECTION('ref_axis',(-0.707106781186547,0.707106781186547,0.));
#1736=DIRECTION('',(4.11366847019005E-16,0.,1.));
#1737=DIRECTION('',(-4.11366847019005E-16,0.,-1.));
#1738=DIRECTION('center_axis',(0.,1.,0.));
#1739=DIRECTION('ref_axis',(-0.707106781186547,0.,0.707106781186548));
#1740=DIRECTION('',(0.,-1.,0.));
#1741=DIRECTION('',(0.,1.,0.));
#1742=DIRECTION('center_axis',(1.81916061866291E-15,0.,1.));
#1743=DIRECTION('ref_axis',(0.707106781186547,0.707106781186547,-2.51214793389404E-15));
#1744=DIRECTION('',(1.81916061866291E-15,0.,1.));
#1745=DIRECTION('',(-1.81916061866291E-15,0.,-1.));
#1746=DIRECTION('center_axis',(0.,1.,0.));
#1747=DIRECTION('ref_axis',(-0.707106781186547,0.,0.707106781186548));
#1748=DIRECTION('',(0.,1.,0.));
#1749=DIRECTION('',(0.,-1.,0.));
#1750=DIRECTION('center_axis',(-1.,0.,8.17781096938656E-16));
#1751=DIRECTION('ref_axis',(6.2803698347351E-16,0.707106781186547,0.707106781186547));
#1752=DIRECTION('',(1.,0.,-8.17781096938656E-16));
#1753=DIRECTION('',(-1.,0.,8.17781096938656E-16));
#1754=DIRECTION('center_axis',(-1.81916061866291E-15,0.,-1.));
#1755=DIRECTION('ref_axis',(0.707106781186547,0.707106781186547,-1.25607396694702E-15));
#1756=DIRECTION('',(1.81916061866291E-15,0.,1.));
#1757=DIRECTION('',(-1.81916061866291E-15,0.,-1.));
#1758=DIRECTION('center_axis',(2.51214793389404E-15,-0.707106781186548,
0.707106781186548));
#1759=DIRECTION('ref_axis',(6.05336851540747E-17,0.707106781186547,0.707106781186547));
#1760=DIRECTION('center_axis',(-1.,0.,4.42964760841772E-16));
#1761=DIRECTION('ref_axis',(0.,0.707106781186547,-0.707106781186547));
#1762=DIRECTION('center_axis',(-1.,0.,5.9211894646675E-16));
#1763=DIRECTION('ref_axis',(0.,0.707106781186547,-0.707106781186547));
#1764=DIRECTION('',(-1.,0.,4.42964760841772E-16));
#1765=DIRECTION('',(1.,0.,-4.42964760841772E-16));
#1766=DIRECTION('center_axis',(0.,1.,0.));
#1767=DIRECTION('ref_axis',(0.707106781186548,0.,0.707106781186547));
#1768=DIRECTION('',(0.,1.,0.));
#1769=DIRECTION('',(0.,-1.,0.));
#1770=DIRECTION('center_axis',(-5.9211894646675E-16,0.,-1.));
#1771=DIRECTION('ref_axis',(-1.,0.,5.9211894646675E-16));
#1772=DIRECTION('',(1.,0.,-8.17781096938656E-16));
#1773=DIRECTION('center_axis',(5.9211894646675E-16,0.,1.));
#1774=DIRECTION('ref_axis',(1.,0.,-2.25662150471906E-16));
#1775=DIRECTION('center_axis',(5.9211894646675E-16,0.,1.));
#1776=DIRECTION('ref_axis',(1.,0.,-5.9211894646675E-16));
#1777=DIRECTION('',(1.,0.,0.));
#1778=DIRECTION('center_axis',(-5.9211894646675E-16,0.,-1.));
#1779=DIRECTION('ref_axis',(1.,0.,-5.9211894646675E-16));
#1780=DIRECTION('center_axis',(-8.17781096938656E-16,0.,-1.));
#1781=DIRECTION('ref_axis',(-1.,0.,8.17781096938656E-16));
#1782=DIRECTION('',(-1.,0.,8.17781096938656E-16));
#1783=DIRECTION('center_axis',(0.,0.,-1.));
#1784=DIRECTION('ref_axis',(-1.,0.,0.));
#1785=DIRECTION('',(1.,0.,0.));
#1786=DIRECTION('center_axis',(4.08890548469328E-16,0.,1.));
#1787=DIRECTION('ref_axis',(1.,0.,-4.08890548469328E-16));
#1788=DIRECTION('',(0.,1.,0.));
#1789=DIRECTION('center_axis',(-4.08890548469328E-16,0.,-1.));
#1790=DIRECTION('ref_axis',(1.,0.,-4.42705754367664E-16));
#1791=DIRECTION('center_axis',(-4.08890548469328E-16,0.,-1.));
#1792=DIRECTION('ref_axis',(1.,0.,-4.42705754367664E-16));
#1793=DIRECTION('center_axis',(-1.,0.,4.11366847019005E-16));
#1794=DIRECTION('ref_axis',(4.11366847019005E-16,0.,1.));
#1795=DIRECTION('center_axis',(1.,0.,9.84486923041103E-16));
#1796=DIRECTION('ref_axis',(9.84486923041103E-16,0.,-1.));
#1797=DIRECTION('center_axis',(1.,0.,-1.81916061866291E-15));
#1798=DIRECTION('ref_axis',(-1.81916061866291E-15,0.,-1.));
#1799=DIRECTION('center_axis',(-4.42705754367664E-16,0.,-1.));
#1800=DIRECTION('ref_axis',(1.,0.,-4.42705754367664E-16));
#1801=DIRECTION('',(-4.42705754367664E-16,0.,-1.));
#1802=DIRECTION('center_axis',(5.80732043650082E-16,0.,1.));
#1803=DIRECTION('ref_axis',(1.,0.,-4.42705754367664E-16));
#1804=DIRECTION('center_axis',(-4.42705754367664E-16,0.,-1.));
#1805=DIRECTION('ref_axis',(1.,0.,-4.42705754367664E-16));
#1806=DIRECTION('center_axis',(-5.80732043650082E-16,0.,-1.));
#1807=DIRECTION('ref_axis',(1.,0.,-4.42705754367664E-16));
#1808=DIRECTION('',(-4.42705754367664E-16,0.,-1.));
#1809=DIRECTION('center_axis',(4.42964760841772E-16,0.,1.));
#1810=DIRECTION('ref_axis',(1.,0.,-4.42705754367664E-16));
#1811=DIRECTION('center_axis',(-4.42705754367664E-16,0.,-1.));
#1812=DIRECTION('ref_axis',(1.,0.,-4.42705754367664E-16));
#1813=DIRECTION('',(-4.42705754367664E-16,0.,-1.));
#1814=DIRECTION('center_axis',(5.80732043650082E-16,0.,1.));
#1815=DIRECTION('ref_axis',(1.,0.,-4.42705754367664E-16));
#1816=DIRECTION('center_axis',(-4.42705754367664E-16,0.,-1.));
#1817=DIRECTION('ref_axis',(1.,0.,-4.42705754367664E-16));
#1818=DIRECTION('center_axis',(-5.80732043650082E-16,0.,-1.));
#1819=DIRECTION('ref_axis',(1.,0.,-4.42705754367664E-16));
#1820=DIRECTION('',(-4.42705754367664E-16,0.,-1.));
#1821=DIRECTION('center_axis',(4.42964760841772E-16,0.,1.));
#1822=DIRECTION('ref_axis',(1.,0.,-4.42705754367664E-16));
#1823=DIRECTION('center_axis',(-5.80732043650082E-16,0.,-1.));
#1824=DIRECTION('ref_axis',(0.,-1.,0.));
#1825=DIRECTION('',(0.,-1.,0.));
#1826=DIRECTION('',(-1.,0.,5.80732043650082E-16));
#1827=DIRECTION('',(0.,-1.,0.));
#1828=DIRECTION('',(-1.,0.,5.80732043650082E-16));
#1829=DIRECTION('center_axis',(0.,1.,0.));
#1830=DIRECTION('ref_axis',(-5.9211894646675E-16,0.,-1.));
#1831=DIRECTION('',(-5.9211894646675E-16,0.,-1.));
#1832=DIRECTION('',(-1.,0.,5.80732043650082E-16));
#1833=DIRECTION('',(-5.9211894646675E-16,0.,-1.));
#1834=DIRECTION('center_axis',(5.80732043650082E-16,0.,1.));
#1835=DIRECTION('ref_axis',(0.,1.,0.));
#1836=DIRECTION('',(0.,1.,0.));
#1837=DIRECTION('',(-1.,0.,5.80732043650082E-16));
#1838=DIRECTION('',(0.,1.,0.));
#1839=DIRECTION('center_axis',(0.,-1.,0.));
#1840=DIRECTION('ref_axis',(5.9211894646675E-16,0.,1.));
#1841=DIRECTION('',(5.9211894646675E-16,0.,1.));
#1842=DIRECTION('',(5.9211894646675E-16,0.,1.));
#1843=DIRECTION('center_axis',(-1.,0.,5.80732043650082E-16));
#1844=DIRECTION('ref_axis',(5.80732043650082E-16,0.,1.));
#1845=DIRECTION('center_axis',(-2.25662150471906E-16,0.,-1.));
#1846=DIRECTION('ref_axis',(1.,0.,-2.25662150471906E-16));
#1847=DIRECTION('center_axis',(2.25662150471906E-16,0.,1.));
#1848=DIRECTION('ref_axis',(1.,0.,-2.25662150471906E-16));
#1849=DIRECTION('',(0.857167300702112,1.04972719113862E-16,0.515038074910054));
#1850=DIRECTION('center_axis',(2.25662150471906E-16,0.,1.));
#1851=DIRECTION('ref_axis',(1.,0.,-2.25662150471906E-16));
#1852=DIRECTION('center_axis',(2.25662150471906E-16,0.,1.));
#1853=DIRECTION('ref_axis',(1.,0.,-2.25662150471906E-16));
#1854=DIRECTION('center_axis',(2.25662150471906E-16,0.,1.));
#1855=DIRECTION('ref_axis',(1.,0.,-2.25662150471906E-16));
#1856=DIRECTION('center_axis',(2.25662150471906E-16,0.,1.));
#1857=DIRECTION('ref_axis',(1.,0.,-2.25662150471906E-16));
#1858=DIRECTION('',(2.25662150471906E-16,0.,1.));
#1859=DIRECTION('center_axis',(2.25662150471906E-16,0.,1.));
#1860=DIRECTION('ref_axis',(1.,0.,-2.25662150471906E-16));
#1861=DIRECTION('',(2.25662150471906E-16,0.,1.));
#1862=DIRECTION('center_axis',(0.,-1.,0.));
#1863=DIRECTION('ref_axis',(-8.17781096938656E-16,0.,-1.));
#1864=DIRECTION('center_axis',(0.,1.,0.));
#1865=DIRECTION('ref_axis',(0.,0.,1.));
#1866=DIRECTION('',(-5.9211894646675E-16,0.,-1.));
#1867=DIRECTION('center_axis',(5.9211894646675E-16,0.,1.));
#1868=DIRECTION('ref_axis',(1.,0.,-5.9211894646675E-16));
#1869=DIRECTION('center_axis',(5.9211894646675E-16,0.,1.));
#1870=DIRECTION('ref_axis',(1.,0.,-5.9211894646675E-16));
#1871=DIRECTION('',(0.857167300702112,1.04972719113862E-16,-0.515038074910055));
#1872=DIRECTION('center_axis',(5.9211894646675E-16,0.,1.));
#1873=DIRECTION('ref_axis',(1.,0.,-5.9211894646675E-16));
#1874=DIRECTION('center_axis',(5.9211894646675E-16,0.,1.));
#1875=DIRECTION('ref_axis',(1.,0.,-5.9211894646675E-16));
#1876=DIRECTION('center_axis',(5.9211894646675E-16,0.,1.));
#1877=DIRECTION('ref_axis',(1.,0.,-5.9211894646675E-16));
#1878=DIRECTION('center_axis',(5.9211894646675E-16,0.,1.));
#1879=DIRECTION('ref_axis',(1.,0.,-5.9211894646675E-16));
#1880=DIRECTION('',(-5.9211894646675E-16,0.,-1.));
#1881=DIRECTION('center_axis',(5.9211894646675E-16,0.,1.));
#1882=DIRECTION('ref_axis',(1.,0.,-5.9211894646675E-16));
#1883=DIRECTION('',(-5.9211894646675E-16,0.,-1.));
#1884=DIRECTION('center_axis',(0.,1.,0.));
#1885=DIRECTION('ref_axis',(0.,0.,1.));
#1886=DIRECTION('center_axis',(-4.42964760841772E-16,0.,-1.));
#1887=DIRECTION('ref_axis',(-1.,0.,4.42964760841772E-16));
#1888=DIRECTION('',(0.,1.,0.));
#1889=DIRECTION('center_axis',(1.,0.,-5.9211894646675E-16));
#1890=DIRECTION('ref_axis',(-5.9211894646675E-16,0.,-1.));
#1891=DIRECTION('',(-5.9211894646675E-16,0.,-1.));
#1892=DIRECTION('center_axis',(0.,1.,0.));
#1893=DIRECTION('ref_axis',(0.,0.,1.));
#1894=CARTESIAN_POINT('',(0.,0.,0.));
#1895=CARTESIAN_POINT('Origin',(-1.11022302462516E-14,19.0987090714587,
-83.75));
#1896=CARTESIAN_POINT('',(-3.00000000000001,20.,-83.75));
#1897=CARTESIAN_POINT('Origin',(-1.11022302462516E-14,20.,-83.75));
#1898=CARTESIAN_POINT('',(-1.11022302462516E-14,18.1974181429173,-83.75));
#1899=CARTESIAN_POINT('',(-1.50000000000001,19.0987090714587,-83.75));
#1900=CARTESIAN_POINT('Origin',(-1.11022302462516E-14,25.,-83.75));
#1901=CARTESIAN_POINT('',(-4.50000000000001,25.,-83.75));
#1902=CARTESIAN_POINT('Origin',(-1.11022302462516E-14,25.,-83.75));
#1903=CARTESIAN_POINT('',(-3.00000000000001,25.,-83.75));
#1904=CARTESIAN_POINT('Origin',(-1.11022302462516E-14,25.,-83.75));
#1905=CARTESIAN_POINT('Origin',(-1.11022302462516E-14,27.5,-83.75));
#1906=CARTESIAN_POINT('',(-4.50000000000001,30.,-83.75));
#1907=CARTESIAN_POINT('Origin',(-1.11022302462516E-14,30.,-83.75));
#1908=CARTESIAN_POINT('',(-4.50000000000001,27.5,-83.75));
#1909=CARTESIAN_POINT('Origin',(-1.11022302462516E-14,25.,-83.75));
#1910=CARTESIAN_POINT('',(-3.00000000000001,25.,-83.75));
#1911=CARTESIAN_POINT('Origin',(50.,19.0987090714587,-1.9948935187069E-14));
#1912=CARTESIAN_POINT('',(47.,20.,-1.95815411473247E-14));
#1913=CARTESIAN_POINT('Origin',(50.,20.,-1.9948935187069E-14));
#1914=CARTESIAN_POINT('',(50.,18.1974181429173,-1.9948935187069E-14));
#1915=CARTESIAN_POINT('',(48.5,19.0987090714587,-1.97652381671969E-14));
#1916=CARTESIAN_POINT('Origin',(50.,25.,-1.9948935187069E-14));
#1917=CARTESIAN_POINT('',(45.5,25.,-1.93978441274526E-14));
#1918=CARTESIAN_POINT('Origin',(50.,25.,-1.9948935187069E-14));
#1919=CARTESIAN_POINT('',(47.,25.,-1.95815411473248E-14));
#1920=CARTESIAN_POINT('Origin',(50.,25.,-1.9948935187069E-14));
#1921=CARTESIAN_POINT('Origin',(50.,27.5,-1.9948935187069E-14));
#1922=CARTESIAN_POINT('',(45.5,30.,-1.93978441274526E-14));
#1923=CARTESIAN_POINT('Origin',(50.,30.,-1.9948935187069E-14));
#1924=CARTESIAN_POINT('',(45.5,27.5,-1.93978441274526E-14));
#1925=CARTESIAN_POINT('Origin',(50.,25.,-1.9948935187069E-14));
#1926=CARTESIAN_POINT('',(47.,25.,-1.95815411473248E-14));
#1927=CARTESIAN_POINT('Origin',(5.6621374255883E-14,19.0987090714587,83.75));
#1928=CARTESIAN_POINT('',(-2.99999999999995,20.,83.75));
#1929=CARTESIAN_POINT('Origin',(5.6621374255883E-14,20.,83.75));
#1930=CARTESIAN_POINT('',(5.6621374255883E-14,18.1974181429173,83.75));
#1931=CARTESIAN_POINT('',(-1.49999999999994,19.0987090714587,83.75));
#1932=CARTESIAN_POINT('Origin',(5.6621374255883E-14,25.,83.75));
#1933=CARTESIAN_POINT('',(-4.49999999999994,25.,83.75));
#1934=CARTESIAN_POINT('Origin',(5.6621374255883E-14,25.,83.75));
#1935=CARTESIAN_POINT('',(-2.99999999999994,25.,83.75));
#1936=CARTESIAN_POINT('Origin',(5.6621374255883E-14,25.,83.75));
#1937=CARTESIAN_POINT('Origin',(5.6621374255883E-14,27.5,83.75));
#1938=CARTESIAN_POINT('',(-4.49999999999994,30.,83.75));
#1939=CARTESIAN_POINT('Origin',(5.6621374255883E-14,30.,83.75));
#1940=CARTESIAN_POINT('',(-4.49999999999994,27.5,83.75));
#1941=CARTESIAN_POINT('Origin',(5.6621374255883E-14,25.,83.75));
#1942=CARTESIAN_POINT('',(-2.99999999999994,25.,83.75));
#1943=CARTESIAN_POINT('Origin',(10.,45.,-103.75));
#1944=CARTESIAN_POINT('',(10.,45.,-98.75));
#1945=CARTESIAN_POINT('',(10.,50.,-103.75));
#1946=CARTESIAN_POINT('Origin',(10.,45.,-103.75));
#1947=CARTESIAN_POINT('',(15.,45.,-103.75));
#1948=CARTESIAN_POINT('Origin',(10.,45.,-103.75));
#1949=CARTESIAN_POINT('Origin',(10.,45.,-103.75));
#1950=CARTESIAN_POINT('Origin',(20.0000000000002,25.,-20.));
#1951=CARTESIAN_POINT('',(20.0000000000001,25.,-15.));
#1952=CARTESIAN_POINT('',(20.0000000000002,30.,-10.));
#1953=CARTESIAN_POINT('Origin',(20.0000000000002,25.,-10.));
#1954=CARTESIAN_POINT('',(15.0000000000002,25.,-20.));
#1955=CARTESIAN_POINT('Origin',(20.0000000000001,25.,-20.));
#1956=CARTESIAN_POINT('',(10.0000000000002,30.,-20.));
#1957=CARTESIAN_POINT('Origin',(10.0000000000002,25.,-20.));
#1958=CARTESIAN_POINT('Origin',(20.0000000000002,30.,-20.));
#1959=CARTESIAN_POINT('Origin',(-10.,45.,-103.75));
#1960=CARTESIAN_POINT('',(-15.,45.,-103.75));
#1961=CARTESIAN_POINT('',(-10.,50.,-103.75));
#1962=CARTESIAN_POINT('Origin',(-10.,45.,-103.75));
#1963=CARTESIAN_POINT('',(-10.,45.,-98.75));
#1964=CARTESIAN_POINT('Origin',(-10.,45.,-103.75));
#1965=CARTESIAN_POINT('Origin',(-10.,45.,-103.75));
#1966=CARTESIAN_POINT('Origin',(20.0000000000002,5.,-20.));
#1967=CARTESIAN_POINT('',(20.0000000000002,5.,-15.));
#1968=CARTESIAN_POINT('',(15.0000000000002,5.,-20.));
#1969=CARTESIAN_POINT('Origin',(20.0000000000001,5.,-20.));
#1970=CARTESIAN_POINT('',(20.0000000000002,0.,-10.));
#1971=CARTESIAN_POINT('Origin',(20.0000000000002,5.,-10.));
#1972=CARTESIAN_POINT('',(10.0000000000002,0.,-20.));
#1973=CARTESIAN_POINT('Origin',(20.0000000000002,0.,-20.));
#1974=CARTESIAN_POINT('Origin',(10.0000000000002,5.,-20.));
#1975=CARTESIAN_POINT('Origin',(105.2475,5.,-10.));
#1976=CARTESIAN_POINT('',(145.33,5.,-15.0000000000001));
#1977=CARTESIAN_POINT('',(145.33,0.,-10.0000000000001));
#1978=CARTESIAN_POINT('Origin',(145.33,5.,-10.0000000000001));
#1979=CARTESIAN_POINT('',(105.2475,0.,-10.));
#1980=CARTESIAN_POINT('',(105.2475,5.,-15.));
#1981=CARTESIAN_POINT('Origin',(-10.,25.,-59.375));
#1982=CARTESIAN_POINT('',(-15.,25.,-103.75));
#1983=CARTESIAN_POINT('',(-14.9999999999999,25.,103.75));
#1984=CARTESIAN_POINT('',(-15.,25.,-59.375));
#1985=CARTESIAN_POINT('',(-9.99999999999994,30.,98.75));
#1986=CARTESIAN_POINT('Origin',(-9.99999999999993,25.,103.75));
#1987=CARTESIAN_POINT('',(-10.,30.,-98.75));
#1988=CARTESIAN_POINT('',(-10.,30.,-59.375));
#1989=CARTESIAN_POINT('Origin',(-10.,25.,-103.75));
#1990=CARTESIAN_POINT('Origin',(9.99999999999998,5.,-113.75));
#1991=CARTESIAN_POINT('',(9.99999999999999,0.,-113.75));
#1992=CARTESIAN_POINT('',(15.,5.,-113.75));
#1993=CARTESIAN_POINT('Origin',(9.99999999999999,5.,-113.75));
#1994=CARTESIAN_POINT('',(9.99999999999998,5.,-118.75));
#1995=CARTESIAN_POINT('Origin',(9.99999999999998,5.,-113.75));
#1996=CARTESIAN_POINT('Origin',(9.99999999999999,5.,-113.75));
#1997=CARTESIAN_POINT('Origin',(-9.99999999999993,45.,103.75));
#1998=CARTESIAN_POINT('',(-9.99999999999993,45.,98.75));
#1999=CARTESIAN_POINT('',(-9.99999999999993,50.,103.75));
#2000=CARTESIAN_POINT('Origin',(-9.99999999999993,45.,103.75));
#2001=CARTESIAN_POINT('',(-14.9999999999999,45.,103.75));
#2002=CARTESIAN_POINT('Origin',(-9.99999999999993,45.,103.75));
#2003=CARTESIAN_POINT('Origin',(-9.99999999999993,45.,103.75));
#2004=CARTESIAN_POINT('Origin',(-9.99999999999993,15.,103.75));
#2005=CARTESIAN_POINT('',(-14.9999999999999,15.,103.75));
#2006=CARTESIAN_POINT('',(-9.99999999999993,15.,98.75));
#2007=CARTESIAN_POINT('Origin',(-10.,5.,-113.75));
#2008=CARTESIAN_POINT('',(-10.,5.,-118.75));
#2009=CARTESIAN_POINT('',(-15.,5.,-113.75));
#2010=CARTESIAN_POINT('Origin',(-10.,5.,-113.75));
#2011=CARTESIAN_POINT('',(-10.,0.,-113.75));
#2012=CARTESIAN_POINT('Origin',(-10.,5.,-113.75));
#2013=CARTESIAN_POINT('Origin',(-10.,5.,-113.75));
#2014=CARTESIAN_POINT('Origin',(40.0825,5.,-113.75));
#2015=CARTESIAN_POINT('',(40.0825,5.,-118.75));
#2016=CARTESIAN_POINT('',(40.0825,0.,-113.75));
#2017=CARTESIAN_POINT('Origin',(10.0000000000001,45.,103.75));
#2018=CARTESIAN_POINT('',(15.0000000000001,45.,103.75));
#2019=CARTESIAN_POINT('',(10.0000000000001,50.,103.75));
#2020=CARTESIAN_POINT('Origin',(10.0000000000001,45.,103.75));
#2021=CARTESIAN_POINT('',(10.0000000000001,45.,98.75));
#2022=CARTESIAN_POINT('Origin',(10.0000000000001,45.,103.75));
#2023=CARTESIAN_POINT('Origin',(10.0000000000001,45.,103.75));
#2024=CARTESIAN_POINT('Origin',(-9.99999999999993,5.,113.75));
#2025=CARTESIAN_POINT('',(-14.9999999999999,5.,113.75));
#2026=CARTESIAN_POINT('',(-9.99999999999992,5.,118.75));
#2027=CARTESIAN_POINT('Origin',(-9.99999999999993,5.,113.75));
#2028=CARTESIAN_POINT('',(-9.99999999999993,0.,113.75));
#2029=CARTESIAN_POINT('Origin',(-9.99999999999993,5.,113.75));
#2030=CARTESIAN_POINT('Origin',(-9.99999999999993,5.,113.75));
#2031=CARTESIAN_POINT('Origin',(-10.,5.,-59.375));
#2032=CARTESIAN_POINT('',(-15.,5.,-59.375));
#2033=CARTESIAN_POINT('',(-10.,0.,-59.375));
#2034=CARTESIAN_POINT('Origin',(10.0000000000001,5.,113.75));
#2035=CARTESIAN_POINT('',(10.0000000000001,5.,118.75));
#2036=CARTESIAN_POINT('',(15.0000000000001,5.,113.75));
#2037=CARTESIAN_POINT('Origin',(10.0000000000001,5.,113.75));
#2038=CARTESIAN_POINT('',(10.0000000000001,0.,113.75));
#2039=CARTESIAN_POINT('Origin',(10.0000000000001,5.,113.75));
#2040=CARTESIAN_POINT('Origin',(10.0000000000001,5.,113.75));
#2041=CARTESIAN_POINT('Origin',(25.0825000000001,5.,113.75));
#2042=CARTESIAN_POINT('',(25.0825000000001,5.,118.75));
#2043=CARTESIAN_POINT('',(25.0825000000001,0.,113.75));
#2044=CARTESIAN_POINT('Origin',(20.0000000000002,25.,20.));
#2045=CARTESIAN_POINT('',(15.0000000000002,25.,20.));
#2046=CARTESIAN_POINT('',(10.0000000000002,30.,20.));
#2047=CARTESIAN_POINT('Origin',(10.0000000000002,25.,20.));
#2048=CARTESIAN_POINT('',(20.0000000000002,25.,15.));
#2049=CARTESIAN_POINT('Origin',(20.0000000000002,25.,20.));
#2050=CARTESIAN_POINT('',(20.0000000000002,30.,9.99999999999999));
#2051=CARTESIAN_POINT('Origin',(20.0000000000002,25.,9.99999999999999));
#2052=CARTESIAN_POINT('Origin',(20.0000000000002,30.,20.));
#2053=CARTESIAN_POINT('Origin',(20.0000000000002,5.,20.));
#2054=CARTESIAN_POINT('',(15.0000000000002,5.,20.));
#2055=CARTESIAN_POINT('',(20.0000000000002,5.,15.));
#2056=CARTESIAN_POINT('Origin',(20.0000000000002,5.,20.));
#2057=CARTESIAN_POINT('',(10.0000000000002,0.,20.));
#2058=CARTESIAN_POINT('Origin',(10.0000000000002,5.,20.));
#2059=CARTESIAN_POINT('',(20.0000000000002,0.,9.99999999999999));
#2060=CARTESIAN_POINT('Origin',(20.0000000000002,0.,20.));
#2061=CARTESIAN_POINT('Origin',(20.0000000000002,5.,9.99999999999999));
#2062=CARTESIAN_POINT('Origin',(10.0000000000001,5.,59.375));
#2063=CARTESIAN_POINT('',(15.0000000000001,5.,59.375));
#2064=CARTESIAN_POINT('',(10.0000000000001,0.,59.375));
#2065=CARTESIAN_POINT('Origin',(40.0825000000001,5.,9.99999999999998));
#2066=CARTESIAN_POINT('',(145.33,0.,9.99999999999994));
#2067=CARTESIAN_POINT('',(145.33,5.,14.9999999999999));
#2068=CARTESIAN_POINT('Origin',(145.33,5.,9.99999999999994));
#2069=CARTESIAN_POINT('',(40.0825000000001,5.,15.));
#2070=CARTESIAN_POINT('',(40.0825000000001,0.,9.99999999999998));
#2071=CARTESIAN_POINT('Origin',(20.0000000000002,0.,20.));
#2072=CARTESIAN_POINT('',(15.0000000000002,0.,20.));
#2073=CARTESIAN_POINT('',(20.0000000000002,0.,15.));
#2074=CARTESIAN_POINT('Origin',(40.0825000000001,25.,9.99999999999998));
#2075=CARTESIAN_POINT('',(145.33,25.,14.9999999999999));
#2076=CARTESIAN_POINT('',(145.33,30.,9.99999999999994));
#2077=CARTESIAN_POINT('Origin',(145.33,25.,9.99999999999994));
#2078=CARTESIAN_POINT('',(40.0825000000001,30.,9.99999999999998));
#2079=CARTESIAN_POINT('',(40.0825000000001,25.,15.));
#2080=CARTESIAN_POINT('Origin',(10.0000000000001,25.,59.375));
#2081=CARTESIAN_POINT('',(15.0000000000001,25.,103.75));
#2082=CARTESIAN_POINT('',(15.0000000000001,25.,59.375));
#2083=CARTESIAN_POINT('',(10.0000000000001,30.,98.75));
#2084=CARTESIAN_POINT('',(10.0000000000001,30.,59.375));
#2085=CARTESIAN_POINT('Origin',(10.0000000000001,25.,103.75));
#2086=CARTESIAN_POINT('Origin',(10.0000000000001,0.,113.75));
#2087=CARTESIAN_POINT('',(10.0000000000001,50.,118.75));
#2088=CARTESIAN_POINT('',(10.0000000000001,0.,118.75));
#2089=CARTESIAN_POINT('',(15.0000000000001,45.,113.75));
#2090=CARTESIAN_POINT('',(15.0000000000001,0.,113.75));
#2091=CARTESIAN_POINT('Origin',(10.0000000000001,45.,113.75));
#2092=CARTESIAN_POINT('Origin',(10.0000000000001,15.,103.75));
#2093=CARTESIAN_POINT('',(10.0000000000001,15.,98.75));
#2094=CARTESIAN_POINT('',(15.0000000000001,15.,103.75));
#2095=CARTESIAN_POINT('Origin',(10.0000000000001,45.,113.75));
#2096=CARTESIAN_POINT('',(15.0000000000001,45.,113.75));
#2097=CARTESIAN_POINT('',(10.0000000000001,50.,113.75));
#2098=CARTESIAN_POINT('Origin',(-9.99999999999993,0.,113.75));
#2099=CARTESIAN_POINT('',(-14.9999999999999,45.,113.75));
#2100=CARTESIAN_POINT('',(-14.9999999999999,0.,113.75));
#2101=CARTESIAN_POINT('',(-9.99999999999993,50.,118.75));
#2102=CARTESIAN_POINT('',(-9.99999999999992,0.,118.75));
#2103=CARTESIAN_POINT('Origin',(-9.99999999999993,45.,113.75));
#2104=CARTESIAN_POINT('Origin',(7.50000000000009,45.,103.75));
#2105=CARTESIAN_POINT('',(7.50000000000009,50.,103.75));
#2106=CARTESIAN_POINT('',(7.50000000000009,45.,98.75));
#2107=CARTESIAN_POINT('Origin',(-9.99999999999998,45.,-5.));
#2108=CARTESIAN_POINT('',(-9.99999999999998,50.,-5.));
#2109=CARTESIAN_POINT('',(-15.,45.,-5.));
#2110=CARTESIAN_POINT('Origin',(-10.,0.,-113.75));
#2111=CARTESIAN_POINT('',(-10.,50.,-118.75));
#2112=CARTESIAN_POINT('',(-10.,0.,-118.75));
#2113=CARTESIAN_POINT('',(-15.,45.,-113.75));
#2114=CARTESIAN_POINT('',(-15.,0.,-113.75));
#2115=CARTESIAN_POINT('Origin',(-10.,45.,-113.75));
#2116=CARTESIAN_POINT('Origin',(9.99999999999999,0.,-113.75));
#2117=CARTESIAN_POINT('',(15.,45.,-113.75));
#2118=CARTESIAN_POINT('',(15.,0.,-113.75));
#2119=CARTESIAN_POINT('',(9.99999999999998,50.,-118.75));
#2120=CARTESIAN_POINT('',(9.99999999999998,0.,-118.75));
#2121=CARTESIAN_POINT('Origin',(9.99999999999999,45.,-113.75));
#2122=CARTESIAN_POINT('Origin',(10.0000000000002,5.,-7.49999999999995));
#2123=CARTESIAN_POINT('',(15.0000000000002,5.,-7.49999999999996));
#2124=CARTESIAN_POINT('',(10.0000000000002,0.,-7.49999999999995));
#2125=CARTESIAN_POINT('Origin',(-10.,45.,-113.75));
#2126=CARTESIAN_POINT('',(-15.,45.,-113.75));
#2127=CARTESIAN_POINT('',(-10.,50.,-113.75));
#2128=CARTESIAN_POINT('Origin',(20.0000000000001,0.,-20.));
#2129=CARTESIAN_POINT('',(20.0000000000001,0.,-15.));
#2130=CARTESIAN_POINT('',(15.0000000000002,0.,-20.));
#2131=CARTESIAN_POINT('Origin',(10.0000000000001,45.,-61.875));
#2132=CARTESIAN_POINT('',(10.0000000000001,50.,-61.875));
#2133=CARTESIAN_POINT('',(15.0000000000001,45.,-61.875));
#2134=CARTESIAN_POINT('Origin',(-10.,15.,-103.75));
#2135=CARTESIAN_POINT('',(-10.,15.,-98.75));
#2136=CARTESIAN_POINT('',(-15.,15.,-103.75));
#2137=CARTESIAN_POINT('Origin',(7.5,45.,-103.75));
#2138=CARTESIAN_POINT('',(7.50000000000001,45.,-98.75));
#2139=CARTESIAN_POINT('',(7.5,50.,-103.75));
#2140=CARTESIAN_POINT('Origin',(10.0000000000002,25.,-7.49999999999996));
#2141=CARTESIAN_POINT('',(10.,30.,-98.75));
#2142=CARTESIAN_POINT('',(10.0000000000002,30.,-7.49999999999996));
#2143=CARTESIAN_POINT('',(15.,25.,-103.75));
#2144=CARTESIAN_POINT('',(15.0000000000002,25.,-7.49999999999997));
#2145=CARTESIAN_POINT('Origin',(10.,25.,-103.75));
#2146=CARTESIAN_POINT('Origin',(105.2475,25.,-10.));
#2147=CARTESIAN_POINT('',(145.33,30.,-10.0000000000001));
#2148=CARTESIAN_POINT('',(145.33,25.,-15.0000000000001));
#2149=CARTESIAN_POINT('Origin',(145.33,25.,-10.0000000000001));
#2150=CARTESIAN_POINT('',(105.2475,25.,-15.));
#2151=CARTESIAN_POINT('',(105.2475,30.,-10.));
#2152=CARTESIAN_POINT('Origin',(10.,15.,-103.75));
#2153=CARTESIAN_POINT('',(15.,15.,-103.75));
#2154=CARTESIAN_POINT('',(10.,15.,-98.75));
#2155=CARTESIAN_POINT('Origin',(15.,0.,-118.75));
#2156=CARTESIAN_POINT('',(-15.,50.,-118.75));
#2157=CARTESIAN_POINT('',(-4.50000000000005,42.,-118.75));
#2158=CARTESIAN_POINT('Origin',(-5.27025842764591E-14,42.,-118.75));
#2159=CARTESIAN_POINT('Origin',(-14.9999999999999,0.,118.75));
#2160=CARTESIAN_POINT('',(-14.9999999999999,50.,118.75));
#2161=CARTESIAN_POINT('',(-4.49999999999996,42.,118.75));
#2162=CARTESIAN_POINT('Origin',(4.44089209850063E-14,42.,118.75));
#2163=CARTESIAN_POINT('Origin',(15.,30.,-98.75));
#2164=CARTESIAN_POINT('',(40.0825,30.,-98.75));
#2165=CARTESIAN_POINT('Origin',(15.0000000000001,30.,98.75));
#2166=CARTESIAN_POINT('',(40.0825000000001,30.,98.75));
#2167=CARTESIAN_POINT('Origin',(15.0000000000002,0.,15.));
#2168=CARTESIAN_POINT('',(145.33,0.,14.9999999999999));
#2169=CARTESIAN_POINT('',(93.8300000000002,15.,15.));
#2170=CARTESIAN_POINT('Origin',(97.8300000000002,15.,15.));
#2171=CARTESIAN_POINT('',(123.83,15.,14.9999999999999));
#2172=CARTESIAN_POINT('Origin',(127.83,15.,14.9999999999999));
#2173=CARTESIAN_POINT('Origin',(-15.,0.,-118.75));
#2174=CARTESIAN_POINT('Origin',(15.0000000000001,0.,118.75));
#2175=CARTESIAN_POINT('Origin',(15.0000000000002,0.,-15.));
#2176=CARTESIAN_POINT('Origin',(127.83,15.,14.9999999999999));
#2177=CARTESIAN_POINT('',(123.83,15.,11.0000000000291));
#2178=CARTESIAN_POINT('',(123.83,15.,14.9999999999999));
#2179=CARTESIAN_POINT('Origin',(127.83,15.,11.000000000029));
#2180=CARTESIAN_POINT('Origin',(127.83,15.,14.9999999999999));
#2181=CARTESIAN_POINT('',(123.83,15.,-11.0000000000292));
#2182=CARTESIAN_POINT('Origin',(127.83,15.,-11.0000000000292));
#2183=CARTESIAN_POINT('',(123.83,15.,-15.0000000000001));
#2184=CARTESIAN_POINT('',(123.83,15.,14.9999999999999));
#2185=CARTESIAN_POINT('Origin',(127.83,15.,-15.0000000000001));
#2186=CARTESIAN_POINT('Origin',(97.8300000000002,15.,15.));
#2187=CARTESIAN_POINT('',(93.8300000000002,15.,11.0000000000291));
#2188=CARTESIAN_POINT('',(93.8300000000002,15.,15.));
#2189=CARTESIAN_POINT('Origin',(97.8300000000002,15.,11.0000000000291));
#2190=CARTESIAN_POINT('Origin',(97.8300000000002,15.,15.));
#2191=CARTESIAN_POINT('',(93.8300000000002,15.,-11.0000000000291));
#2192=CARTESIAN_POINT('Origin',(97.8300000000002,15.,-11.0000000000291));
#2193=CARTESIAN_POINT('',(93.8300000000002,15.,-15.));
#2194=CARTESIAN_POINT('',(93.8300000000002,15.,15.));
#2195=CARTESIAN_POINT('Origin',(97.8300000000002,15.,-15.));
#2196=CARTESIAN_POINT('Origin',(145.33,26.0000000000291,-11.0000000000292));
#2197=CARTESIAN_POINT('',(145.33,26.0000000000291,-11.0000000000292));
#2198=CARTESIAN_POINT('',(145.33,3.9999999999709,-11.0000000000292));
#2199=CARTESIAN_POINT('',(145.33,13.0000000000146,-11.0000000000292));
#2200=CARTESIAN_POINT('',(80.3300000000002,26.0000000000291,-11.0000000000291));
#2201=CARTESIAN_POINT('',(145.33,26.0000000000291,-11.0000000000292));
#2202=CARTESIAN_POINT('',(80.3300000000002,3.9999999999709,-11.0000000000291));
#2203=CARTESIAN_POINT('',(80.3300000000002,3.9999999999709,-11.0000000000291));
#2204=CARTESIAN_POINT('',(145.33,3.9999999999709,-11.0000000000292));
#2205=CARTESIAN_POINT('Origin',(145.33,26.0000000000291,11.000000000029));
#2206=CARTESIAN_POINT('',(145.33,26.0000000000291,11.000000000029));
#2207=CARTESIAN_POINT('',(145.33,26.0000000000291,13.0000000000145));
#2208=CARTESIAN_POINT('',(80.3300000000002,26.0000000000291,11.0000000000291));
#2209=CARTESIAN_POINT('',(145.33,26.0000000000291,11.000000000029));
#2210=CARTESIAN_POINT('',(80.3300000000002,26.0000000000291,-11.0000000000291));
#2211=CARTESIAN_POINT('Origin',(145.33,3.9999999999709,11.000000000029));
#2212=CARTESIAN_POINT('',(145.33,3.9999999999709,11.000000000029));
#2213=CARTESIAN_POINT('',(145.33,1.99999999998545,11.000000000029));
#2214=CARTESIAN_POINT('',(80.3300000000002,3.9999999999709,11.0000000000291));
#2215=CARTESIAN_POINT('',(145.33,3.9999999999709,11.000000000029));
#2216=CARTESIAN_POINT('',(80.3300000000002,26.0000000000291,11.0000000000291));
#2217=CARTESIAN_POINT('Origin',(145.33,3.9999999999709,-11.0000000000292));
#2218=CARTESIAN_POINT('',(145.33,3.9999999999709,1.99999999998539));
#2219=CARTESIAN_POINT('',(80.3300000000002,3.9999999999709,11.0000000000291));
#2220=CARTESIAN_POINT('Origin',(80.3300000000002,15.,-2.22044604925031E-14));
#2221=CARTESIAN_POINT('Origin',(-5.02425755226046E-14,42.,-107.848709071459));
#2222=CARTESIAN_POINT('',(-3.00000000000005,42.,-108.75));
#2223=CARTESIAN_POINT('Origin',(-5.04459627717401E-14,42.,-108.75));
#2224=CARTESIAN_POINT('',(-5.00391882734692E-14,42.,-106.947418142917));
#2225=CARTESIAN_POINT('',(-1.50000000000005,42.,-107.848709071459));
#2226=CARTESIAN_POINT('Origin',(-5.15742735240996E-14,42.,-113.75));
#2227=CARTESIAN_POINT('',(-4.50000000000005,42.,-113.75));
#2228=CARTESIAN_POINT('Origin',(-5.15742735240996E-14,42.,-113.75));
#2229=CARTESIAN_POINT('',(-3.00000000000005,42.,-113.75));
#2230=CARTESIAN_POINT('Origin',(-5.15742735240996E-14,42.,-113.75));
#2231=CARTESIAN_POINT('Origin',(-5.21384289002794E-14,42.,-116.25));
#2232=CARTESIAN_POINT('',(-4.50000000000005,42.,-116.25));
#2233=CARTESIAN_POINT('Origin',(-5.15742735240996E-14,42.,-113.75));
#2234=CARTESIAN_POINT('',(-3.00000000000005,42.,-113.75));
#2235=CARTESIAN_POINT('Origin',(-1.12180825683179E-14,50.,-108.75));
#2236=CARTESIAN_POINT('Origin',(65.1650000000001,30.,-1.77635683940025E-14));
#2237=CARTESIAN_POINT('',(145.33,30.,14.9999999999999));
#2238=CARTESIAN_POINT('Origin',(3.79540600852708E-14,42.,107.848709071459));
#2239=CARTESIAN_POINT('',(-2.99999999999996,42.,108.75));
#2240=CARTESIAN_POINT('Origin',(3.84877315203388E-14,42.,108.75));
#2241=CARTESIAN_POINT('',(3.74203886502029E-14,42.,106.947418142917));
#2242=CARTESIAN_POINT('',(-1.49999999999996,42.,107.848709071459));
#2243=CARTESIAN_POINT('Origin',(4.14483262526725E-14,42.,113.75));
#2244=CARTESIAN_POINT('',(-4.49999999999996,42.,113.75));
#2245=CARTESIAN_POINT('Origin',(4.14483262526725E-14,42.,113.75));
#2246=CARTESIAN_POINT('',(-2.99999999999996,42.,113.75));
#2247=CARTESIAN_POINT('Origin',(4.14483262526725E-14,42.,113.75));
#2248=CARTESIAN_POINT('Origin',(4.29286236188394E-14,42.,116.25));
#2249=CARTESIAN_POINT('',(-4.49999999999996,42.,116.25));
#2250=CARTESIAN_POINT('Origin',(4.14483262526725E-14,42.,113.75));
#2251=CARTESIAN_POINT('',(-2.99999999999996,42.,113.75));
#2252=CARTESIAN_POINT('Origin',(7.7715611723761E-14,50.,108.75));
#2253=CARTESIAN_POINT('Origin',(145.33,0.,-15.0000000000001));
#2254=CARTESIAN_POINT('',(145.33,0.,-15.0000000000001));
#2255=CARTESIAN_POINT('Origin',(145.33,0.,14.9999999999999));
#2256=CARTESIAN_POINT('',(145.33,0.,14.9999999999999));
#2257=CARTESIAN_POINT('Origin',(65.1650000000001,0.,-8.88178419700125E-15));
#2258=UNCERTAINTY_MEASURE_WITH_UNIT(LENGTH_MEASURE(0.01),#2262,
'DISTANCE_ACCURACY_VALUE',
'Maximum model space distance between geometric entities at asserted c
onnectivities');
#2259=UNCERTAINTY_MEASURE_WITH_UNIT(LENGTH_MEASURE(0.01),#2262,
'DISTANCE_ACCURACY_VALUE',
'Maximum model space distance between geometric entities at asserted c
onnectivities');
#2260=(
GEOMETRIC_REPRESENTATION_CONTEXT(3)
GLOBAL_UNCERTAINTY_ASSIGNED_CONTEXT((#2258))
GLOBAL_UNIT_ASSIGNED_CONTEXT((#2262,#2264,#2265))
REPRESENTATION_CONTEXT('','3D')
);
#2261=(
GEOMETRIC_REPRESENTATION_CONTEXT(3)
GLOBAL_UNCERTAINTY_ASSIGNED_CONTEXT((#2259))
GLOBAL_UNIT_ASSIGNED_CONTEXT((#2262,#2264,#2265))
REPRESENTATION_CONTEXT('','3D')
);
#2262=(
LENGTH_UNIT()
NAMED_UNIT(*)
SI_UNIT(.MILLI.,.METRE.)
);
#2263=(
LENGTH_UNIT()
NAMED_UNIT(*)
SI_UNIT(.CENTI.,.METRE.)
);
#2264=(
NAMED_UNIT(*)
PLANE_ANGLE_UNIT()
SI_UNIT($,.RADIAN.)
);
#2265=(
NAMED_UNIT(*)
SI_UNIT($,.STERADIAN.)
SOLID_ANGLE_UNIT()
);
#2266=SHAPE_DEFINITION_REPRESENTATION(#2267,#2268);
#2267=PRODUCT_DEFINITION_SHAPE('',$,#2270);
#2268=SHAPE_REPRESENTATION('',(#1307),#2260);
#2269=PRODUCT_DEFINITION_CONTEXT('part definition',#2274,'design');
#2270=PRODUCT_DEFINITION('e','e',#2271,#2269);
#2271=PRODUCT_DEFINITION_FORMATION('',$,#2276);
#2272=PRODUCT_RELATED_PRODUCT_CATEGORY('e','e',(#2276));
#2273=APPLICATION_PROTOCOL_DEFINITION('international standard',
'automotive_design',2009,#2274);
#2274=APPLICATION_CONTEXT(
'Core Data for Automotive Mechanical Design Process');
#2275=PRODUCT_CONTEXT('part definition',#2274,'mechanical');
#2276=PRODUCT('e','e',$,(#2275));
#2277=PRESENTATION_STYLE_ASSIGNMENT((#2278));
#2278=SURFACE_STYLE_USAGE(.BOTH.,#2281);
#2279=SURFACE_STYLE_RENDERING_WITH_PROPERTIES($,#2285,(#2280));
#2280=SURFACE_STYLE_TRANSPARENT(0.);
#2281=SURFACE_SIDE_STYLE('',(#2282,#2279));
#2282=SURFACE_STYLE_FILL_AREA(#2283);
#2283=FILL_AREA_STYLE('',(#2284));
#2284=FILL_AREA_STYLE_COLOUR('',#2285);
#2285=COLOUR_RGB('',0.749019607843137,0.749019607843137,0.749019607843137);
ENDSEC;
END-ISO-10303-21;
