ISO-10303-21;
HEADER;
/* Generated by software containing ST-Developer
 * from STEP Tools, Inc. (www.steptools.com) 
 */

FILE_DESCRIPTION(
/* description */ (''),
/* implementation_level */ '2;1');

FILE_NAME(
/* name */ 'handler_back.stp',
/* time_stamp */ '2026-04-19T23:52:16+02:00',
/* author */ ('ksawe'),
/* organization */ (''),
/* preprocessor_version */ 'ST-DEVELOPER v20',
/* originating_system */ 'Autodesk Inventor 2025',
/* authorisation */ '');

FILE_SCHEMA (('AUTOMOTIVE_DESIGN { 1 0 10303 214 3 1 1 }'));
ENDSEC;

DATA;
#10=MECHANICAL_DESIGN_GEOMETRIC_PRESENTATION_REPRESENTATION('',(#13,#14),
#4472);
#11=SHAPE_REPRESENTATION_RELATIONSHIP('SRR','None',#4479,#12);
#12=ADVANCED_BREP_SHAPE_REPRESENTATION('',(#15,#16),#4471);
#13=STYLED_ITEM('',(#4488),#15);
#14=STYLED_ITEM('',(#4488),#16);
#15=MANIFOLD_SOLID_BREP('Solid2',#2554);
#16=MANIFOLD_SOLID_BREP('Solid2',#2555);
#17=CONICAL_SURFACE('',#2832,0.5,1.02974425867665);
#18=CONICAL_SURFACE('',#2839,0.5,1.02974425867665);
#19=CONICAL_SURFACE('',#2846,0.5,1.02974425867665);
#20=CONICAL_SURFACE('',#2853,0.5,1.02974425867665);
#21=FACE_BOUND('',#301,.T.);
#22=FACE_BOUND('',#302,.T.);
#23=FACE_BOUND('',#303,.T.);
#24=FACE_BOUND('',#304,.T.);
#25=FACE_BOUND('',#305,.T.);
#26=FACE_BOUND('',#306,.T.);
#27=FACE_BOUND('',#330,.T.);
#28=FACE_BOUND('',#331,.T.);
#29=FACE_BOUND('',#332,.T.);
#30=FACE_BOUND('',#333,.T.);
#31=FACE_BOUND('',#334,.T.);
#32=FACE_BOUND('',#335,.T.);
#33=FACE_BOUND('',#338,.T.);
#34=FACE_BOUND('',#339,.T.);
#35=FACE_BOUND('',#340,.T.);
#36=FACE_BOUND('',#341,.T.);
#37=FACE_BOUND('',#342,.T.);
#38=FACE_BOUND('',#343,.T.);
#39=FACE_BOUND('',#379,.T.);
#40=FACE_BOUND('',#380,.T.);
#41=FACE_BOUND('',#381,.T.);
#42=FACE_BOUND('',#382,.T.);
#43=FACE_BOUND('',#383,.T.);
#44=FACE_BOUND('',#384,.T.);
#45=FACE_BOUND('',#415,.T.);
#46=FACE_BOUND('',#420,.T.);
#47=FACE_BOUND('',#425,.T.);
#48=FACE_BOUND('',#430,.T.);
#49=FACE_BOUND('',#434,.T.);
#50=FACE_BOUND('',#442,.T.);
#51=FACE_BOUND('',#456,.T.);
#52=FACE_BOUND('',#457,.T.);
#53=FACE_BOUND('',#458,.T.);
#54=FACE_BOUND('',#459,.T.);
#55=FACE_BOUND('',#460,.T.);
#56=FACE_BOUND('',#461,.T.);
#57=FACE_BOUND('',#466,.T.);
#58=FACE_BOUND('',#470,.T.);
#59=ELLIPSE('',#2606,5.65685424949238,4.);
#60=ELLIPSE('',#2714,5.65685424949238,4.);
#61=TOROIDAL_SURFACE('',#2595,7.99999999999998,4.);
#62=TOROIDAL_SURFACE('',#2600,8.00000000000001,4.);
#63=TOROIDAL_SURFACE('',#2631,8.00000000000002,4.);
#64=TOROIDAL_SURFACE('',#2639,7.99999999999999,4.);
#65=TOROIDAL_SURFACE('',#2651,7.99999999999999,4.);
#66=TOROIDAL_SURFACE('',#2707,8.00000000000003,4.);
#67=TOROIDAL_SURFACE('',#2735,7.99999999999998,3.99999999999999);
#68=TOROIDAL_SURFACE('',#2742,8.00000000000001,4.);
#69=TOROIDAL_SURFACE('',#2748,8.,4.);
#70=TOROIDAL_SURFACE('',#2755,8.00000000000001,4.00000000000001);
#71=TOROIDAL_SURFACE('',#2781,8.00000000000001,4.);
#72=TOROIDAL_SURFACE('',#2788,8.00000000000001,4.);
#73=PLANE('',#2588);
#74=PLANE('',#2619);
#75=PLANE('',#2620);
#76=PLANE('',#2622);
#77=PLANE('',#2630);
#78=PLANE('',#2678);
#79=PLANE('',#2679);
#80=PLANE('',#2680);
#81=PLANE('',#2687);
#82=PLANE('',#2688);
#83=PLANE('',#2706);
#84=PLANE('',#2722);
#85=PLANE('',#2766);
#86=PLANE('',#2767);
#87=PLANE('',#2770);
#88=PLANE('',#2771);
#89=PLANE('',#2772);
#90=PLANE('',#2773);
#91=PLANE('',#2809);
#92=PLANE('',#2810);
#93=PLANE('',#2811);
#94=PLANE('',#2834);
#95=PLANE('',#2841);
#96=PLANE('',#2848);
#97=PLANE('',#2855);
#98=PLANE('',#2860);
#99=PLANE('',#2863);
#100=PLANE('',#2864);
#101=PLANE('',#2866);
#102=PLANE('',#2868);
#103=PLANE('',#2871);
#104=PLANE('',#2874);
#105=PLANE('',#2875);
#106=PLANE('',#2876);
#107=PLANE('',#2877);
#108=PLANE('',#2878);
#109=PLANE('',#2879);
#110=PLANE('',#2880);
#111=PLANE('',#2881);
#112=PLANE('',#2882);
#113=PLANE('',#2883);
#114=PLANE('',#2884);
#115=PLANE('',#2885);
#116=PLANE('',#2886);
#117=PLANE('',#2887);
#118=PLANE('',#2888);
#119=PLANE('',#2889);
#120=PLANE('',#2898);
#121=SPHERICAL_SURFACE('',#2582,4.);
#122=SPHERICAL_SURFACE('',#2591,4.);
#123=SPHERICAL_SURFACE('',#2647,4.);
#124=SPHERICAL_SURFACE('',#2656,4.);
#125=SPHERICAL_SURFACE('',#2660,4.);
#126=SPHERICAL_SURFACE('',#2715,4.00000000000001);
#127=SPHERICAL_SURFACE('',#2723,3.99999999999999);
#128=SPHERICAL_SURFACE('',#2730,3.99999999999999);
#129=SPHERICAL_SURFACE('',#2794,4.);
#130=SPHERICAL_SURFACE('',#2800,4.);
#131=FACE_OUTER_BOUND('',#282,.T.);
#132=FACE_OUTER_BOUND('',#283,.T.);
#133=FACE_OUTER_BOUND('',#284,.T.);
#134=FACE_OUTER_BOUND('',#285,.T.);
#135=FACE_OUTER_BOUND('',#286,.T.);
#136=FACE_OUTER_BOUND('',#287,.T.);
#137=FACE_OUTER_BOUND('',#288,.T.);
#138=FACE_OUTER_BOUND('',#289,.T.);
#139=FACE_OUTER_BOUND('',#290,.T.);
#140=FACE_OUTER_BOUND('',#291,.T.);
#141=FACE_OUTER_BOUND('',#292,.T.);
#142=FACE_OUTER_BOUND('',#293,.T.);
#143=FACE_OUTER_BOUND('',#294,.T.);
#144=FACE_OUTER_BOUND('',#295,.T.);
#145=FACE_OUTER_BOUND('',#296,.T.);
#146=FACE_OUTER_BOUND('',#297,.T.);
#147=FACE_OUTER_BOUND('',#298,.T.);
#148=FACE_OUTER_BOUND('',#299,.T.);
#149=FACE_OUTER_BOUND('',#300,.T.);
#150=FACE_OUTER_BOUND('',#307,.T.);
#151=FACE_OUTER_BOUND('',#308,.T.);
#152=FACE_OUTER_BOUND('',#309,.T.);
#153=FACE_OUTER_BOUND('',#310,.T.);
#154=FACE_OUTER_BOUND('',#311,.T.);
#155=FACE_OUTER_BOUND('',#312,.T.);
#156=FACE_OUTER_BOUND('',#313,.T.);
#157=FACE_OUTER_BOUND('',#314,.T.);
#158=FACE_OUTER_BOUND('',#315,.T.);
#159=FACE_OUTER_BOUND('',#316,.T.);
#160=FACE_OUTER_BOUND('',#317,.T.);
#161=FACE_OUTER_BOUND('',#318,.T.);
#162=FACE_OUTER_BOUND('',#319,.T.);
#163=FACE_OUTER_BOUND('',#320,.T.);
#164=FACE_OUTER_BOUND('',#321,.T.);
#165=FACE_OUTER_BOUND('',#322,.T.);
#166=FACE_OUTER_BOUND('',#323,.T.);
#167=FACE_OUTER_BOUND('',#324,.T.);
#168=FACE_OUTER_BOUND('',#325,.T.);
#169=FACE_OUTER_BOUND('',#326,.T.);
#170=FACE_OUTER_BOUND('',#327,.T.);
#171=FACE_OUTER_BOUND('',#328,.T.);
#172=FACE_OUTER_BOUND('',#329,.T.);
#173=FACE_OUTER_BOUND('',#336,.T.);
#174=FACE_OUTER_BOUND('',#337,.T.);
#175=FACE_OUTER_BOUND('',#344,.T.);
#176=FACE_OUTER_BOUND('',#345,.T.);
#177=FACE_OUTER_BOUND('',#346,.T.);
#178=FACE_OUTER_BOUND('',#347,.T.);
#179=FACE_OUTER_BOUND('',#348,.T.);
#180=FACE_OUTER_BOUND('',#349,.T.);
#181=FACE_OUTER_BOUND('',#350,.T.);
#182=FACE_OUTER_BOUND('',#351,.T.);
#183=FACE_OUTER_BOUND('',#352,.T.);
#184=FACE_OUTER_BOUND('',#353,.T.);
#185=FACE_OUTER_BOUND('',#354,.T.);
#186=FACE_OUTER_BOUND('',#355,.T.);
#187=FACE_OUTER_BOUND('',#356,.T.);
#188=FACE_OUTER_BOUND('',#357,.T.);
#189=FACE_OUTER_BOUND('',#358,.T.);
#190=FACE_OUTER_BOUND('',#359,.T.);
#191=FACE_OUTER_BOUND('',#360,.T.);
#192=FACE_OUTER_BOUND('',#361,.T.);
#193=FACE_OUTER_BOUND('',#362,.T.);
#194=FACE_OUTER_BOUND('',#363,.T.);
#195=FACE_OUTER_BOUND('',#364,.T.);
#196=FACE_OUTER_BOUND('',#365,.T.);
#197=FACE_OUTER_BOUND('',#366,.T.);
#198=FACE_OUTER_BOUND('',#367,.T.);
#199=FACE_OUTER_BOUND('',#368,.T.);
#200=FACE_OUTER_BOUND('',#369,.T.);
#201=FACE_OUTER_BOUND('',#370,.T.);
#202=FACE_OUTER_BOUND('',#371,.T.);
#203=FACE_OUTER_BOUND('',#372,.T.);
#204=FACE_OUTER_BOUND('',#373,.T.);
#205=FACE_OUTER_BOUND('',#374,.T.);
#206=FACE_OUTER_BOUND('',#375,.T.);
#207=FACE_OUTER_BOUND('',#376,.T.);
#208=FACE_OUTER_BOUND('',#377,.T.);
#209=FACE_OUTER_BOUND('',#378,.T.);
#210=FACE_OUTER_BOUND('',#385,.T.);
#211=FACE_OUTER_BOUND('',#386,.T.);
#212=FACE_OUTER_BOUND('',#387,.T.);
#213=FACE_OUTER_BOUND('',#388,.T.);
#214=FACE_OUTER_BOUND('',#389,.T.);
#215=FACE_OUTER_BOUND('',#390,.T.);
#216=FACE_OUTER_BOUND('',#391,.T.);
#217=FACE_OUTER_BOUND('',#392,.T.);
#218=FACE_OUTER_BOUND('',#393,.T.);
#219=FACE_OUTER_BOUND('',#394,.T.);
#220=FACE_OUTER_BOUND('',#395,.T.);
#221=FACE_OUTER_BOUND('',#396,.T.);
#222=FACE_OUTER_BOUND('',#397,.T.);
#223=FACE_OUTER_BOUND('',#398,.T.);
#224=FACE_OUTER_BOUND('',#399,.T.);
#225=FACE_OUTER_BOUND('',#400,.T.);
#226=FACE_OUTER_BOUND('',#401,.T.);
#227=FACE_OUTER_BOUND('',#402,.T.);
#228=FACE_OUTER_BOUND('',#403,.T.);
#229=FACE_OUTER_BOUND('',#404,.T.);
#230=FACE_OUTER_BOUND('',#405,.T.);
#231=FACE_OUTER_BOUND('',#406,.T.);
#232=FACE_OUTER_BOUND('',#407,.T.);
#233=FACE_OUTER_BOUND('',#408,.T.);
#234=FACE_OUTER_BOUND('',#409,.T.);
#235=FACE_OUTER_BOUND('',#410,.T.);
#236=FACE_OUTER_BOUND('',#411,.T.);
#237=FACE_OUTER_BOUND('',#412,.T.);
#238=FACE_OUTER_BOUND('',#413,.T.);
#239=FACE_OUTER_BOUND('',#414,.T.);
#240=FACE_OUTER_BOUND('',#416,.T.);
#241=FACE_OUTER_BOUND('',#417,.T.);
#242=FACE_OUTER_BOUND('',#418,.T.);
#243=FACE_OUTER_BOUND('',#419,.T.);
#244=FACE_OUTER_BOUND('',#421,.T.);
#245=FACE_OUTER_BOUND('',#422,.T.);
#246=FACE_OUTER_BOUND('',#423,.T.);
#247=FACE_OUTER_BOUND('',#424,.T.);
#248=FACE_OUTER_BOUND('',#426,.T.);
#249=FACE_OUTER_BOUND('',#427,.T.);
#250=FACE_OUTER_BOUND('',#428,.T.);
#251=FACE_OUTER_BOUND('',#429,.T.);
#252=FACE_OUTER_BOUND('',#431,.T.);
#253=FACE_OUTER_BOUND('',#432,.T.);
#254=FACE_OUTER_BOUND('',#433,.T.);
#255=FACE_OUTER_BOUND('',#435,.T.);
#256=FACE_OUTER_BOUND('',#436,.T.);
#257=FACE_OUTER_BOUND('',#437,.T.);
#258=FACE_OUTER_BOUND('',#438,.T.);
#259=FACE_OUTER_BOUND('',#439,.T.);
#260=FACE_OUTER_BOUND('',#440,.T.);
#261=FACE_OUTER_BOUND('',#441,.T.);
#262=FACE_OUTER_BOUND('',#443,.T.);
#263=FACE_OUTER_BOUND('',#444,.T.);
#264=FACE_OUTER_BOUND('',#445,.T.);
#265=FACE_OUTER_BOUND('',#446,.T.);
#266=FACE_OUTER_BOUND('',#447,.T.);
#267=FACE_OUTER_BOUND('',#448,.T.);
#268=FACE_OUTER_BOUND('',#449,.T.);
#269=FACE_OUTER_BOUND('',#450,.T.);
#270=FACE_OUTER_BOUND('',#451,.T.);
#271=FACE_OUTER_BOUND('',#452,.T.);
#272=FACE_OUTER_BOUND('',#453,.T.);
#273=FACE_OUTER_BOUND('',#454,.T.);
#274=FACE_OUTER_BOUND('',#455,.T.);
#275=FACE_OUTER_BOUND('',#462,.T.);
#276=FACE_OUTER_BOUND('',#463,.T.);
#277=FACE_OUTER_BOUND('',#464,.T.);
#278=FACE_OUTER_BOUND('',#465,.T.);
#279=FACE_OUTER_BOUND('',#467,.T.);
#280=FACE_OUTER_BOUND('',#468,.T.);
#281=FACE_OUTER_BOUND('',#469,.T.);
#282=EDGE_LOOP('',(#1604,#1605,#1606,#1607,#1608,#1609));
#283=EDGE_LOOP('',(#1610,#1611,#1612));
#284=EDGE_LOOP('',(#1613,#1614,#1615,#1616));
#285=EDGE_LOOP('',(#1617,#1618,#1619,#1620));
#286=EDGE_LOOP('',(#1621,#1622,#1623,#1624));
#287=EDGE_LOOP('',(#1625,#1626,#1627));
#288=EDGE_LOOP('',(#1628,#1629,#1630,#1631));
#289=EDGE_LOOP('',(#1632,#1633,#1634,#1635));
#290=EDGE_LOOP('',(#1636,#1637,#1638,#1639));
#291=EDGE_LOOP('',(#1640,#1641,#1642,#1643));
#292=EDGE_LOOP('',(#1644,#1645,#1646,#1647));
#293=EDGE_LOOP('',(#1648,#1649,#1650,#1651));
#294=EDGE_LOOP('',(#1652,#1653,#1654,#1655));
#295=EDGE_LOOP('',(#1656,#1657,#1658,#1659));
#296=EDGE_LOOP('',(#1660,#1661,#1662,#1663));
#297=EDGE_LOOP('',(#1664,#1665,#1666,#1667));
#298=EDGE_LOOP('',(#1668,#1669,#1670,#1671));
#299=EDGE_LOOP('',(#1672,#1673,#1674,#1675,#1676,#1677,#1678,#1679,#1680,
#1681,#1682,#1683));
#300=EDGE_LOOP('',(#1684,#1685,#1686,#1687,#1688,#1689));
#301=EDGE_LOOP('',(#1690));
#302=EDGE_LOOP('',(#1691));
#303=EDGE_LOOP('',(#1692));
#304=EDGE_LOOP('',(#1693));
#305=EDGE_LOOP('',(#1694));
#306=EDGE_LOOP('',(#1695));
#307=EDGE_LOOP('',(#1696,#1697,#1698,#1699));
#308=EDGE_LOOP('',(#1700,#1701,#1702,#1703));
#309=EDGE_LOOP('',(#1704,#1705,#1706,#1707));
#310=EDGE_LOOP('',(#1708,#1709,#1710,#1711));
#311=EDGE_LOOP('',(#1712,#1713,#1714,#1715));
#312=EDGE_LOOP('',(#1716,#1717,#1718,#1719));
#313=EDGE_LOOP('',(#1720,#1721,#1722,#1723));
#314=EDGE_LOOP('',(#1724,#1725,#1726));
#315=EDGE_LOOP('',(#1727,#1728,#1729,#1730));
#316=EDGE_LOOP('',(#1731,#1732,#1733));
#317=EDGE_LOOP('',(#1734,#1735,#1736));
#318=EDGE_LOOP('',(#1737,#1738,#1739,#1740));
#319=EDGE_LOOP('',(#1741,#1742,#1743,#1744));
#320=EDGE_LOOP('',(#1745,#1746,#1747,#1748));
#321=EDGE_LOOP('',(#1749,#1750,#1751,#1752));
#322=EDGE_LOOP('',(#1753,#1754,#1755,#1756));
#323=EDGE_LOOP('',(#1757,#1758,#1759,#1760));
#324=EDGE_LOOP('',(#1761,#1762,#1763,#1764));
#325=EDGE_LOOP('',(#1765,#1766,#1767,#1768));
#326=EDGE_LOOP('',(#1769,#1770,#1771,#1772));
#327=EDGE_LOOP('',(#1773,#1774,#1775,#1776));
#328=EDGE_LOOP('',(#1777,#1778,#1779,#1780));
#329=EDGE_LOOP('',(#1781,#1782,#1783,#1784,#1785,#1786));
#330=EDGE_LOOP('',(#1787));
#331=EDGE_LOOP('',(#1788));
#332=EDGE_LOOP('',(#1789));
#333=EDGE_LOOP('',(#1790));
#334=EDGE_LOOP('',(#1791));
#335=EDGE_LOOP('',(#1792));
#336=EDGE_LOOP('',(#1793,#1794,#1795,#1796));
#337=EDGE_LOOP('',(#1797,#1798,#1799,#1800,#1801,#1802,#1803,#1804,#1805,
#1806,#1807,#1808,#1809,#1810,#1811,#1812,#1813,#1814,#1815,#1816,#1817,
#1818,#1819,#1820,#1821,#1822,#1823,#1824,#1825,#1826,#1827,#1828,#1829));
#338=EDGE_LOOP('',(#1830,#1831,#1832,#1833,#1834,#1835,#1836,#1837,#1838,
#1839,#1840,#1841,#1842,#1843,#1844,#1845));
#339=EDGE_LOOP('',(#1846));
#340=EDGE_LOOP('',(#1847));
#341=EDGE_LOOP('',(#1848));
#342=EDGE_LOOP('',(#1849));
#343=EDGE_LOOP('',(#1850,#1851,#1852,#1853,#1854,#1855,#1856,#1857,#1858,
#1859,#1860,#1861,#1862,#1863,#1864,#1865));
#344=EDGE_LOOP('',(#1866,#1867,#1868,#1869));
#345=EDGE_LOOP('',(#1870,#1871,#1872,#1873));
#346=EDGE_LOOP('',(#1874,#1875,#1876,#1877));
#347=EDGE_LOOP('',(#1878,#1879,#1880,#1881));
#348=EDGE_LOOP('',(#1882,#1883,#1884,#1885));
#349=EDGE_LOOP('',(#1886,#1887,#1888));
#350=EDGE_LOOP('',(#1889,#1890,#1891,#1892));
#351=EDGE_LOOP('',(#1893,#1894,#1895,#1896));
#352=EDGE_LOOP('',(#1897,#1898,#1899,#1900));
#353=EDGE_LOOP('',(#1901,#1902,#1903,#1904));
#354=EDGE_LOOP('',(#1905,#1906,#1907));
#355=EDGE_LOOP('',(#1908,#1909,#1910,#1911));
#356=EDGE_LOOP('',(#1912,#1913,#1914,#1915));
#357=EDGE_LOOP('',(#1916,#1917,#1918));
#358=EDGE_LOOP('',(#1919,#1920,#1921,#1922));
#359=EDGE_LOOP('',(#1923,#1924,#1925,#1926));
#360=EDGE_LOOP('',(#1927,#1928,#1929,#1930));
#361=EDGE_LOOP('',(#1931,#1932,#1933,#1934));
#362=EDGE_LOOP('',(#1935,#1936,#1937,#1938));
#363=EDGE_LOOP('',(#1939,#1940,#1941,#1942));
#364=EDGE_LOOP('',(#1943,#1944,#1945,#1946));
#365=EDGE_LOOP('',(#1947,#1948,#1949,#1950));
#366=EDGE_LOOP('',(#1951,#1952,#1953,#1954));
#367=EDGE_LOOP('',(#1955,#1956,#1957,#1958));
#368=EDGE_LOOP('',(#1959,#1960,#1961,#1962));
#369=EDGE_LOOP('',(#1963,#1964,#1965,#1966));
#370=EDGE_LOOP('',(#1967,#1968,#1969,#1970));
#371=EDGE_LOOP('',(#1971,#1972,#1973,#1974));
#372=EDGE_LOOP('',(#1975,#1976,#1977,#1978));
#373=EDGE_LOOP('',(#1979,#1980,#1981,#1982));
#374=EDGE_LOOP('',(#1983,#1984,#1985,#1986,#1987,#1988,#1989,#1990));
#375=EDGE_LOOP('',(#1991,#1992,#1993,#1994));
#376=EDGE_LOOP('',(#1995,#1996,#1997,#1998));
#377=EDGE_LOOP('',(#1999,#2000,#2001,#2002));
#378=EDGE_LOOP('',(#2003,#2004,#2005,#2006,#2007,#2008));
#379=EDGE_LOOP('',(#2009));
#380=EDGE_LOOP('',(#2010));
#381=EDGE_LOOP('',(#2011));
#382=EDGE_LOOP('',(#2012));
#383=EDGE_LOOP('',(#2013));
#384=EDGE_LOOP('',(#2014));
#385=EDGE_LOOP('',(#2015,#2016,#2017,#2018));
#386=EDGE_LOOP('',(#2019,#2020,#2021,#2022));
#387=EDGE_LOOP('',(#2023,#2024,#2025,#2026));
#388=EDGE_LOOP('',(#2027,#2028,#2029,#2030));
#389=EDGE_LOOP('',(#2031,#2032,#2033,#2034));
#390=EDGE_LOOP('',(#2035,#2036,#2037));
#391=EDGE_LOOP('',(#2038,#2039,#2040,#2041));
#392=EDGE_LOOP('',(#2042,#2043,#2044,#2045));
#393=EDGE_LOOP('',(#2046,#2047,#2048));
#394=EDGE_LOOP('',(#2049,#2050,#2051,#2052));
#395=EDGE_LOOP('',(#2053,#2054,#2055,#2056));
#396=EDGE_LOOP('',(#2057,#2058,#2059,#2060));
#397=EDGE_LOOP('',(#2061,#2062,#2063,#2064));
#398=EDGE_LOOP('',(#2065,#2066,#2067,#2068));
#399=EDGE_LOOP('',(#2069,#2070,#2071,#2072));
#400=EDGE_LOOP('',(#2073,#2074,#2075,#2076,#2077,#2078,#2079));
#401=EDGE_LOOP('',(#2080,#2081,#2082,#2083));
#402=EDGE_LOOP('',(#2084,#2085,#2086,#2087));
#403=EDGE_LOOP('',(#2088,#2089,#2090,#2091));
#404=EDGE_LOOP('',(#2092,#2093,#2094,#2095));
#405=EDGE_LOOP('',(#2096,#2097,#2098,#2099));
#406=EDGE_LOOP('',(#2100,#2101,#2102,#2103));
#407=EDGE_LOOP('',(#2104,#2105,#2106,#2107));
#408=EDGE_LOOP('',(#2108,#2109,#2110,#2111));
#409=EDGE_LOOP('',(#2112,#2113,#2114,#2115));
#410=EDGE_LOOP('',(#2116,#2117,#2118,#2119));
#411=EDGE_LOOP('',(#2120,#2121,#2122,#2123));
#412=EDGE_LOOP('',(#2124,#2125,#2126,#2127));
#413=EDGE_LOOP('',(#2128,#2129,#2130));
#414=EDGE_LOOP('',(#2131));
#415=EDGE_LOOP('',(#2132));
#416=EDGE_LOOP('',(#2133,#2134,#2135,#2136));
#417=EDGE_LOOP('',(#2137,#2138,#2139,#2140));
#418=EDGE_LOOP('',(#2141,#2142,#2143));
#419=EDGE_LOOP('',(#2144));
#420=EDGE_LOOP('',(#2145));
#421=EDGE_LOOP('',(#2146,#2147,#2148,#2149));
#422=EDGE_LOOP('',(#2150,#2151,#2152,#2153));
#423=EDGE_LOOP('',(#2154,#2155,#2156));
#424=EDGE_LOOP('',(#2157));
#425=EDGE_LOOP('',(#2158));
#426=EDGE_LOOP('',(#2159,#2160,#2161,#2162));
#427=EDGE_LOOP('',(#2163,#2164,#2165,#2166));
#428=EDGE_LOOP('',(#2167,#2168,#2169));
#429=EDGE_LOOP('',(#2170));
#430=EDGE_LOOP('',(#2171));
#431=EDGE_LOOP('',(#2172,#2173,#2174,#2175));
#432=EDGE_LOOP('',(#2176,#2177,#2178,#2179));
#433=EDGE_LOOP('',(#2180,#2181,#2182,#2183,#2184));
#434=EDGE_LOOP('',(#2185));
#435=EDGE_LOOP('',(#2186,#2187,#2188,#2189));
#436=EDGE_LOOP('',(#2190,#2191,#2192));
#437=EDGE_LOOP('',(#2193,#2194,#2195));
#438=EDGE_LOOP('',(#2196,#2197,#2198,#2199,#2200,#2201,#2202));
#439=EDGE_LOOP('',(#2203,#2204,#2205,#2206));
#440=EDGE_LOOP('',(#2207,#2208,#2209,#2210,#2211));
#441=EDGE_LOOP('',(#2212));
#442=EDGE_LOOP('',(#2213));
#443=EDGE_LOOP('',(#2214,#2215,#2216,#2217));
#444=EDGE_LOOP('',(#2218,#2219,#2220,#2221));
#445=EDGE_LOOP('',(#2222,#2223,#2224,#2225,#2226,#2227,#2228,#2229,#2230,
#2231,#2232,#2233));
#446=EDGE_LOOP('',(#2234,#2235,#2236,#2237));
#447=EDGE_LOOP('',(#2238,#2239,#2240,#2241));
#448=EDGE_LOOP('',(#2242,#2243,#2244,#2245));
#449=EDGE_LOOP('',(#2246,#2247,#2248,#2249));
#450=EDGE_LOOP('',(#2250,#2251,#2252,#2253));
#451=EDGE_LOOP('',(#2254,#2255,#2256,#2257));
#452=EDGE_LOOP('',(#2258,#2259,#2260,#2261));
#453=EDGE_LOOP('',(#2262,#2263,#2264,#2265));
#454=EDGE_LOOP('',(#2266,#2267,#2268,#2269));
#455=EDGE_LOOP('',(#2270,#2271,#2272,#2273,#2274,#2275));
#456=EDGE_LOOP('',(#2276));
#457=EDGE_LOOP('',(#2277));
#458=EDGE_LOOP('',(#2278));
#459=EDGE_LOOP('',(#2279));
#460=EDGE_LOOP('',(#2280));
#461=EDGE_LOOP('',(#2281));
#462=EDGE_LOOP('',(#2282,#2283,#2284,#2285));
#463=EDGE_LOOP('',(#2286,#2287,#2288,#2289));
#464=EDGE_LOOP('',(#2290,#2291,#2292,#2293,#2294,#2295,#2296,#2297,#2298,
#2299,#2300,#2301,#2302,#2303,#2304,#2305,#2306,#2307,#2308,#2309));
#465=EDGE_LOOP('',(#2310));
#466=EDGE_LOOP('',(#2311));
#467=EDGE_LOOP('',(#2312,#2313,#2314,#2315,#2316,#2317));
#468=EDGE_LOOP('',(#2318,#2319,#2320,#2321));
#469=EDGE_LOOP('',(#2322,#2323,#2324));
#470=EDGE_LOOP('',(#2325));
#471=CIRCLE('',#2579,11.5);
#472=CIRCLE('',#2580,11.5);
#473=CIRCLE('',#2581,11.5);
#474=CIRCLE('',#2583,4.);
#475=CIRCLE('',#2584,4.);
#476=CIRCLE('',#2585,4.);
#477=CIRCLE('',#2587,4.);
#478=CIRCLE('',#2590,4.);
#479=CIRCLE('',#2592,4.);
#480=CIRCLE('',#2593,4.);
#481=CIRCLE('',#2594,3.99999999999999);
#482=CIRCLE('',#2596,7.99999999999997);
#483=CIRCLE('',#2597,4.);
#484=CIRCLE('',#2598,4.);
#485=CIRCLE('',#2599,4.);
#486=CIRCLE('',#2601,8.);
#487=CIRCLE('',#2602,4.);
#488=CIRCLE('',#2603,4.);
#489=CIRCLE('',#2604,4.);
#490=CIRCLE('',#2608,4.);
#491=CIRCLE('',#2611,4.);
#492=CIRCLE('',#2613,4.);
#493=CIRCLE('',#2616,4.);
#494=CIRCLE('',#2618,4.);
#495=CIRCLE('',#2621,7.99999999999997);
#496=CIRCLE('',#2623,4.);
#497=CIRCLE('',#2624,1.5);
#498=CIRCLE('',#2625,1.5);
#499=CIRCLE('',#2626,1.5);
#500=CIRCLE('',#2627,1.5);
#501=CIRCLE('',#2628,1.5);
#502=CIRCLE('',#2629,1.5);
#503=CIRCLE('',#2632,7.99999999999995);
#504=CIRCLE('',#2633,4.);
#505=CIRCLE('',#2634,4.);
#506=CIRCLE('',#2635,4.);
#507=CIRCLE('',#2638,4.);
#508=CIRCLE('',#2640,7.99999999999999);
#509=CIRCLE('',#2641,4.);
#510=CIRCLE('',#2642,4.);
#511=CIRCLE('',#2643,4.);
#512=CIRCLE('',#2646,4.);
#513=CIRCLE('',#2648,4.);
#514=CIRCLE('',#2649,4.);
#515=CIRCLE('',#2650,4.);
#516=CIRCLE('',#2652,7.99999999999997);
#517=CIRCLE('',#2653,4.00000000000001);
#518=CIRCLE('',#2654,4.);
#519=CIRCLE('',#2655,4.);
#520=CIRCLE('',#2657,4.);
#521=CIRCLE('',#2658,4.);
#522=CIRCLE('',#2659,4.);
#523=CIRCLE('',#2661,4.00000000000001);
#524=CIRCLE('',#2662,4.);
#525=CIRCLE('',#2663,4.);
#526=CIRCLE('',#2667,4.);
#527=CIRCLE('',#2670,4.);
#528=CIRCLE('',#2672,4.);
#529=CIRCLE('',#2674,4.);
#530=CIRCLE('',#2677,4.);
#531=CIRCLE('',#2681,1.5);
#532=CIRCLE('',#2682,1.5);
#533=CIRCLE('',#2683,1.5);
#534=CIRCLE('',#2684,1.5);
#535=CIRCLE('',#2685,1.5);
#536=CIRCLE('',#2686,1.5);
#537=CIRCLE('',#2689,4.);
#538=CIRCLE('',#2690,4.);
#539=CIRCLE('',#2691,4.);
#540=CIRCLE('',#2692,4.);
#541=CIRCLE('',#2693,4.);
#542=CIRCLE('',#2694,4.);
#543=CIRCLE('',#2695,4.);
#544=CIRCLE('',#2696,4.);
#545=CIRCLE('',#2697,4.);
#546=CIRCLE('',#2698,4.);
#547=CIRCLE('',#2699,4.);
#548=CIRCLE('',#2700,4.);
#549=CIRCLE('',#2701,4.);
#550=CIRCLE('',#2702,1.95);
#551=CIRCLE('',#2703,1.95);
#552=CIRCLE('',#2704,1.95);
#553=CIRCLE('',#2705,1.95);
#554=CIRCLE('',#2708,4.);
#555=CIRCLE('',#2709,4.);
#556=CIRCLE('',#2710,4.);
#557=CIRCLE('',#2716,4.);
#558=CIRCLE('',#2717,4.00000000000001);
#559=CIRCLE('',#2718,4.);
#560=CIRCLE('',#2724,4.);
#561=CIRCLE('',#2725,3.99999999999999);
#562=CIRCLE('',#2726,4.);
#563=CIRCLE('',#2729,4.);
#564=CIRCLE('',#2731,4.00000000000002);
#565=CIRCLE('',#2732,3.99999999999999);
#566=CIRCLE('',#2733,4.);
#567=CIRCLE('',#2736,3.99999999999999);
#568=CIRCLE('',#2737,4.);
#569=CIRCLE('',#2738,4.);
#570=CIRCLE('',#2739,8.00000000000002);
#571=CIRCLE('',#2743,4.);
#572=CIRCLE('',#2744,4.00000000000001);
#573=CIRCLE('',#2745,4.);
#574=CIRCLE('',#2746,7.99999999999999);
#575=CIRCLE('',#2749,4.);
#576=CIRCLE('',#2750,3.99999999999999);
#577=CIRCLE('',#2751,4.);
#578=CIRCLE('',#2752,8.);
#579=CIRCLE('',#2756,4.00000000000001);
#580=CIRCLE('',#2757,4.);
#581=CIRCLE('',#2758,4.);
#582=CIRCLE('',#2759,7.99999999999999);
#583=CIRCLE('',#2765,4.);
#584=CIRCLE('',#2768,11.5);
#585=CIRCLE('',#2769,11.5);
#586=CIRCLE('',#2774,4.);
#587=CIRCLE('',#2775,1.5);
#588=CIRCLE('',#2776,1.5);
#589=CIRCLE('',#2777,1.5);
#590=CIRCLE('',#2778,1.5);
#591=CIRCLE('',#2779,1.5);
#592=CIRCLE('',#2780,1.5);
#593=CIRCLE('',#2782,4.);
#594=CIRCLE('',#2783,4.);
#595=CIRCLE('',#2784,4.);
#596=CIRCLE('',#2785,8.);
#597=CIRCLE('',#2789,4.);
#598=CIRCLE('',#2790,4.00000000000001);
#599=CIRCLE('',#2791,4.);
#600=CIRCLE('',#2792,7.99999999999999);
#601=CIRCLE('',#2795,4.);
#602=CIRCLE('',#2796,4.);
#603=CIRCLE('',#2797,4.);
#604=CIRCLE('',#2801,3.99999999999999);
#605=CIRCLE('',#2802,4.);
#606=CIRCLE('',#2803,4.);
#607=CIRCLE('',#2808,4.);
#608=CIRCLE('',#2812,11.5);
#609=CIRCLE('',#2813,11.5);
#610=CIRCLE('',#2821,1.5);
#611=CIRCLE('',#2823,1.5);
#612=CIRCLE('',#2825,1.5);
#613=CIRCLE('',#2827,1.5);
#614=CIRCLE('',#2829,1.5);
#615=CIRCLE('',#2831,1.5);
#616=CIRCLE('',#2833,1.);
#617=CIRCLE('',#2835,1.95);
#618=CIRCLE('',#2836,1.);
#619=CIRCLE('',#2840,1.);
#620=CIRCLE('',#2842,1.95);
#621=CIRCLE('',#2843,1.);
#622=CIRCLE('',#2847,1.);
#623=CIRCLE('',#2849,1.95);
#624=CIRCLE('',#2850,1.);
#625=CIRCLE('',#2854,1.);
#626=CIRCLE('',#2856,1.95);
#627=CIRCLE('',#2857,1.);
#628=CIRCLE('',#2861,11.5);
#629=CIRCLE('',#2862,4.25);
#630=CIRCLE('',#2865,11.5);
#631=CIRCLE('',#2870,11.5);
#632=CIRCLE('',#2872,4.25);
#633=CIRCLE('',#2890,11.5);
#634=CIRCLE('',#2891,4.25);
#635=CIRCLE('',#2893,11.5);
#636=CIRCLE('',#2894,11.5);
#637=CIRCLE('',#2895,11.5);
#638=CIRCLE('',#2897,4.25);
#639=LINE('',#3738,#830);
#640=LINE('',#3742,#831);
#641=LINE('',#3746,#832);
#642=LINE('',#3757,#833);
#643=LINE('',#3760,#834);
#644=LINE('',#3763,#835);
#645=LINE('',#3765,#836);
#646=LINE('',#3766,#837);
#647=LINE('',#3769,#838);
#648=LINE('',#3798,#839);
#649=LINE('',#3800,#840);
#650=LINE('',#3806,#841);
#651=LINE('',#3807,#842);
#652=LINE('',#3809,#843);
#653=LINE('',#3810,#844);
#654=LINE('',#3813,#845);
#655=LINE('',#3816,#846);
#656=LINE('',#3821,#847);
#657=LINE('',#3822,#848);
#658=LINE('',#3824,#849);
#659=LINE('',#3825,#850);
#660=LINE('',#3830,#851);
#661=LINE('',#3831,#852);
#662=LINE('',#3836,#853);
#663=LINE('',#3837,#854);
#664=LINE('',#3840,#855);
#665=LINE('',#3842,#856);
#666=LINE('',#3843,#857);
#667=LINE('',#3846,#858);
#668=LINE('',#3848,#859);
#669=LINE('',#3852,#860);
#670=LINE('',#3853,#861);
#671=LINE('',#3856,#862);
#672=LINE('',#3858,#863);
#673=LINE('',#3860,#864);
#674=LINE('',#3875,#865);
#675=LINE('',#3886,#866);
#676=LINE('',#3887,#867);
#677=LINE('',#3892,#868);
#678=LINE('',#3893,#869);
#679=LINE('',#3904,#870);
#680=LINE('',#3905,#871);
#681=LINE('',#3910,#872);
#682=LINE('',#3911,#873);
#683=LINE('',#3943,#874);
#684=LINE('',#3944,#875);
#685=LINE('',#3946,#876);
#686=LINE('',#3947,#877);
#687=LINE('',#3952,#878);
#688=LINE('',#3953,#879);
#689=LINE('',#3955,#880);
#690=LINE('',#3956,#881);
#691=LINE('',#3961,#882);
#692=LINE('',#3962,#883);
#693=LINE('',#3967,#884);
#694=LINE('',#3968,#885);
#695=LINE('',#3973,#886);
#696=LINE('',#3974,#887);
#697=LINE('',#3976,#888);
#698=LINE('',#3977,#889);
#699=LINE('',#3982,#890);
#700=LINE('',#3983,#891);
#701=LINE('',#3986,#892);
#702=LINE('',#3987,#893);
#703=LINE('',#3989,#894);
#704=LINE('',#3991,#895);
#705=LINE('',#3992,#896);
#706=LINE('',#4006,#897);
#707=LINE('',#4012,#898);
#708=LINE('',#4016,#899);
#709=LINE('',#4019,#900);
#710=LINE('',#4020,#901);
#711=LINE('',#4022,#902);
#712=LINE('',#4024,#903);
#713=LINE('',#4026,#904);
#714=LINE('',#4028,#905);
#715=LINE('',#4029,#906);
#716=LINE('',#4031,#907);
#717=LINE('',#4035,#908);
#718=LINE('',#4039,#909);
#719=LINE('',#4043,#910);
#720=LINE('',#4045,#911);
#721=LINE('',#4047,#912);
#722=LINE('',#4051,#913);
#723=LINE('',#4055,#914);
#724=LINE('',#4057,#915);
#725=LINE('',#4061,#916);
#726=LINE('',#4065,#917);
#727=LINE('',#4067,#918);
#728=LINE('',#4068,#919);
#729=LINE('',#4069,#920);
#730=LINE('',#4073,#921);
#731=LINE('',#4077,#922);
#732=LINE('',#4080,#923);
#733=LINE('',#4081,#924);
#734=LINE('',#4082,#925);
#735=LINE('',#4091,#926);
#736=LINE('',#4092,#927);
#737=LINE('',#4093,#928);
#738=LINE('',#4094,#929);
#739=LINE('',#4103,#930);
#740=LINE('',#4105,#931);
#741=LINE('',#4106,#932);
#742=LINE('',#4109,#933);
#743=LINE('',#4118,#934);
#744=LINE('',#4120,#935);
#745=LINE('',#4121,#936);
#746=LINE('',#4123,#937);
#747=LINE('',#4133,#938);
#748=LINE('',#4134,#939);
#749=LINE('',#4139,#940);
#750=LINE('',#4140,#941);
#751=LINE('',#4149,#942);
#752=LINE('',#4150,#943);
#753=LINE('',#4161,#944);
#754=LINE('',#4162,#945);
#755=LINE('',#4164,#946);
#756=LINE('',#4165,#947);
#757=LINE('',#4176,#948);
#758=LINE('',#4177,#949);
#759=LINE('',#4188,#950);
#760=LINE('',#4189,#951);
#761=LINE('',#4191,#952);
#762=LINE('',#4192,#953);
#763=LINE('',#4203,#954);
#764=LINE('',#4204,#955);
#765=LINE('',#4206,#956);
#766=LINE('',#4207,#957);
#767=LINE('',#4209,#958);
#768=LINE('',#4210,#959);
#769=LINE('',#4212,#960);
#770=LINE('',#4213,#961);
#771=LINE('',#4218,#962);
#772=LINE('',#4219,#963);
#773=LINE('',#4228,#964);
#774=LINE('',#4231,#965);
#775=LINE('',#4234,#966);
#776=LINE('',#4257,#967);
#777=LINE('',#4258,#968);
#778=LINE('',#4260,#969);
#779=LINE('',#4261,#970);
#780=LINE('',#4272,#971);
#781=LINE('',#4273,#972);
#782=LINE('',#4282,#973);
#783=LINE('',#4283,#974);
#784=LINE('',#4285,#975);
#785=LINE('',#4286,#976);
#786=LINE('',#4295,#977);
#787=LINE('',#4296,#978);
#788=LINE('',#4298,#979);
#789=LINE('',#4299,#980);
#790=LINE('',#4301,#981);
#791=LINE('',#4302,#982);
#792=LINE('',#4307,#983);
#793=LINE('',#4308,#984);
#794=LINE('',#4316,#985);
#795=LINE('',#4318,#986);
#796=LINE('',#4320,#987);
#797=LINE('',#4322,#988);
#798=LINE('',#4324,#989);
#799=LINE('',#4326,#990);
#800=LINE('',#4329,#991);
#801=LINE('',#4333,#992);
#802=LINE('',#4337,#993);
#803=LINE('',#4341,#994);
#804=LINE('',#4345,#995);
#805=LINE('',#4349,#996);
#806=LINE('',#4355,#997);
#807=LINE('',#4362,#998);
#808=LINE('',#4364,#999);
#809=LINE('',#4369,#1000);
#810=LINE('',#4376,#1001);
#811=LINE('',#4378,#1002);
#812=LINE('',#4383,#1003);
#813=LINE('',#4390,#1004);
#814=LINE('',#4392,#1005);
#815=LINE('',#4397,#1006);
#816=LINE('',#4404,#1007);
#817=LINE('',#4406,#1008);
#818=LINE('',#4408,#1009);
#819=LINE('',#4410,#1010);
#820=LINE('',#4415,#1011);
#821=LINE('',#4419,#1012);
#822=LINE('',#4422,#1013);
#823=LINE('',#4427,#1014);
#824=LINE('',#4432,#1015);
#825=LINE('',#4444,#1016);
#826=LINE('',#4446,#1017);
#827=LINE('',#4447,#1018);
#828=LINE('',#4458,#1019);
#829=LINE('',#4466,#1020);
#830=VECTOR('',#2903,11.5);
#831=VECTOR('',#2906,10.);
#832=VECTOR('',#2909,10.);
#833=VECTOR('',#2922,10.);
#834=VECTOR('',#2925,10.);
#835=VECTOR('',#2928,10.);
#836=VECTOR('',#2929,10.);
#837=VECTOR('',#2930,10.);
#838=VECTOR('',#2933,10.);
#839=VECTOR('',#2966,10.);
#840=VECTOR('',#2967,10.);
#841=VECTOR('',#2974,10.);
#842=VECTOR('',#2975,10.);
#843=VECTOR('',#2978,10.);
#844=VECTOR('',#2979,10.);
#845=VECTOR('',#2982,10.);
#846=VECTOR('',#2985,10.);
#847=VECTOR('',#2990,10.);
#848=VECTOR('',#2991,10.);
#849=VECTOR('',#2994,10.);
#850=VECTOR('',#2995,10.);
#851=VECTOR('',#3000,10.);
#852=VECTOR('',#3001,10.);
#853=VECTOR('',#3006,10.);
#854=VECTOR('',#3007,10.);
#855=VECTOR('',#3010,10.);
#856=VECTOR('',#3011,10.);
#857=VECTOR('',#3012,10.);
#858=VECTOR('',#3015,10.);
#859=VECTOR('',#3016,10.);
#860=VECTOR('',#3019,10.);
#861=VECTOR('',#3020,10.);
#862=VECTOR('',#3023,10.);
#863=VECTOR('',#3024,10.);
#864=VECTOR('',#3025,10.);
#865=VECTOR('',#3042,10.);
#866=VECTOR('',#3055,10.);
#867=VECTOR('',#3056,10.);
#868=VECTOR('',#3061,10.);
#869=VECTOR('',#3062,10.);
#870=VECTOR('',#3075,10.);
#871=VECTOR('',#3076,10.);
#872=VECTOR('',#3081,10.);
#873=VECTOR('',#3082,10.);
#874=VECTOR('',#3119,10.);
#875=VECTOR('',#3120,10.);
#876=VECTOR('',#3123,10.);
#877=VECTOR('',#3124,10.);
#878=VECTOR('',#3129,10.);
#879=VECTOR('',#3130,10.);
#880=VECTOR('',#3133,10.);
#881=VECTOR('',#3134,10.);
#882=VECTOR('',#3139,10.);
#883=VECTOR('',#3140,10.);
#884=VECTOR('',#3145,10.);
#885=VECTOR('',#3146,10.);
#886=VECTOR('',#3151,10.);
#887=VECTOR('',#3152,10.);
#888=VECTOR('',#3155,10.);
#889=VECTOR('',#3156,10.);
#890=VECTOR('',#3161,10.);
#891=VECTOR('',#3162,10.);
#892=VECTOR('',#3165,10.);
#893=VECTOR('',#3166,10.);
#894=VECTOR('',#3169,10.);
#895=VECTOR('',#3172,10.);
#896=VECTOR('',#3173,10.);
#897=VECTOR('',#3188,10.);
#898=VECTOR('',#3193,10.);
#899=VECTOR('',#3196,10.);
#900=VECTOR('',#3199,10.);
#901=VECTOR('',#3200,10.);
#902=VECTOR('',#3201,10.);
#903=VECTOR('',#3202,10.);
#904=VECTOR('',#3203,10.);
#905=VECTOR('',#3204,10.);
#906=VECTOR('',#3205,10.);
#907=VECTOR('',#3206,10.);
#908=VECTOR('',#3209,10.);
#909=VECTOR('',#3212,10.);
#910=VECTOR('',#3215,10.);
#911=VECTOR('',#3216,10.);
#912=VECTOR('',#3217,10.);
#913=VECTOR('',#3220,10.);
#914=VECTOR('',#3223,10.);
#915=VECTOR('',#3224,10.);
#916=VECTOR('',#3227,10.);
#917=VECTOR('',#3230,10.);
#918=VECTOR('',#3231,10.);
#919=VECTOR('',#3232,10.);
#920=VECTOR('',#3233,10.);
#921=VECTOR('',#3236,10.);
#922=VECTOR('',#3239,10.);
#923=VECTOR('',#3242,10.);
#924=VECTOR('',#3243,10.);
#925=VECTOR('',#3244,10.);
#926=VECTOR('',#3253,10.);
#927=VECTOR('',#3254,10.);
#928=VECTOR('',#3255,10.);
#929=VECTOR('',#3256,10.);
#930=VECTOR('',#3269,10.);
#931=VECTOR('',#3272,10.);
#932=VECTOR('',#3273,10.);
#933=VECTOR('',#3276,10.);
#934=VECTOR('',#3289,10.);
#935=VECTOR('',#3292,10.);
#936=VECTOR('',#3293,10.);
#937=VECTOR('',#3296,10.);
#938=VECTOR('',#3309,10.);
#939=VECTOR('',#3310,10.);
#940=VECTOR('',#3315,10.);
#941=VECTOR('',#3316,10.);
#942=VECTOR('',#3327,10.);
#943=VECTOR('',#3328,10.);
#944=VECTOR('',#3341,10.);
#945=VECTOR('',#3342,10.);
#946=VECTOR('',#3345,10.);
#947=VECTOR('',#3346,10.);
#948=VECTOR('',#3359,10.);
#949=VECTOR('',#3360,10.);
#950=VECTOR('',#3373,10.);
#951=VECTOR('',#3374,10.);
#952=VECTOR('',#3377,10.);
#953=VECTOR('',#3378,10.);
#954=VECTOR('',#3391,10.);
#955=VECTOR('',#3392,10.);
#956=VECTOR('',#3395,10.);
#957=VECTOR('',#3396,10.);
#958=VECTOR('',#3399,10.);
#959=VECTOR('',#3400,10.);
#960=VECTOR('',#3403,10.);
#961=VECTOR('',#3404,10.);
#962=VECTOR('',#3409,10.);
#963=VECTOR('',#3410,10.);
#964=VECTOR('',#3425,10.);
#965=VECTOR('',#3428,10.);
#966=VECTOR('',#3431,10.);
#967=VECTOR('',#3456,10.);
#968=VECTOR('',#3457,10.);
#969=VECTOR('',#3460,10.);
#970=VECTOR('',#3461,10.);
#971=VECTOR('',#3474,10.);
#972=VECTOR('',#3475,10.);
#973=VECTOR('',#3486,10.);
#974=VECTOR('',#3487,10.);
#975=VECTOR('',#3490,10.);
#976=VECTOR('',#3491,10.);
#977=VECTOR('',#3502,10.);
#978=VECTOR('',#3503,10.);
#979=VECTOR('',#3506,10.);
#980=VECTOR('',#3507,10.);
#981=VECTOR('',#3510,10.);
#982=VECTOR('',#3511,10.);
#983=VECTOR('',#3516,10.);
#984=VECTOR('',#3517,10.);
#985=VECTOR('',#3530,1.5);
#986=VECTOR('',#3533,1.5);
#987=VECTOR('',#3536,1.5);
#988=VECTOR('',#3539,1.5);
#989=VECTOR('',#3542,1.5);
#990=VECTOR('',#3545,1.5);
#991=VECTOR('',#3548,1.5);
#992=VECTOR('',#3553,1.5);
#993=VECTOR('',#3558,1.5);
#994=VECTOR('',#3563,1.5);
#995=VECTOR('',#3568,1.5);
#996=VECTOR('',#3573,1.5);
#997=VECTOR('',#3580,0.5);
#998=VECTOR('',#3589,1.95);
#999=VECTOR('',#3592,1.);
#1000=VECTOR('',#3597,0.5);
#1001=VECTOR('',#3606,1.95);
#1002=VECTOR('',#3609,1.);
#1003=VECTOR('',#3614,0.5);
#1004=VECTOR('',#3623,1.95);
#1005=VECTOR('',#3626,1.);
#1006=VECTOR('',#3631,0.5);
#1007=VECTOR('',#3640,1.95);
#1008=VECTOR('',#3643,1.);
#1009=VECTOR('',#3646,10.);
#1010=VECTOR('',#3647,10.);
#1011=VECTOR('',#3654,10.);
#1012=VECTOR('',#3659,10.);
#1013=VECTOR('',#3664,10.);
#1014=VECTOR('',#3671,11.5);
#1015=VECTOR('',#3678,4.25);
#1016=VECTOR('',#3701,10.);
#1017=VECTOR('',#3704,10.);
#1018=VECTOR('',#3705,10.);
#1019=VECTOR('',#3720,11.5);
#1020=VECTOR('',#3729,4.25);
#1021=VERTEX_POINT('',#3736);
#1022=VERTEX_POINT('',#3737);
#1023=VERTEX_POINT('',#3739);
#1024=VERTEX_POINT('',#3741);
#1025=VERTEX_POINT('',#3743);
#1026=VERTEX_POINT('',#3745);
#1027=VERTEX_POINT('',#3749);
#1028=VERTEX_POINT('',#3750);
#1029=VERTEX_POINT('',#3752);
#1030=VERTEX_POINT('',#3756);
#1031=VERTEX_POINT('',#3758);
#1032=VERTEX_POINT('',#3762);
#1033=VERTEX_POINT('',#3764);
#1034=VERTEX_POINT('',#3768);
#1035=VERTEX_POINT('',#3772);
#1036=VERTEX_POINT('',#3773);
#1037=VERTEX_POINT('',#3775);
#1038=VERTEX_POINT('',#3779);
#1039=VERTEX_POINT('',#3780);
#1040=VERTEX_POINT('',#3782);
#1041=VERTEX_POINT('',#3784);
#1042=VERTEX_POINT('',#3788);
#1043=VERTEX_POINT('',#3789);
#1044=VERTEX_POINT('',#3791);
#1045=VERTEX_POINT('',#3793);
#1046=VERTEX_POINT('',#3797);
#1047=VERTEX_POINT('',#3799);
#1048=VERTEX_POINT('',#3803);
#1049=VERTEX_POINT('',#3804);
#1050=VERTEX_POINT('',#3812);
#1051=VERTEX_POINT('',#3814);
#1052=VERTEX_POINT('',#3818);
#1053=VERTEX_POINT('',#3819);
#1054=VERTEX_POINT('',#3827);
#1055=VERTEX_POINT('',#3828);
#1056=VERTEX_POINT('',#3833);
#1057=VERTEX_POINT('',#3834);
#1058=VERTEX_POINT('',#3839);
#1059=VERTEX_POINT('',#3841);
#1060=VERTEX_POINT('',#3845);
#1061=VERTEX_POINT('',#3847);
#1062=VERTEX_POINT('',#3849);
#1063=VERTEX_POINT('',#3851);
#1064=VERTEX_POINT('',#3855);
#1065=VERTEX_POINT('',#3857);
#1066=VERTEX_POINT('',#3859);
#1067=VERTEX_POINT('',#3862);
#1068=VERTEX_POINT('',#3864);
#1069=VERTEX_POINT('',#3866);
#1070=VERTEX_POINT('',#3868);
#1071=VERTEX_POINT('',#3870);
#1072=VERTEX_POINT('',#3872);
#1073=VERTEX_POINT('',#3877);
#1074=VERTEX_POINT('',#3878);
#1075=VERTEX_POINT('',#3880);
#1076=VERTEX_POINT('',#3882);
#1077=VERTEX_POINT('',#3889);
#1078=VERTEX_POINT('',#3890);
#1079=VERTEX_POINT('',#3895);
#1080=VERTEX_POINT('',#3896);
#1081=VERTEX_POINT('',#3898);
#1082=VERTEX_POINT('',#3900);
#1083=VERTEX_POINT('',#3907);
#1084=VERTEX_POINT('',#3908);
#1085=VERTEX_POINT('',#3913);
#1086=VERTEX_POINT('',#3914);
#1087=VERTEX_POINT('',#3916);
#1088=VERTEX_POINT('',#3920);
#1089=VERTEX_POINT('',#3921);
#1090=VERTEX_POINT('',#3923);
#1091=VERTEX_POINT('',#3925);
#1092=VERTEX_POINT('',#3929);
#1093=VERTEX_POINT('',#3930);
#1094=VERTEX_POINT('',#3932);
#1095=VERTEX_POINT('',#3936);
#1096=VERTEX_POINT('',#3937);
#1097=VERTEX_POINT('',#3939);
#1098=VERTEX_POINT('',#3949);
#1099=VERTEX_POINT('',#3950);
#1100=VERTEX_POINT('',#3958);
#1101=VERTEX_POINT('',#3959);
#1102=VERTEX_POINT('',#3964);
#1103=VERTEX_POINT('',#3965);
#1104=VERTEX_POINT('',#3970);
#1105=VERTEX_POINT('',#3971);
#1106=VERTEX_POINT('',#3979);
#1107=VERTEX_POINT('',#3980);
#1108=VERTEX_POINT('',#3985);
#1109=VERTEX_POINT('',#3993);
#1110=VERTEX_POINT('',#3995);
#1111=VERTEX_POINT('',#3997);
#1112=VERTEX_POINT('',#3999);
#1113=VERTEX_POINT('',#4001);
#1114=VERTEX_POINT('',#4003);
#1115=VERTEX_POINT('',#4008);
#1116=VERTEX_POINT('',#4009);
#1117=VERTEX_POINT('',#4011);
#1118=VERTEX_POINT('',#4013);
#1119=VERTEX_POINT('',#4015);
#1120=VERTEX_POINT('',#4017);
#1121=VERTEX_POINT('',#4021);
#1122=VERTEX_POINT('',#4023);
#1123=VERTEX_POINT('',#4025);
#1124=VERTEX_POINT('',#4027);
#1125=VERTEX_POINT('',#4030);
#1126=VERTEX_POINT('',#4032);
#1127=VERTEX_POINT('',#4034);
#1128=VERTEX_POINT('',#4036);
#1129=VERTEX_POINT('',#4038);
#1130=VERTEX_POINT('',#4040);
#1131=VERTEX_POINT('',#4042);
#1132=VERTEX_POINT('',#4044);
#1133=VERTEX_POINT('',#4046);
#1134=VERTEX_POINT('',#4048);
#1135=VERTEX_POINT('',#4050);
#1136=VERTEX_POINT('',#4052);
#1137=VERTEX_POINT('',#4054);
#1138=VERTEX_POINT('',#4056);
#1139=VERTEX_POINT('',#4058);
#1140=VERTEX_POINT('',#4060);
#1141=VERTEX_POINT('',#4062);
#1142=VERTEX_POINT('',#4064);
#1143=VERTEX_POINT('',#4066);
#1144=VERTEX_POINT('',#4070);
#1145=VERTEX_POINT('',#4072);
#1146=VERTEX_POINT('',#4074);
#1147=VERTEX_POINT('',#4076);
#1148=VERTEX_POINT('',#4078);
#1149=VERTEX_POINT('',#4083);
#1150=VERTEX_POINT('',#4085);
#1151=VERTEX_POINT('',#4087);
#1152=VERTEX_POINT('',#4089);
#1153=VERTEX_POINT('',#4097);
#1154=VERTEX_POINT('',#4099);
#1155=VERTEX_POINT('',#4108);
#1156=VERTEX_POINT('',#4112);
#1157=VERTEX_POINT('',#4114);
#1158=VERTEX_POINT('',#4126);
#1159=VERTEX_POINT('',#4127);
#1160=VERTEX_POINT('',#4129);
#1161=VERTEX_POINT('',#4136);
#1162=VERTEX_POINT('',#4137);
#1163=VERTEX_POINT('',#4142);
#1164=VERTEX_POINT('',#4143);
#1165=VERTEX_POINT('',#4145);
#1166=VERTEX_POINT('',#4152);
#1167=VERTEX_POINT('',#4153);
#1168=VERTEX_POINT('',#4155);
#1169=VERTEX_POINT('',#4157);
#1170=VERTEX_POINT('',#4167);
#1171=VERTEX_POINT('',#4168);
#1172=VERTEX_POINT('',#4170);
#1173=VERTEX_POINT('',#4172);
#1174=VERTEX_POINT('',#4179);
#1175=VERTEX_POINT('',#4180);
#1176=VERTEX_POINT('',#4182);
#1177=VERTEX_POINT('',#4184);
#1178=VERTEX_POINT('',#4194);
#1179=VERTEX_POINT('',#4195);
#1180=VERTEX_POINT('',#4197);
#1181=VERTEX_POINT('',#4199);
#1182=VERTEX_POINT('',#4215);
#1183=VERTEX_POINT('',#4216);
#1184=VERTEX_POINT('',#4222);
#1185=VERTEX_POINT('',#4230);
#1186=VERTEX_POINT('',#4232);
#1187=VERTEX_POINT('',#4235);
#1188=VERTEX_POINT('',#4237);
#1189=VERTEX_POINT('',#4239);
#1190=VERTEX_POINT('',#4241);
#1191=VERTEX_POINT('',#4243);
#1192=VERTEX_POINT('',#4245);
#1193=VERTEX_POINT('',#4248);
#1194=VERTEX_POINT('',#4249);
#1195=VERTEX_POINT('',#4251);
#1196=VERTEX_POINT('',#4253);
#1197=VERTEX_POINT('',#4263);
#1198=VERTEX_POINT('',#4264);
#1199=VERTEX_POINT('',#4266);
#1200=VERTEX_POINT('',#4268);
#1201=VERTEX_POINT('',#4275);
#1202=VERTEX_POINT('',#4276);
#1203=VERTEX_POINT('',#4278);
#1204=VERTEX_POINT('',#4288);
#1205=VERTEX_POINT('',#4289);
#1206=VERTEX_POINT('',#4291);
#1207=VERTEX_POINT('',#4304);
#1208=VERTEX_POINT('',#4305);
#1209=VERTEX_POINT('',#4312);
#1210=VERTEX_POINT('',#4328);
#1211=VERTEX_POINT('',#4332);
#1212=VERTEX_POINT('',#4336);
#1213=VERTEX_POINT('',#4340);
#1214=VERTEX_POINT('',#4344);
#1215=VERTEX_POINT('',#4348);
#1216=VERTEX_POINT('',#4352);
#1217=VERTEX_POINT('',#4354);
#1218=VERTEX_POINT('',#4357);
#1219=VERTEX_POINT('',#4359);
#1220=VERTEX_POINT('',#4366);
#1221=VERTEX_POINT('',#4368);
#1222=VERTEX_POINT('',#4371);
#1223=VERTEX_POINT('',#4373);
#1224=VERTEX_POINT('',#4380);
#1225=VERTEX_POINT('',#4382);
#1226=VERTEX_POINT('',#4385);
#1227=VERTEX_POINT('',#4387);
#1228=VERTEX_POINT('',#4394);
#1229=VERTEX_POINT('',#4396);
#1230=VERTEX_POINT('',#4399);
#1231=VERTEX_POINT('',#4401);
#1232=VERTEX_POINT('',#4409);
#1233=VERTEX_POINT('',#4412);
#1234=VERTEX_POINT('',#4417);
#1235=VERTEX_POINT('',#4425);
#1236=VERTEX_POINT('',#4429);
#1237=VERTEX_POINT('',#4452);
#1238=VERTEX_POINT('',#4454);
#1239=VERTEX_POINT('',#4457);
#1240=VERTEX_POINT('',#4459);
#1241=VERTEX_POINT('',#4461);
#1242=VERTEX_POINT('',#4465);
#1243=EDGE_CURVE('',#1021,#1022,#639,.T.);
#1244=EDGE_CURVE('',#1023,#1021,#471,.T.);
#1245=EDGE_CURVE('',#1023,#1024,#640,.T.);
#1246=EDGE_CURVE('',#1025,#1024,#472,.T.);
#1247=EDGE_CURVE('',#1026,#1025,#641,.T.);
#1248=EDGE_CURVE('',#1026,#1022,#473,.T.);
#1249=EDGE_CURVE('',#1027,#1028,#474,.T.);
#1250=EDGE_CURVE('',#1028,#1029,#475,.T.);
#1251=EDGE_CURVE('',#1029,#1027,#476,.T.);
#1252=EDGE_CURVE('',#1027,#1030,#642,.T.);
#1253=EDGE_CURVE('',#1030,#1031,#477,.T.);
#1254=EDGE_CURVE('',#1031,#1028,#643,.T.);
#1255=EDGE_CURVE('',#1032,#1027,#644,.T.);
#1256=EDGE_CURVE('',#1032,#1033,#645,.T.);
#1257=EDGE_CURVE('',#1030,#1033,#646,.T.);
#1258=EDGE_CURVE('',#1029,#1034,#647,.T.);
#1259=EDGE_CURVE('',#1032,#1034,#478,.T.);
#1260=EDGE_CURVE('',#1035,#1036,#479,.F.);
#1261=EDGE_CURVE('',#1037,#1035,#480,.F.);
#1262=EDGE_CURVE('',#1036,#1037,#481,.F.);
#1263=EDGE_CURVE('',#1038,#1039,#482,.T.);
#1264=EDGE_CURVE('',#1040,#1039,#483,.T.);
#1265=EDGE_CURVE('',#1041,#1040,#484,.F.);
#1266=EDGE_CURVE('',#1038,#1041,#485,.T.);
#1267=EDGE_CURVE('',#1042,#1043,#486,.T.);
#1268=EDGE_CURVE('',#1044,#1043,#487,.T.);
#1269=EDGE_CURVE('',#1045,#1044,#488,.F.);
#1270=EDGE_CURVE('',#1042,#1045,#489,.T.);
#1271=EDGE_CURVE('',#1046,#1044,#648,.T.);
#1272=EDGE_CURVE('',#1043,#1047,#649,.T.);
#1273=EDGE_CURVE('',#1047,#1046,#59,.T.);
#1274=EDGE_CURVE('',#1048,#1049,#490,.T.);
#1275=EDGE_CURVE('',#1049,#1045,#650,.T.);
#1276=EDGE_CURVE('',#1044,#1048,#651,.T.);
#1277=EDGE_CURVE('',#1039,#1042,#652,.T.);
#1278=EDGE_CURVE('',#1045,#1040,#653,.T.);
#1279=EDGE_CURVE('',#1047,#1050,#654,.T.);
#1280=EDGE_CURVE('',#1050,#1051,#491,.T.);
#1281=EDGE_CURVE('',#1051,#1046,#655,.T.);
#1282=EDGE_CURVE('',#1052,#1053,#492,.T.);
#1283=EDGE_CURVE('',#1053,#1041,#656,.T.);
#1284=EDGE_CURVE('',#1040,#1052,#657,.T.);
#1285=EDGE_CURVE('',#1035,#1038,#658,.T.);
#1286=EDGE_CURVE('',#1041,#1037,#659,.T.);
#1287=EDGE_CURVE('',#1054,#1055,#493,.T.);
#1288=EDGE_CURVE('',#1055,#1036,#660,.T.);
#1289=EDGE_CURVE('',#1037,#1054,#661,.T.);
#1290=EDGE_CURVE('',#1056,#1057,#494,.T.);
#1291=EDGE_CURVE('',#1056,#1035,#662,.T.);
#1292=EDGE_CURVE('',#1036,#1057,#663,.T.);
#1293=EDGE_CURVE('',#1058,#1047,#664,.T.);
#1294=EDGE_CURVE('',#1059,#1058,#665,.T.);
#1295=EDGE_CURVE('',#1050,#1059,#666,.T.);
#1296=EDGE_CURVE('',#1056,#1060,#667,.T.);
#1297=EDGE_CURVE('',#1061,#1060,#668,.T.);
#1298=EDGE_CURVE('',#1062,#1061,#495,.T.);
#1299=EDGE_CURVE('',#1063,#1062,#669,.T.);
#1300=EDGE_CURVE('',#1058,#1063,#670,.T.);
#1301=EDGE_CURVE('',#1057,#1064,#671,.T.);
#1302=EDGE_CURVE('',#1065,#1064,#672,.T.);
#1303=EDGE_CURVE('',#1066,#1065,#673,.T.);
#1304=EDGE_CURVE('',#1066,#1060,#496,.T.);
#1305=EDGE_CURVE('',#1067,#1067,#497,.T.);
#1306=EDGE_CURVE('',#1068,#1068,#498,.T.);
#1307=EDGE_CURVE('',#1069,#1069,#499,.T.);
#1308=EDGE_CURVE('',#1070,#1070,#500,.T.);
#1309=EDGE_CURVE('',#1071,#1071,#501,.T.);
#1310=EDGE_CURVE('',#1072,#1072,#502,.T.);
#1311=EDGE_CURVE('',#1064,#1055,#674,.T.);
#1312=EDGE_CURVE('',#1073,#1074,#503,.T.);
#1313=EDGE_CURVE('',#1075,#1074,#504,.T.);
#1314=EDGE_CURVE('',#1076,#1075,#505,.F.);
#1315=EDGE_CURVE('',#1073,#1076,#506,.T.);
#1316=EDGE_CURVE('',#1028,#1075,#675,.T.);
#1317=EDGE_CURVE('',#1074,#1029,#676,.T.);
#1318=EDGE_CURVE('',#1077,#1078,#507,.T.);
#1319=EDGE_CURVE('',#1078,#1076,#677,.T.);
#1320=EDGE_CURVE('',#1075,#1077,#678,.T.);
#1321=EDGE_CURVE('',#1079,#1080,#508,.T.);
#1322=EDGE_CURVE('',#1081,#1080,#509,.T.);
#1323=EDGE_CURVE('',#1082,#1081,#510,.F.);
#1324=EDGE_CURVE('',#1079,#1082,#511,.T.);
#1325=EDGE_CURVE('',#1080,#1073,#679,.T.);
#1326=EDGE_CURVE('',#1076,#1081,#680,.T.);
#1327=EDGE_CURVE('',#1083,#1084,#512,.T.);
#1328=EDGE_CURVE('',#1084,#1082,#681,.T.);
#1329=EDGE_CURVE('',#1081,#1083,#682,.T.);
#1330=EDGE_CURVE('',#1085,#1086,#513,.F.);
#1331=EDGE_CURVE('',#1087,#1085,#514,.F.);
#1332=EDGE_CURVE('',#1086,#1087,#515,.F.);
#1333=EDGE_CURVE('',#1088,#1089,#516,.T.);
#1334=EDGE_CURVE('',#1090,#1089,#517,.T.);
#1335=EDGE_CURVE('',#1091,#1090,#518,.F.);
#1336=EDGE_CURVE('',#1088,#1091,#519,.T.);
#1337=EDGE_CURVE('',#1092,#1093,#520,.F.);
#1338=EDGE_CURVE('',#1094,#1092,#521,.F.);
#1339=EDGE_CURVE('',#1093,#1094,#522,.F.);
#1340=EDGE_CURVE('',#1095,#1096,#523,.F.);
#1341=EDGE_CURVE('',#1097,#1095,#524,.F.);
#1342=EDGE_CURVE('',#1096,#1097,#525,.F.);
#1343=EDGE_CURVE('',#1089,#1097,#683,.T.);
#1344=EDGE_CURVE('',#1095,#1090,#684,.T.);
#1345=EDGE_CURVE('',#1097,#1094,#685,.T.);
#1346=EDGE_CURVE('',#1092,#1096,#686,.T.);
#1347=EDGE_CURVE('',#1098,#1099,#526,.T.);
#1348=EDGE_CURVE('',#1099,#1095,#687,.T.);
#1349=EDGE_CURVE('',#1096,#1098,#688,.T.);
#1350=EDGE_CURVE('',#1094,#1087,#689,.T.);
#1351=EDGE_CURVE('',#1085,#1093,#690,.T.);
#1352=EDGE_CURVE('',#1100,#1101,#527,.T.);
#1353=EDGE_CURVE('',#1101,#1092,#691,.T.);
#1354=EDGE_CURVE('',#1093,#1100,#692,.T.);
#1355=EDGE_CURVE('',#1102,#1103,#528,.T.);
#1356=EDGE_CURVE('',#1103,#1091,#693,.T.);
#1357=EDGE_CURVE('',#1090,#1102,#694,.T.);
#1358=EDGE_CURVE('',#1104,#1105,#529,.T.);
#1359=EDGE_CURVE('',#1104,#1088,#695,.T.);
#1360=EDGE_CURVE('',#1091,#1105,#696,.T.);
#1361=EDGE_CURVE('',#1087,#1079,#697,.T.);
#1362=EDGE_CURVE('',#1082,#1086,#698,.T.);
#1363=EDGE_CURVE('',#1106,#1107,#530,.T.);
#1364=EDGE_CURVE('',#1107,#1085,#699,.T.);
#1365=EDGE_CURVE('',#1086,#1106,#700,.T.);
#1366=EDGE_CURVE('',#1108,#1103,#701,.T.);
#1367=EDGE_CURVE('',#1105,#1108,#702,.T.);
#1368=EDGE_CURVE('',#1102,#1099,#703,.T.);
#1369=EDGE_CURVE('',#1033,#1108,#704,.T.);
#1370=EDGE_CURVE('',#1104,#1034,#705,.T.);
#1371=EDGE_CURVE('',#1109,#1109,#531,.T.);
#1372=EDGE_CURVE('',#1110,#1110,#532,.T.);
#1373=EDGE_CURVE('',#1111,#1111,#533,.T.);
#1374=EDGE_CURVE('',#1112,#1112,#534,.T.);
#1375=EDGE_CURVE('',#1113,#1113,#535,.T.);
#1376=EDGE_CURVE('',#1114,#1114,#536,.T.);
#1377=EDGE_CURVE('',#1098,#1101,#706,.T.);
#1378=EDGE_CURVE('',#1115,#1116,#537,.T.);
#1379=EDGE_CURVE('',#1115,#1117,#707,.T.);
#1380=EDGE_CURVE('',#1118,#1117,#538,.T.);
#1381=EDGE_CURVE('',#1118,#1119,#708,.T.);
#1382=EDGE_CURVE('',#1120,#1119,#539,.T.);
#1383=EDGE_CURVE('',#1120,#1023,#709,.T.);
#1384=EDGE_CURVE('',#1023,#1024,#710,.T.);
#1385=EDGE_CURVE('',#1024,#1121,#711,.T.);
#1386=EDGE_CURVE('',#1121,#1122,#712,.T.);
#1387=EDGE_CURVE('',#1122,#1123,#713,.T.);
#1388=EDGE_CURVE('',#1123,#1124,#714,.T.);
#1389=EDGE_CURVE('',#1124,#1024,#715,.T.);
#1390=EDGE_CURVE('',#1023,#1125,#716,.T.);
#1391=EDGE_CURVE('',#1126,#1125,#540,.T.);
#1392=EDGE_CURVE('',#1126,#1127,#717,.T.);
#1393=EDGE_CURVE('',#1128,#1127,#541,.T.);
#1394=EDGE_CURVE('',#1128,#1129,#718,.T.);
#1395=EDGE_CURVE('',#1130,#1129,#542,.T.);
#1396=EDGE_CURVE('',#1130,#1131,#719,.T.);
#1397=EDGE_CURVE('',#1131,#1132,#720,.T.);
#1398=EDGE_CURVE('',#1132,#1133,#721,.T.);
#1399=EDGE_CURVE('',#1134,#1133,#543,.T.);
#1400=EDGE_CURVE('',#1134,#1135,#722,.T.);
#1401=EDGE_CURVE('',#1136,#1135,#544,.T.);
#1402=EDGE_CURVE('',#1136,#1137,#723,.T.);
#1403=EDGE_CURVE('',#1137,#1138,#724,.T.);
#1404=EDGE_CURVE('',#1139,#1138,#545,.T.);
#1405=EDGE_CURVE('',#1139,#1140,#725,.T.);
#1406=EDGE_CURVE('',#1141,#1140,#546,.T.);
#1407=EDGE_CURVE('',#1141,#1142,#726,.T.);
#1408=EDGE_CURVE('',#1142,#1143,#727,.T.);
#1409=EDGE_CURVE('',#1143,#1116,#728,.T.);
#1410=EDGE_CURVE('',#1048,#1051,#729,.T.);
#1411=EDGE_CURVE('',#1144,#1059,#547,.T.);
#1412=EDGE_CURVE('',#1144,#1145,#730,.T.);
#1413=EDGE_CURVE('',#1146,#1145,#548,.T.);
#1414=EDGE_CURVE('',#1146,#1147,#731,.T.);
#1415=EDGE_CURVE('',#1148,#1147,#549,.T.);
#1416=EDGE_CURVE('',#1148,#1065,#732,.T.);
#1417=EDGE_CURVE('',#1054,#1053,#733,.T.);
#1418=EDGE_CURVE('',#1052,#1049,#734,.T.);
#1419=EDGE_CURVE('',#1149,#1149,#550,.T.);
#1420=EDGE_CURVE('',#1150,#1150,#551,.T.);
#1421=EDGE_CURVE('',#1151,#1151,#552,.T.);
#1422=EDGE_CURVE('',#1152,#1152,#553,.T.);
#1423=EDGE_CURVE('',#1100,#1107,#735,.T.);
#1424=EDGE_CURVE('',#1106,#1084,#736,.T.);
#1425=EDGE_CURVE('',#1083,#1078,#737,.T.);
#1426=EDGE_CURVE('',#1077,#1031,#738,.T.);
#1427=EDGE_CURVE('',#1153,#1061,#554,.T.);
#1428=EDGE_CURVE('',#1154,#1153,#555,.F.);
#1429=EDGE_CURVE('',#1062,#1154,#556,.T.);
#1430=EDGE_CURVE('',#1066,#1153,#739,.T.);
#1431=EDGE_CURVE('',#1147,#1154,#740,.T.);
#1432=EDGE_CURVE('',#1153,#1148,#741,.T.);
#1433=EDGE_CURVE('',#1155,#1144,#742,.T.);
#1434=EDGE_CURVE('',#1058,#1155,#60,.T.);
#1435=EDGE_CURVE('',#1063,#1156,#557,.F.);
#1436=EDGE_CURVE('',#1157,#1063,#558,.F.);
#1437=EDGE_CURVE('',#1156,#1157,#559,.F.);
#1438=EDGE_CURVE('',#1154,#1157,#743,.T.);
#1439=EDGE_CURVE('',#1145,#1156,#744,.T.);
#1440=EDGE_CURVE('',#1157,#1146,#745,.T.);
#1441=EDGE_CURVE('',#1156,#1155,#746,.T.);
#1442=EDGE_CURVE('',#1158,#1159,#560,.F.);
#1443=EDGE_CURVE('',#1160,#1158,#561,.F.);
#1444=EDGE_CURVE('',#1159,#1160,#562,.F.);
#1445=EDGE_CURVE('',#1116,#1160,#747,.T.);
#1446=EDGE_CURVE('',#1158,#1115,#748,.T.);
#1447=EDGE_CURVE('',#1161,#1162,#563,.T.);
#1448=EDGE_CURVE('',#1162,#1159,#749,.T.);
#1449=EDGE_CURVE('',#1160,#1161,#750,.T.);
#1450=EDGE_CURVE('',#1163,#1164,#564,.F.);
#1451=EDGE_CURVE('',#1165,#1163,#565,.F.);
#1452=EDGE_CURVE('',#1164,#1165,#566,.F.);
#1453=EDGE_CURVE('',#1129,#1165,#751,.T.);
#1454=EDGE_CURVE('',#1163,#1130,#752,.T.);
#1455=EDGE_CURVE('',#1166,#1167,#567,.T.);
#1456=EDGE_CURVE('',#1168,#1166,#568,.F.);
#1457=EDGE_CURVE('',#1169,#1168,#569,.T.);
#1458=EDGE_CURVE('',#1169,#1167,#570,.T.);
#1459=EDGE_CURVE('',#1117,#1168,#753,.T.);
#1460=EDGE_CURVE('',#1166,#1118,#754,.T.);
#1461=EDGE_CURVE('',#1159,#1169,#755,.T.);
#1462=EDGE_CURVE('',#1168,#1158,#756,.T.);
#1463=EDGE_CURVE('',#1170,#1171,#571,.T.);
#1464=EDGE_CURVE('',#1172,#1170,#572,.F.);
#1465=EDGE_CURVE('',#1173,#1172,#573,.T.);
#1466=EDGE_CURVE('',#1173,#1171,#574,.T.);
#1467=EDGE_CURVE('',#1127,#1172,#757,.T.);
#1468=EDGE_CURVE('',#1170,#1128,#758,.T.);
#1469=EDGE_CURVE('',#1174,#1175,#575,.T.);
#1470=EDGE_CURVE('',#1176,#1174,#576,.F.);
#1471=EDGE_CURVE('',#1177,#1176,#577,.T.);
#1472=EDGE_CURVE('',#1177,#1175,#578,.T.);
#1473=EDGE_CURVE('',#1119,#1176,#759,.T.);
#1474=EDGE_CURVE('',#1174,#1120,#760,.T.);
#1475=EDGE_CURVE('',#1167,#1177,#761,.T.);
#1476=EDGE_CURVE('',#1176,#1166,#762,.T.);
#1477=EDGE_CURVE('',#1178,#1179,#579,.T.);
#1478=EDGE_CURVE('',#1180,#1178,#580,.F.);
#1479=EDGE_CURVE('',#1181,#1180,#581,.T.);
#1480=EDGE_CURVE('',#1181,#1179,#582,.T.);
#1481=EDGE_CURVE('',#1125,#1180,#763,.T.);
#1482=EDGE_CURVE('',#1178,#1126,#764,.T.);
#1483=EDGE_CURVE('',#1175,#1181,#765,.T.);
#1484=EDGE_CURVE('',#1180,#1174,#766,.T.);
#1485=EDGE_CURVE('',#1179,#1173,#767,.T.);
#1486=EDGE_CURVE('',#1172,#1178,#768,.T.);
#1487=EDGE_CURVE('',#1171,#1164,#769,.T.);
#1488=EDGE_CURVE('',#1165,#1170,#770,.T.);
#1489=EDGE_CURVE('',#1182,#1183,#583,.T.);
#1490=EDGE_CURVE('',#1183,#1163,#771,.T.);
#1491=EDGE_CURVE('',#1164,#1182,#772,.T.);
#1492=EDGE_CURVE('',#1021,#1184,#584,.T.);
#1493=EDGE_CURVE('',#1184,#1023,#585,.T.);
#1494=EDGE_CURVE('',#1183,#1131,#773,.T.);
#1495=EDGE_CURVE('',#1185,#1182,#774,.T.);
#1496=EDGE_CURVE('',#1186,#1185,#586,.T.);
#1497=EDGE_CURVE('',#1186,#1132,#775,.T.);
#1498=EDGE_CURVE('',#1187,#1187,#587,.T.);
#1499=EDGE_CURVE('',#1188,#1188,#588,.T.);
#1500=EDGE_CURVE('',#1189,#1189,#589,.T.);
#1501=EDGE_CURVE('',#1190,#1190,#590,.T.);
#1502=EDGE_CURVE('',#1191,#1191,#591,.T.);
#1503=EDGE_CURVE('',#1192,#1192,#592,.T.);
#1504=EDGE_CURVE('',#1193,#1194,#593,.T.);
#1505=EDGE_CURVE('',#1195,#1193,#594,.F.);
#1506=EDGE_CURVE('',#1196,#1195,#595,.T.);
#1507=EDGE_CURVE('',#1196,#1194,#596,.T.);
#1508=EDGE_CURVE('',#1133,#1195,#776,.T.);
#1509=EDGE_CURVE('',#1193,#1134,#777,.T.);
#1510=EDGE_CURVE('',#1185,#1196,#778,.T.);
#1511=EDGE_CURVE('',#1195,#1186,#779,.T.);
#1512=EDGE_CURVE('',#1197,#1198,#597,.T.);
#1513=EDGE_CURVE('',#1199,#1197,#598,.F.);
#1514=EDGE_CURVE('',#1200,#1199,#599,.T.);
#1515=EDGE_CURVE('',#1200,#1198,#600,.T.);
#1516=EDGE_CURVE('',#1140,#1199,#780,.T.);
#1517=EDGE_CURVE('',#1197,#1141,#781,.T.);
#1518=EDGE_CURVE('',#1201,#1202,#601,.F.);
#1519=EDGE_CURVE('',#1203,#1201,#602,.F.);
#1520=EDGE_CURVE('',#1202,#1203,#603,.F.);
#1521=EDGE_CURVE('',#1135,#1203,#782,.T.);
#1522=EDGE_CURVE('',#1201,#1136,#783,.T.);
#1523=EDGE_CURVE('',#1194,#1202,#784,.T.);
#1524=EDGE_CURVE('',#1203,#1193,#785,.T.);
#1525=EDGE_CURVE('',#1204,#1205,#604,.F.);
#1526=EDGE_CURVE('',#1206,#1204,#605,.F.);
#1527=EDGE_CURVE('',#1205,#1206,#606,.F.);
#1528=EDGE_CURVE('',#1138,#1206,#786,.T.);
#1529=EDGE_CURVE('',#1204,#1139,#787,.T.);
#1530=EDGE_CURVE('',#1202,#1205,#788,.T.);
#1531=EDGE_CURVE('',#1206,#1201,#789,.T.);
#1532=EDGE_CURVE('',#1205,#1200,#790,.T.);
#1533=EDGE_CURVE('',#1199,#1204,#791,.T.);
#1534=EDGE_CURVE('',#1207,#1208,#607,.T.);
#1535=EDGE_CURVE('',#1208,#1197,#792,.T.);
#1536=EDGE_CURVE('',#1198,#1207,#793,.T.);
#1537=EDGE_CURVE('',#1137,#1209,#608,.T.);
#1538=EDGE_CURVE('',#1209,#1137,#609,.T.);
#1539=EDGE_CURVE('',#1072,#1187,#794,.T.);
#1540=EDGE_CURVE('',#1071,#1188,#795,.T.);
#1541=EDGE_CURVE('',#1070,#1189,#796,.T.);
#1542=EDGE_CURVE('',#1069,#1190,#797,.T.);
#1543=EDGE_CURVE('',#1068,#1191,#798,.T.);
#1544=EDGE_CURVE('',#1067,#1192,#799,.T.);
#1545=EDGE_CURVE('',#1114,#1210,#800,.T.);
#1546=EDGE_CURVE('',#1210,#1210,#610,.T.);
#1547=EDGE_CURVE('',#1113,#1211,#801,.T.);
#1548=EDGE_CURVE('',#1211,#1211,#611,.T.);
#1549=EDGE_CURVE('',#1112,#1212,#802,.T.);
#1550=EDGE_CURVE('',#1212,#1212,#612,.T.);
#1551=EDGE_CURVE('',#1111,#1213,#803,.T.);
#1552=EDGE_CURVE('',#1213,#1213,#613,.T.);
#1553=EDGE_CURVE('',#1110,#1214,#804,.T.);
#1554=EDGE_CURVE('',#1214,#1214,#614,.T.);
#1555=EDGE_CURVE('',#1109,#1215,#805,.T.);
#1556=EDGE_CURVE('',#1215,#1215,#615,.T.);
#1557=EDGE_CURVE('',#1216,#1216,#616,.T.);
#1558=EDGE_CURVE('',#1216,#1217,#806,.T.);
#1559=EDGE_CURVE('',#1218,#1218,#617,.T.);
#1560=EDGE_CURVE('',#1219,#1219,#618,.T.);
#1561=EDGE_CURVE('',#1149,#1218,#807,.T.);
#1562=EDGE_CURVE('',#1219,#1216,#808,.T.);
#1563=EDGE_CURVE('',#1220,#1220,#619,.T.);
#1564=EDGE_CURVE('',#1220,#1221,#809,.T.);
#1565=EDGE_CURVE('',#1222,#1222,#620,.T.);
#1566=EDGE_CURVE('',#1223,#1223,#621,.T.);
#1567=EDGE_CURVE('',#1150,#1222,#810,.T.);
#1568=EDGE_CURVE('',#1223,#1220,#811,.T.);
#1569=EDGE_CURVE('',#1224,#1224,#622,.T.);
#1570=EDGE_CURVE('',#1224,#1225,#812,.T.);
#1571=EDGE_CURVE('',#1226,#1226,#623,.T.);
#1572=EDGE_CURVE('',#1227,#1227,#624,.T.);
#1573=EDGE_CURVE('',#1151,#1226,#813,.T.);
#1574=EDGE_CURVE('',#1227,#1224,#814,.T.);
#1575=EDGE_CURVE('',#1228,#1228,#625,.T.);
#1576=EDGE_CURVE('',#1228,#1229,#815,.T.);
#1577=EDGE_CURVE('',#1230,#1230,#626,.T.);
#1578=EDGE_CURVE('',#1231,#1231,#627,.T.);
#1579=EDGE_CURVE('',#1152,#1230,#816,.T.);
#1580=EDGE_CURVE('',#1231,#1228,#817,.T.);
#1581=EDGE_CURVE('',#1026,#1123,#818,.T.);
#1582=EDGE_CURVE('',#1122,#1232,#819,.T.);
#1583=EDGE_CURVE('',#1022,#1232,#628,.T.);
#1584=EDGE_CURVE('',#1233,#1233,#629,.T.);
#1585=EDGE_CURVE('',#1124,#1025,#820,.T.);
#1586=EDGE_CURVE('',#1024,#1234,#630,.T.);
#1587=EDGE_CURVE('',#1234,#1121,#821,.T.);
#1588=EDGE_CURVE('',#1234,#1232,#822,.T.);
#1589=EDGE_CURVE('',#1235,#1235,#631,.T.);
#1590=EDGE_CURVE('',#1235,#1209,#823,.T.);
#1591=EDGE_CURVE('',#1236,#1236,#632,.T.);
#1592=EDGE_CURVE('',#1233,#1236,#824,.T.);
#1593=EDGE_CURVE('',#1208,#1142,#825,.T.);
#1594=EDGE_CURVE('',#1161,#1143,#826,.T.);
#1595=EDGE_CURVE('',#1162,#1207,#827,.T.);
#1596=EDGE_CURVE('',#1237,#1237,#633,.T.);
#1597=EDGE_CURVE('',#1238,#1238,#634,.T.);
#1598=EDGE_CURVE('',#1237,#1239,#828,.T.);
#1599=EDGE_CURVE('',#1240,#1239,#635,.T.);
#1600=EDGE_CURVE('',#1241,#1240,#636,.T.);
#1601=EDGE_CURVE('',#1239,#1241,#637,.T.);
#1602=EDGE_CURVE('',#1238,#1242,#829,.T.);
#1603=EDGE_CURVE('',#1242,#1242,#638,.T.);
#1604=ORIENTED_EDGE('',*,*,#1243,.F.);
#1605=ORIENTED_EDGE('',*,*,#1244,.F.);
#1606=ORIENTED_EDGE('',*,*,#1245,.T.);
#1607=ORIENTED_EDGE('',*,*,#1246,.F.);
#1608=ORIENTED_EDGE('',*,*,#1247,.F.);
#1609=ORIENTED_EDGE('',*,*,#1248,.T.);
#1610=ORIENTED_EDGE('',*,*,#1249,.T.);
#1611=ORIENTED_EDGE('',*,*,#1250,.T.);
#1612=ORIENTED_EDGE('',*,*,#1251,.T.);
#1613=ORIENTED_EDGE('',*,*,#1249,.F.);
#1614=ORIENTED_EDGE('',*,*,#1252,.T.);
#1615=ORIENTED_EDGE('',*,*,#1253,.T.);
#1616=ORIENTED_EDGE('',*,*,#1254,.T.);
#1617=ORIENTED_EDGE('',*,*,#1252,.F.);
#1618=ORIENTED_EDGE('',*,*,#1255,.F.);
#1619=ORIENTED_EDGE('',*,*,#1256,.T.);
#1620=ORIENTED_EDGE('',*,*,#1257,.F.);
#1621=ORIENTED_EDGE('',*,*,#1251,.F.);
#1622=ORIENTED_EDGE('',*,*,#1258,.T.);
#1623=ORIENTED_EDGE('',*,*,#1259,.F.);
#1624=ORIENTED_EDGE('',*,*,#1255,.T.);
#1625=ORIENTED_EDGE('',*,*,#1260,.F.);
#1626=ORIENTED_EDGE('',*,*,#1261,.F.);
#1627=ORIENTED_EDGE('',*,*,#1262,.F.);
#1628=ORIENTED_EDGE('',*,*,#1263,.T.);
#1629=ORIENTED_EDGE('',*,*,#1264,.F.);
#1630=ORIENTED_EDGE('',*,*,#1265,.F.);
#1631=ORIENTED_EDGE('',*,*,#1266,.F.);
#1632=ORIENTED_EDGE('',*,*,#1267,.T.);
#1633=ORIENTED_EDGE('',*,*,#1268,.F.);
#1634=ORIENTED_EDGE('',*,*,#1269,.F.);
#1635=ORIENTED_EDGE('',*,*,#1270,.F.);
#1636=ORIENTED_EDGE('',*,*,#1271,.T.);
#1637=ORIENTED_EDGE('',*,*,#1268,.T.);
#1638=ORIENTED_EDGE('',*,*,#1272,.T.);
#1639=ORIENTED_EDGE('',*,*,#1273,.T.);
#1640=ORIENTED_EDGE('',*,*,#1274,.T.);
#1641=ORIENTED_EDGE('',*,*,#1275,.T.);
#1642=ORIENTED_EDGE('',*,*,#1269,.T.);
#1643=ORIENTED_EDGE('',*,*,#1276,.T.);
#1644=ORIENTED_EDGE('',*,*,#1264,.T.);
#1645=ORIENTED_EDGE('',*,*,#1277,.T.);
#1646=ORIENTED_EDGE('',*,*,#1270,.T.);
#1647=ORIENTED_EDGE('',*,*,#1278,.T.);
#1648=ORIENTED_EDGE('',*,*,#1279,.T.);
#1649=ORIENTED_EDGE('',*,*,#1280,.T.);
#1650=ORIENTED_EDGE('',*,*,#1281,.T.);
#1651=ORIENTED_EDGE('',*,*,#1273,.F.);
#1652=ORIENTED_EDGE('',*,*,#1282,.T.);
#1653=ORIENTED_EDGE('',*,*,#1283,.T.);
#1654=ORIENTED_EDGE('',*,*,#1265,.T.);
#1655=ORIENTED_EDGE('',*,*,#1284,.T.);
#1656=ORIENTED_EDGE('',*,*,#1261,.T.);
#1657=ORIENTED_EDGE('',*,*,#1285,.T.);
#1658=ORIENTED_EDGE('',*,*,#1266,.T.);
#1659=ORIENTED_EDGE('',*,*,#1286,.T.);
#1660=ORIENTED_EDGE('',*,*,#1287,.T.);
#1661=ORIENTED_EDGE('',*,*,#1288,.T.);
#1662=ORIENTED_EDGE('',*,*,#1262,.T.);
#1663=ORIENTED_EDGE('',*,*,#1289,.T.);
#1664=ORIENTED_EDGE('',*,*,#1290,.F.);
#1665=ORIENTED_EDGE('',*,*,#1291,.T.);
#1666=ORIENTED_EDGE('',*,*,#1260,.T.);
#1667=ORIENTED_EDGE('',*,*,#1292,.T.);
#1668=ORIENTED_EDGE('',*,*,#1279,.F.);
#1669=ORIENTED_EDGE('',*,*,#1293,.F.);
#1670=ORIENTED_EDGE('',*,*,#1294,.F.);
#1671=ORIENTED_EDGE('',*,*,#1295,.F.);
#1672=ORIENTED_EDGE('',*,*,#1272,.F.);
#1673=ORIENTED_EDGE('',*,*,#1267,.F.);
#1674=ORIENTED_EDGE('',*,*,#1277,.F.);
#1675=ORIENTED_EDGE('',*,*,#1263,.F.);
#1676=ORIENTED_EDGE('',*,*,#1285,.F.);
#1677=ORIENTED_EDGE('',*,*,#1291,.F.);
#1678=ORIENTED_EDGE('',*,*,#1296,.T.);
#1679=ORIENTED_EDGE('',*,*,#1297,.F.);
#1680=ORIENTED_EDGE('',*,*,#1298,.F.);
#1681=ORIENTED_EDGE('',*,*,#1299,.F.);
#1682=ORIENTED_EDGE('',*,*,#1300,.F.);
#1683=ORIENTED_EDGE('',*,*,#1293,.T.);
#1684=ORIENTED_EDGE('',*,*,#1290,.T.);
#1685=ORIENTED_EDGE('',*,*,#1301,.T.);
#1686=ORIENTED_EDGE('',*,*,#1302,.F.);
#1687=ORIENTED_EDGE('',*,*,#1303,.F.);
#1688=ORIENTED_EDGE('',*,*,#1304,.T.);
#1689=ORIENTED_EDGE('',*,*,#1296,.F.);
#1690=ORIENTED_EDGE('',*,*,#1305,.T.);
#1691=ORIENTED_EDGE('',*,*,#1306,.T.);
#1692=ORIENTED_EDGE('',*,*,#1307,.T.);
#1693=ORIENTED_EDGE('',*,*,#1308,.T.);
#1694=ORIENTED_EDGE('',*,*,#1309,.T.);
#1695=ORIENTED_EDGE('',*,*,#1310,.T.);
#1696=ORIENTED_EDGE('',*,*,#1292,.F.);
#1697=ORIENTED_EDGE('',*,*,#1288,.F.);
#1698=ORIENTED_EDGE('',*,*,#1311,.F.);
#1699=ORIENTED_EDGE('',*,*,#1301,.F.);
#1700=ORIENTED_EDGE('',*,*,#1312,.T.);
#1701=ORIENTED_EDGE('',*,*,#1313,.F.);
#1702=ORIENTED_EDGE('',*,*,#1314,.F.);
#1703=ORIENTED_EDGE('',*,*,#1315,.F.);
#1704=ORIENTED_EDGE('',*,*,#1250,.F.);
#1705=ORIENTED_EDGE('',*,*,#1316,.T.);
#1706=ORIENTED_EDGE('',*,*,#1313,.T.);
#1707=ORIENTED_EDGE('',*,*,#1317,.T.);
#1708=ORIENTED_EDGE('',*,*,#1318,.T.);
#1709=ORIENTED_EDGE('',*,*,#1319,.T.);
#1710=ORIENTED_EDGE('',*,*,#1314,.T.);
#1711=ORIENTED_EDGE('',*,*,#1320,.T.);
#1712=ORIENTED_EDGE('',*,*,#1321,.T.);
#1713=ORIENTED_EDGE('',*,*,#1322,.F.);
#1714=ORIENTED_EDGE('',*,*,#1323,.F.);
#1715=ORIENTED_EDGE('',*,*,#1324,.F.);
#1716=ORIENTED_EDGE('',*,*,#1322,.T.);
#1717=ORIENTED_EDGE('',*,*,#1325,.T.);
#1718=ORIENTED_EDGE('',*,*,#1315,.T.);
#1719=ORIENTED_EDGE('',*,*,#1326,.T.);
#1720=ORIENTED_EDGE('',*,*,#1327,.T.);
#1721=ORIENTED_EDGE('',*,*,#1328,.T.);
#1722=ORIENTED_EDGE('',*,*,#1323,.T.);
#1723=ORIENTED_EDGE('',*,*,#1329,.T.);
#1724=ORIENTED_EDGE('',*,*,#1330,.F.);
#1725=ORIENTED_EDGE('',*,*,#1331,.F.);
#1726=ORIENTED_EDGE('',*,*,#1332,.F.);
#1727=ORIENTED_EDGE('',*,*,#1333,.T.);
#1728=ORIENTED_EDGE('',*,*,#1334,.F.);
#1729=ORIENTED_EDGE('',*,*,#1335,.F.);
#1730=ORIENTED_EDGE('',*,*,#1336,.F.);
#1731=ORIENTED_EDGE('',*,*,#1337,.F.);
#1732=ORIENTED_EDGE('',*,*,#1338,.F.);
#1733=ORIENTED_EDGE('',*,*,#1339,.F.);
#1734=ORIENTED_EDGE('',*,*,#1340,.F.);
#1735=ORIENTED_EDGE('',*,*,#1341,.F.);
#1736=ORIENTED_EDGE('',*,*,#1342,.F.);
#1737=ORIENTED_EDGE('',*,*,#1334,.T.);
#1738=ORIENTED_EDGE('',*,*,#1343,.T.);
#1739=ORIENTED_EDGE('',*,*,#1341,.T.);
#1740=ORIENTED_EDGE('',*,*,#1344,.T.);
#1741=ORIENTED_EDGE('',*,*,#1342,.T.);
#1742=ORIENTED_EDGE('',*,*,#1345,.T.);
#1743=ORIENTED_EDGE('',*,*,#1338,.T.);
#1744=ORIENTED_EDGE('',*,*,#1346,.T.);
#1745=ORIENTED_EDGE('',*,*,#1347,.T.);
#1746=ORIENTED_EDGE('',*,*,#1348,.T.);
#1747=ORIENTED_EDGE('',*,*,#1340,.T.);
#1748=ORIENTED_EDGE('',*,*,#1349,.T.);
#1749=ORIENTED_EDGE('',*,*,#1339,.T.);
#1750=ORIENTED_EDGE('',*,*,#1350,.T.);
#1751=ORIENTED_EDGE('',*,*,#1331,.T.);
#1752=ORIENTED_EDGE('',*,*,#1351,.T.);
#1753=ORIENTED_EDGE('',*,*,#1352,.T.);
#1754=ORIENTED_EDGE('',*,*,#1353,.T.);
#1755=ORIENTED_EDGE('',*,*,#1337,.T.);
#1756=ORIENTED_EDGE('',*,*,#1354,.T.);
#1757=ORIENTED_EDGE('',*,*,#1355,.T.);
#1758=ORIENTED_EDGE('',*,*,#1356,.T.);
#1759=ORIENTED_EDGE('',*,*,#1335,.T.);
#1760=ORIENTED_EDGE('',*,*,#1357,.T.);
#1761=ORIENTED_EDGE('',*,*,#1358,.F.);
#1762=ORIENTED_EDGE('',*,*,#1359,.T.);
#1763=ORIENTED_EDGE('',*,*,#1336,.T.);
#1764=ORIENTED_EDGE('',*,*,#1360,.T.);
#1765=ORIENTED_EDGE('',*,*,#1332,.T.);
#1766=ORIENTED_EDGE('',*,*,#1361,.T.);
#1767=ORIENTED_EDGE('',*,*,#1324,.T.);
#1768=ORIENTED_EDGE('',*,*,#1362,.T.);
#1769=ORIENTED_EDGE('',*,*,#1363,.T.);
#1770=ORIENTED_EDGE('',*,*,#1364,.T.);
#1771=ORIENTED_EDGE('',*,*,#1330,.T.);
#1772=ORIENTED_EDGE('',*,*,#1365,.T.);
#1773=ORIENTED_EDGE('',*,*,#1360,.F.);
#1774=ORIENTED_EDGE('',*,*,#1356,.F.);
#1775=ORIENTED_EDGE('',*,*,#1366,.F.);
#1776=ORIENTED_EDGE('',*,*,#1367,.F.);
#1777=ORIENTED_EDGE('',*,*,#1357,.F.);
#1778=ORIENTED_EDGE('',*,*,#1344,.F.);
#1779=ORIENTED_EDGE('',*,*,#1348,.F.);
#1780=ORIENTED_EDGE('',*,*,#1368,.F.);
#1781=ORIENTED_EDGE('',*,*,#1358,.T.);
#1782=ORIENTED_EDGE('',*,*,#1367,.T.);
#1783=ORIENTED_EDGE('',*,*,#1369,.F.);
#1784=ORIENTED_EDGE('',*,*,#1256,.F.);
#1785=ORIENTED_EDGE('',*,*,#1259,.T.);
#1786=ORIENTED_EDGE('',*,*,#1370,.F.);
#1787=ORIENTED_EDGE('',*,*,#1371,.T.);
#1788=ORIENTED_EDGE('',*,*,#1372,.T.);
#1789=ORIENTED_EDGE('',*,*,#1373,.T.);
#1790=ORIENTED_EDGE('',*,*,#1374,.T.);
#1791=ORIENTED_EDGE('',*,*,#1375,.T.);
#1792=ORIENTED_EDGE('',*,*,#1376,.T.);
#1793=ORIENTED_EDGE('',*,*,#1349,.F.);
#1794=ORIENTED_EDGE('',*,*,#1346,.F.);
#1795=ORIENTED_EDGE('',*,*,#1353,.F.);
#1796=ORIENTED_EDGE('',*,*,#1377,.F.);
#1797=ORIENTED_EDGE('',*,*,#1378,.F.);
#1798=ORIENTED_EDGE('',*,*,#1379,.T.);
#1799=ORIENTED_EDGE('',*,*,#1380,.F.);
#1800=ORIENTED_EDGE('',*,*,#1381,.T.);
#1801=ORIENTED_EDGE('',*,*,#1382,.F.);
#1802=ORIENTED_EDGE('',*,*,#1383,.T.);
#1803=ORIENTED_EDGE('',*,*,#1384,.T.);
#1804=ORIENTED_EDGE('',*,*,#1385,.T.);
#1805=ORIENTED_EDGE('',*,*,#1386,.T.);
#1806=ORIENTED_EDGE('',*,*,#1387,.T.);
#1807=ORIENTED_EDGE('',*,*,#1388,.T.);
#1808=ORIENTED_EDGE('',*,*,#1389,.T.);
#1809=ORIENTED_EDGE('',*,*,#1245,.F.);
#1810=ORIENTED_EDGE('',*,*,#1390,.T.);
#1811=ORIENTED_EDGE('',*,*,#1391,.F.);
#1812=ORIENTED_EDGE('',*,*,#1392,.T.);
#1813=ORIENTED_EDGE('',*,*,#1393,.F.);
#1814=ORIENTED_EDGE('',*,*,#1394,.T.);
#1815=ORIENTED_EDGE('',*,*,#1395,.F.);
#1816=ORIENTED_EDGE('',*,*,#1396,.T.);
#1817=ORIENTED_EDGE('',*,*,#1397,.T.);
#1818=ORIENTED_EDGE('',*,*,#1398,.T.);
#1819=ORIENTED_EDGE('',*,*,#1399,.F.);
#1820=ORIENTED_EDGE('',*,*,#1400,.T.);
#1821=ORIENTED_EDGE('',*,*,#1401,.F.);
#1822=ORIENTED_EDGE('',*,*,#1402,.T.);
#1823=ORIENTED_EDGE('',*,*,#1403,.T.);
#1824=ORIENTED_EDGE('',*,*,#1404,.F.);
#1825=ORIENTED_EDGE('',*,*,#1405,.T.);
#1826=ORIENTED_EDGE('',*,*,#1406,.F.);
#1827=ORIENTED_EDGE('',*,*,#1407,.T.);
#1828=ORIENTED_EDGE('',*,*,#1408,.T.);
#1829=ORIENTED_EDGE('',*,*,#1409,.T.);
#1830=ORIENTED_EDGE('',*,*,#1274,.F.);
#1831=ORIENTED_EDGE('',*,*,#1410,.T.);
#1832=ORIENTED_EDGE('',*,*,#1280,.F.);
#1833=ORIENTED_EDGE('',*,*,#1295,.T.);
#1834=ORIENTED_EDGE('',*,*,#1411,.F.);
#1835=ORIENTED_EDGE('',*,*,#1412,.T.);
#1836=ORIENTED_EDGE('',*,*,#1413,.F.);
#1837=ORIENTED_EDGE('',*,*,#1414,.T.);
#1838=ORIENTED_EDGE('',*,*,#1415,.F.);
#1839=ORIENTED_EDGE('',*,*,#1416,.T.);
#1840=ORIENTED_EDGE('',*,*,#1302,.T.);
#1841=ORIENTED_EDGE('',*,*,#1311,.T.);
#1842=ORIENTED_EDGE('',*,*,#1287,.F.);
#1843=ORIENTED_EDGE('',*,*,#1417,.T.);
#1844=ORIENTED_EDGE('',*,*,#1282,.F.);
#1845=ORIENTED_EDGE('',*,*,#1418,.T.);
#1846=ORIENTED_EDGE('',*,*,#1419,.T.);
#1847=ORIENTED_EDGE('',*,*,#1420,.T.);
#1848=ORIENTED_EDGE('',*,*,#1421,.T.);
#1849=ORIENTED_EDGE('',*,*,#1422,.T.);
#1850=ORIENTED_EDGE('',*,*,#1355,.F.);
#1851=ORIENTED_EDGE('',*,*,#1368,.T.);
#1852=ORIENTED_EDGE('',*,*,#1347,.F.);
#1853=ORIENTED_EDGE('',*,*,#1377,.T.);
#1854=ORIENTED_EDGE('',*,*,#1352,.F.);
#1855=ORIENTED_EDGE('',*,*,#1423,.T.);
#1856=ORIENTED_EDGE('',*,*,#1363,.F.);
#1857=ORIENTED_EDGE('',*,*,#1424,.T.);
#1858=ORIENTED_EDGE('',*,*,#1327,.F.);
#1859=ORIENTED_EDGE('',*,*,#1425,.T.);
#1860=ORIENTED_EDGE('',*,*,#1318,.F.);
#1861=ORIENTED_EDGE('',*,*,#1426,.T.);
#1862=ORIENTED_EDGE('',*,*,#1253,.F.);
#1863=ORIENTED_EDGE('',*,*,#1257,.T.);
#1864=ORIENTED_EDGE('',*,*,#1369,.T.);
#1865=ORIENTED_EDGE('',*,*,#1366,.T.);
#1866=ORIENTED_EDGE('',*,*,#1354,.F.);
#1867=ORIENTED_EDGE('',*,*,#1351,.F.);
#1868=ORIENTED_EDGE('',*,*,#1364,.F.);
#1869=ORIENTED_EDGE('',*,*,#1423,.F.);
#1870=ORIENTED_EDGE('',*,*,#1298,.T.);
#1871=ORIENTED_EDGE('',*,*,#1427,.F.);
#1872=ORIENTED_EDGE('',*,*,#1428,.F.);
#1873=ORIENTED_EDGE('',*,*,#1429,.F.);
#1874=ORIENTED_EDGE('',*,*,#1304,.F.);
#1875=ORIENTED_EDGE('',*,*,#1430,.T.);
#1876=ORIENTED_EDGE('',*,*,#1427,.T.);
#1877=ORIENTED_EDGE('',*,*,#1297,.T.);
#1878=ORIENTED_EDGE('',*,*,#1415,.T.);
#1879=ORIENTED_EDGE('',*,*,#1431,.T.);
#1880=ORIENTED_EDGE('',*,*,#1428,.T.);
#1881=ORIENTED_EDGE('',*,*,#1432,.T.);
#1882=ORIENTED_EDGE('',*,*,#1433,.T.);
#1883=ORIENTED_EDGE('',*,*,#1411,.T.);
#1884=ORIENTED_EDGE('',*,*,#1294,.T.);
#1885=ORIENTED_EDGE('',*,*,#1434,.T.);
#1886=ORIENTED_EDGE('',*,*,#1435,.F.);
#1887=ORIENTED_EDGE('',*,*,#1436,.F.);
#1888=ORIENTED_EDGE('',*,*,#1437,.F.);
#1889=ORIENTED_EDGE('',*,*,#1436,.T.);
#1890=ORIENTED_EDGE('',*,*,#1299,.T.);
#1891=ORIENTED_EDGE('',*,*,#1429,.T.);
#1892=ORIENTED_EDGE('',*,*,#1438,.T.);
#1893=ORIENTED_EDGE('',*,*,#1413,.T.);
#1894=ORIENTED_EDGE('',*,*,#1439,.T.);
#1895=ORIENTED_EDGE('',*,*,#1437,.T.);
#1896=ORIENTED_EDGE('',*,*,#1440,.T.);
#1897=ORIENTED_EDGE('',*,*,#1300,.T.);
#1898=ORIENTED_EDGE('',*,*,#1435,.T.);
#1899=ORIENTED_EDGE('',*,*,#1441,.T.);
#1900=ORIENTED_EDGE('',*,*,#1434,.F.);
#1901=ORIENTED_EDGE('',*,*,#1433,.F.);
#1902=ORIENTED_EDGE('',*,*,#1441,.F.);
#1903=ORIENTED_EDGE('',*,*,#1439,.F.);
#1904=ORIENTED_EDGE('',*,*,#1412,.F.);
#1905=ORIENTED_EDGE('',*,*,#1442,.F.);
#1906=ORIENTED_EDGE('',*,*,#1443,.F.);
#1907=ORIENTED_EDGE('',*,*,#1444,.F.);
#1908=ORIENTED_EDGE('',*,*,#1378,.T.);
#1909=ORIENTED_EDGE('',*,*,#1445,.T.);
#1910=ORIENTED_EDGE('',*,*,#1443,.T.);
#1911=ORIENTED_EDGE('',*,*,#1446,.T.);
#1912=ORIENTED_EDGE('',*,*,#1447,.T.);
#1913=ORIENTED_EDGE('',*,*,#1448,.T.);
#1914=ORIENTED_EDGE('',*,*,#1444,.T.);
#1915=ORIENTED_EDGE('',*,*,#1449,.T.);
#1916=ORIENTED_EDGE('',*,*,#1450,.F.);
#1917=ORIENTED_EDGE('',*,*,#1451,.F.);
#1918=ORIENTED_EDGE('',*,*,#1452,.F.);
#1919=ORIENTED_EDGE('',*,*,#1395,.T.);
#1920=ORIENTED_EDGE('',*,*,#1453,.T.);
#1921=ORIENTED_EDGE('',*,*,#1451,.T.);
#1922=ORIENTED_EDGE('',*,*,#1454,.T.);
#1923=ORIENTED_EDGE('',*,*,#1455,.F.);
#1924=ORIENTED_EDGE('',*,*,#1456,.F.);
#1925=ORIENTED_EDGE('',*,*,#1457,.F.);
#1926=ORIENTED_EDGE('',*,*,#1458,.T.);
#1927=ORIENTED_EDGE('',*,*,#1380,.T.);
#1928=ORIENTED_EDGE('',*,*,#1459,.T.);
#1929=ORIENTED_EDGE('',*,*,#1456,.T.);
#1930=ORIENTED_EDGE('',*,*,#1460,.T.);
#1931=ORIENTED_EDGE('',*,*,#1442,.T.);
#1932=ORIENTED_EDGE('',*,*,#1461,.T.);
#1933=ORIENTED_EDGE('',*,*,#1457,.T.);
#1934=ORIENTED_EDGE('',*,*,#1462,.T.);
#1935=ORIENTED_EDGE('',*,*,#1463,.F.);
#1936=ORIENTED_EDGE('',*,*,#1464,.F.);
#1937=ORIENTED_EDGE('',*,*,#1465,.F.);
#1938=ORIENTED_EDGE('',*,*,#1466,.T.);
#1939=ORIENTED_EDGE('',*,*,#1393,.T.);
#1940=ORIENTED_EDGE('',*,*,#1467,.T.);
#1941=ORIENTED_EDGE('',*,*,#1464,.T.);
#1942=ORIENTED_EDGE('',*,*,#1468,.T.);
#1943=ORIENTED_EDGE('',*,*,#1469,.F.);
#1944=ORIENTED_EDGE('',*,*,#1470,.F.);
#1945=ORIENTED_EDGE('',*,*,#1471,.F.);
#1946=ORIENTED_EDGE('',*,*,#1472,.T.);
#1947=ORIENTED_EDGE('',*,*,#1382,.T.);
#1948=ORIENTED_EDGE('',*,*,#1473,.T.);
#1949=ORIENTED_EDGE('',*,*,#1470,.T.);
#1950=ORIENTED_EDGE('',*,*,#1474,.T.);
#1951=ORIENTED_EDGE('',*,*,#1455,.T.);
#1952=ORIENTED_EDGE('',*,*,#1475,.T.);
#1953=ORIENTED_EDGE('',*,*,#1471,.T.);
#1954=ORIENTED_EDGE('',*,*,#1476,.T.);
#1955=ORIENTED_EDGE('',*,*,#1477,.F.);
#1956=ORIENTED_EDGE('',*,*,#1478,.F.);
#1957=ORIENTED_EDGE('',*,*,#1479,.F.);
#1958=ORIENTED_EDGE('',*,*,#1480,.T.);
#1959=ORIENTED_EDGE('',*,*,#1391,.T.);
#1960=ORIENTED_EDGE('',*,*,#1481,.T.);
#1961=ORIENTED_EDGE('',*,*,#1478,.T.);
#1962=ORIENTED_EDGE('',*,*,#1482,.T.);
#1963=ORIENTED_EDGE('',*,*,#1469,.T.);
#1964=ORIENTED_EDGE('',*,*,#1483,.T.);
#1965=ORIENTED_EDGE('',*,*,#1479,.T.);
#1966=ORIENTED_EDGE('',*,*,#1484,.T.);
#1967=ORIENTED_EDGE('',*,*,#1477,.T.);
#1968=ORIENTED_EDGE('',*,*,#1485,.T.);
#1969=ORIENTED_EDGE('',*,*,#1465,.T.);
#1970=ORIENTED_EDGE('',*,*,#1486,.T.);
#1971=ORIENTED_EDGE('',*,*,#1463,.T.);
#1972=ORIENTED_EDGE('',*,*,#1487,.T.);
#1973=ORIENTED_EDGE('',*,*,#1452,.T.);
#1974=ORIENTED_EDGE('',*,*,#1488,.T.);
#1975=ORIENTED_EDGE('',*,*,#1489,.T.);
#1976=ORIENTED_EDGE('',*,*,#1490,.T.);
#1977=ORIENTED_EDGE('',*,*,#1450,.T.);
#1978=ORIENTED_EDGE('',*,*,#1491,.T.);
#1979=ORIENTED_EDGE('',*,*,#1460,.F.);
#1980=ORIENTED_EDGE('',*,*,#1476,.F.);
#1981=ORIENTED_EDGE('',*,*,#1473,.F.);
#1982=ORIENTED_EDGE('',*,*,#1381,.F.);
#1983=ORIENTED_EDGE('',*,*,#1474,.F.);
#1984=ORIENTED_EDGE('',*,*,#1484,.F.);
#1985=ORIENTED_EDGE('',*,*,#1481,.F.);
#1986=ORIENTED_EDGE('',*,*,#1390,.F.);
#1987=ORIENTED_EDGE('',*,*,#1244,.T.);
#1988=ORIENTED_EDGE('',*,*,#1492,.T.);
#1989=ORIENTED_EDGE('',*,*,#1493,.T.);
#1990=ORIENTED_EDGE('',*,*,#1383,.F.);
#1991=ORIENTED_EDGE('',*,*,#1482,.F.);
#1992=ORIENTED_EDGE('',*,*,#1486,.F.);
#1993=ORIENTED_EDGE('',*,*,#1467,.F.);
#1994=ORIENTED_EDGE('',*,*,#1392,.F.);
#1995=ORIENTED_EDGE('',*,*,#1468,.F.);
#1996=ORIENTED_EDGE('',*,*,#1488,.F.);
#1997=ORIENTED_EDGE('',*,*,#1453,.F.);
#1998=ORIENTED_EDGE('',*,*,#1394,.F.);
#1999=ORIENTED_EDGE('',*,*,#1454,.F.);
#2000=ORIENTED_EDGE('',*,*,#1490,.F.);
#2001=ORIENTED_EDGE('',*,*,#1494,.T.);
#2002=ORIENTED_EDGE('',*,*,#1396,.F.);
#2003=ORIENTED_EDGE('',*,*,#1489,.F.);
#2004=ORIENTED_EDGE('',*,*,#1495,.F.);
#2005=ORIENTED_EDGE('',*,*,#1496,.F.);
#2006=ORIENTED_EDGE('',*,*,#1497,.T.);
#2007=ORIENTED_EDGE('',*,*,#1397,.F.);
#2008=ORIENTED_EDGE('',*,*,#1494,.F.);
#2009=ORIENTED_EDGE('',*,*,#1498,.T.);
#2010=ORIENTED_EDGE('',*,*,#1499,.T.);
#2011=ORIENTED_EDGE('',*,*,#1500,.T.);
#2012=ORIENTED_EDGE('',*,*,#1501,.T.);
#2013=ORIENTED_EDGE('',*,*,#1502,.T.);
#2014=ORIENTED_EDGE('',*,*,#1503,.T.);
#2015=ORIENTED_EDGE('',*,*,#1504,.F.);
#2016=ORIENTED_EDGE('',*,*,#1505,.F.);
#2017=ORIENTED_EDGE('',*,*,#1506,.F.);
#2018=ORIENTED_EDGE('',*,*,#1507,.T.);
#2019=ORIENTED_EDGE('',*,*,#1399,.T.);
#2020=ORIENTED_EDGE('',*,*,#1508,.T.);
#2021=ORIENTED_EDGE('',*,*,#1505,.T.);
#2022=ORIENTED_EDGE('',*,*,#1509,.T.);
#2023=ORIENTED_EDGE('',*,*,#1496,.T.);
#2024=ORIENTED_EDGE('',*,*,#1510,.T.);
#2025=ORIENTED_EDGE('',*,*,#1506,.T.);
#2026=ORIENTED_EDGE('',*,*,#1511,.T.);
#2027=ORIENTED_EDGE('',*,*,#1512,.F.);
#2028=ORIENTED_EDGE('',*,*,#1513,.F.);
#2029=ORIENTED_EDGE('',*,*,#1514,.F.);
#2030=ORIENTED_EDGE('',*,*,#1515,.T.);
#2031=ORIENTED_EDGE('',*,*,#1406,.T.);
#2032=ORIENTED_EDGE('',*,*,#1516,.T.);
#2033=ORIENTED_EDGE('',*,*,#1513,.T.);
#2034=ORIENTED_EDGE('',*,*,#1517,.T.);
#2035=ORIENTED_EDGE('',*,*,#1518,.F.);
#2036=ORIENTED_EDGE('',*,*,#1519,.F.);
#2037=ORIENTED_EDGE('',*,*,#1520,.F.);
#2038=ORIENTED_EDGE('',*,*,#1401,.T.);
#2039=ORIENTED_EDGE('',*,*,#1521,.T.);
#2040=ORIENTED_EDGE('',*,*,#1519,.T.);
#2041=ORIENTED_EDGE('',*,*,#1522,.T.);
#2042=ORIENTED_EDGE('',*,*,#1504,.T.);
#2043=ORIENTED_EDGE('',*,*,#1523,.T.);
#2044=ORIENTED_EDGE('',*,*,#1520,.T.);
#2045=ORIENTED_EDGE('',*,*,#1524,.T.);
#2046=ORIENTED_EDGE('',*,*,#1525,.F.);
#2047=ORIENTED_EDGE('',*,*,#1526,.F.);
#2048=ORIENTED_EDGE('',*,*,#1527,.F.);
#2049=ORIENTED_EDGE('',*,*,#1404,.T.);
#2050=ORIENTED_EDGE('',*,*,#1528,.T.);
#2051=ORIENTED_EDGE('',*,*,#1526,.T.);
#2052=ORIENTED_EDGE('',*,*,#1529,.T.);
#2053=ORIENTED_EDGE('',*,*,#1518,.T.);
#2054=ORIENTED_EDGE('',*,*,#1530,.T.);
#2055=ORIENTED_EDGE('',*,*,#1527,.T.);
#2056=ORIENTED_EDGE('',*,*,#1531,.T.);
#2057=ORIENTED_EDGE('',*,*,#1525,.T.);
#2058=ORIENTED_EDGE('',*,*,#1532,.T.);
#2059=ORIENTED_EDGE('',*,*,#1514,.T.);
#2060=ORIENTED_EDGE('',*,*,#1533,.T.);
#2061=ORIENTED_EDGE('',*,*,#1534,.T.);
#2062=ORIENTED_EDGE('',*,*,#1535,.T.);
#2063=ORIENTED_EDGE('',*,*,#1512,.T.);
#2064=ORIENTED_EDGE('',*,*,#1536,.T.);
#2065=ORIENTED_EDGE('',*,*,#1511,.F.);
#2066=ORIENTED_EDGE('',*,*,#1508,.F.);
#2067=ORIENTED_EDGE('',*,*,#1398,.F.);
#2068=ORIENTED_EDGE('',*,*,#1497,.F.);
#2069=ORIENTED_EDGE('',*,*,#1509,.F.);
#2070=ORIENTED_EDGE('',*,*,#1524,.F.);
#2071=ORIENTED_EDGE('',*,*,#1521,.F.);
#2072=ORIENTED_EDGE('',*,*,#1400,.F.);
#2073=ORIENTED_EDGE('',*,*,#1522,.F.);
#2074=ORIENTED_EDGE('',*,*,#1531,.F.);
#2075=ORIENTED_EDGE('',*,*,#1528,.F.);
#2076=ORIENTED_EDGE('',*,*,#1403,.F.);
#2077=ORIENTED_EDGE('',*,*,#1537,.T.);
#2078=ORIENTED_EDGE('',*,*,#1538,.T.);
#2079=ORIENTED_EDGE('',*,*,#1402,.F.);
#2080=ORIENTED_EDGE('',*,*,#1310,.F.);
#2081=ORIENTED_EDGE('',*,*,#1539,.T.);
#2082=ORIENTED_EDGE('',*,*,#1498,.F.);
#2083=ORIENTED_EDGE('',*,*,#1539,.F.);
#2084=ORIENTED_EDGE('',*,*,#1309,.F.);
#2085=ORIENTED_EDGE('',*,*,#1540,.T.);
#2086=ORIENTED_EDGE('',*,*,#1499,.F.);
#2087=ORIENTED_EDGE('',*,*,#1540,.F.);
#2088=ORIENTED_EDGE('',*,*,#1308,.F.);
#2089=ORIENTED_EDGE('',*,*,#1541,.T.);
#2090=ORIENTED_EDGE('',*,*,#1500,.F.);
#2091=ORIENTED_EDGE('',*,*,#1541,.F.);
#2092=ORIENTED_EDGE('',*,*,#1307,.F.);
#2093=ORIENTED_EDGE('',*,*,#1542,.T.);
#2094=ORIENTED_EDGE('',*,*,#1501,.F.);
#2095=ORIENTED_EDGE('',*,*,#1542,.F.);
#2096=ORIENTED_EDGE('',*,*,#1306,.F.);
#2097=ORIENTED_EDGE('',*,*,#1543,.T.);
#2098=ORIENTED_EDGE('',*,*,#1502,.F.);
#2099=ORIENTED_EDGE('',*,*,#1543,.F.);
#2100=ORIENTED_EDGE('',*,*,#1305,.F.);
#2101=ORIENTED_EDGE('',*,*,#1544,.T.);
#2102=ORIENTED_EDGE('',*,*,#1503,.F.);
#2103=ORIENTED_EDGE('',*,*,#1544,.F.);
#2104=ORIENTED_EDGE('',*,*,#1376,.F.);
#2105=ORIENTED_EDGE('',*,*,#1545,.T.);
#2106=ORIENTED_EDGE('',*,*,#1546,.F.);
#2107=ORIENTED_EDGE('',*,*,#1545,.F.);
#2108=ORIENTED_EDGE('',*,*,#1375,.F.);
#2109=ORIENTED_EDGE('',*,*,#1547,.T.);
#2110=ORIENTED_EDGE('',*,*,#1548,.F.);
#2111=ORIENTED_EDGE('',*,*,#1547,.F.);
#2112=ORIENTED_EDGE('',*,*,#1374,.F.);
#2113=ORIENTED_EDGE('',*,*,#1549,.T.);
#2114=ORIENTED_EDGE('',*,*,#1550,.F.);
#2115=ORIENTED_EDGE('',*,*,#1549,.F.);
#2116=ORIENTED_EDGE('',*,*,#1373,.F.);
#2117=ORIENTED_EDGE('',*,*,#1551,.T.);
#2118=ORIENTED_EDGE('',*,*,#1552,.F.);
#2119=ORIENTED_EDGE('',*,*,#1551,.F.);
#2120=ORIENTED_EDGE('',*,*,#1372,.F.);
#2121=ORIENTED_EDGE('',*,*,#1553,.T.);
#2122=ORIENTED_EDGE('',*,*,#1554,.F.);
#2123=ORIENTED_EDGE('',*,*,#1553,.F.);
#2124=ORIENTED_EDGE('',*,*,#1371,.F.);
#2125=ORIENTED_EDGE('',*,*,#1555,.T.);
#2126=ORIENTED_EDGE('',*,*,#1556,.F.);
#2127=ORIENTED_EDGE('',*,*,#1555,.F.);
#2128=ORIENTED_EDGE('',*,*,#1557,.T.);
#2129=ORIENTED_EDGE('',*,*,#1558,.T.);
#2130=ORIENTED_EDGE('',*,*,#1558,.F.);
#2131=ORIENTED_EDGE('',*,*,#1559,.T.);
#2132=ORIENTED_EDGE('',*,*,#1560,.F.);
#2133=ORIENTED_EDGE('',*,*,#1419,.F.);
#2134=ORIENTED_EDGE('',*,*,#1561,.T.);
#2135=ORIENTED_EDGE('',*,*,#1559,.F.);
#2136=ORIENTED_EDGE('',*,*,#1561,.F.);
#2137=ORIENTED_EDGE('',*,*,#1560,.T.);
#2138=ORIENTED_EDGE('',*,*,#1562,.T.);
#2139=ORIENTED_EDGE('',*,*,#1557,.F.);
#2140=ORIENTED_EDGE('',*,*,#1562,.F.);
#2141=ORIENTED_EDGE('',*,*,#1563,.T.);
#2142=ORIENTED_EDGE('',*,*,#1564,.T.);
#2143=ORIENTED_EDGE('',*,*,#1564,.F.);
#2144=ORIENTED_EDGE('',*,*,#1565,.T.);
#2145=ORIENTED_EDGE('',*,*,#1566,.F.);
#2146=ORIENTED_EDGE('',*,*,#1420,.F.);
#2147=ORIENTED_EDGE('',*,*,#1567,.T.);
#2148=ORIENTED_EDGE('',*,*,#1565,.F.);
#2149=ORIENTED_EDGE('',*,*,#1567,.F.);
#2150=ORIENTED_EDGE('',*,*,#1566,.T.);
#2151=ORIENTED_EDGE('',*,*,#1568,.T.);
#2152=ORIENTED_EDGE('',*,*,#1563,.F.);
#2153=ORIENTED_EDGE('',*,*,#1568,.F.);
#2154=ORIENTED_EDGE('',*,*,#1569,.T.);
#2155=ORIENTED_EDGE('',*,*,#1570,.T.);
#2156=ORIENTED_EDGE('',*,*,#1570,.F.);
#2157=ORIENTED_EDGE('',*,*,#1571,.T.);
#2158=ORIENTED_EDGE('',*,*,#1572,.F.);
#2159=ORIENTED_EDGE('',*,*,#1421,.F.);
#2160=ORIENTED_EDGE('',*,*,#1573,.T.);
#2161=ORIENTED_EDGE('',*,*,#1571,.F.);
#2162=ORIENTED_EDGE('',*,*,#1573,.F.);
#2163=ORIENTED_EDGE('',*,*,#1572,.T.);
#2164=ORIENTED_EDGE('',*,*,#1574,.T.);
#2165=ORIENTED_EDGE('',*,*,#1569,.F.);
#2166=ORIENTED_EDGE('',*,*,#1574,.F.);
#2167=ORIENTED_EDGE('',*,*,#1575,.T.);
#2168=ORIENTED_EDGE('',*,*,#1576,.T.);
#2169=ORIENTED_EDGE('',*,*,#1576,.F.);
#2170=ORIENTED_EDGE('',*,*,#1577,.T.);
#2171=ORIENTED_EDGE('',*,*,#1578,.F.);
#2172=ORIENTED_EDGE('',*,*,#1422,.F.);
#2173=ORIENTED_EDGE('',*,*,#1579,.T.);
#2174=ORIENTED_EDGE('',*,*,#1577,.F.);
#2175=ORIENTED_EDGE('',*,*,#1579,.F.);
#2176=ORIENTED_EDGE('',*,*,#1578,.T.);
#2177=ORIENTED_EDGE('',*,*,#1580,.T.);
#2178=ORIENTED_EDGE('',*,*,#1575,.F.);
#2179=ORIENTED_EDGE('',*,*,#1580,.F.);
#2180=ORIENTED_EDGE('',*,*,#1581,.T.);
#2181=ORIENTED_EDGE('',*,*,#1387,.F.);
#2182=ORIENTED_EDGE('',*,*,#1582,.T.);
#2183=ORIENTED_EDGE('',*,*,#1583,.F.);
#2184=ORIENTED_EDGE('',*,*,#1248,.F.);
#2185=ORIENTED_EDGE('',*,*,#1584,.T.);
#2186=ORIENTED_EDGE('',*,*,#1247,.T.);
#2187=ORIENTED_EDGE('',*,*,#1585,.F.);
#2188=ORIENTED_EDGE('',*,*,#1388,.F.);
#2189=ORIENTED_EDGE('',*,*,#1581,.F.);
#2190=ORIENTED_EDGE('',*,*,#1586,.T.);
#2191=ORIENTED_EDGE('',*,*,#1587,.T.);
#2192=ORIENTED_EDGE('',*,*,#1385,.F.);
#2193=ORIENTED_EDGE('',*,*,#1246,.T.);
#2194=ORIENTED_EDGE('',*,*,#1389,.F.);
#2195=ORIENTED_EDGE('',*,*,#1585,.T.);
#2196=ORIENTED_EDGE('',*,*,#1243,.T.);
#2197=ORIENTED_EDGE('',*,*,#1583,.T.);
#2198=ORIENTED_EDGE('',*,*,#1588,.F.);
#2199=ORIENTED_EDGE('',*,*,#1586,.F.);
#2200=ORIENTED_EDGE('',*,*,#1384,.F.);
#2201=ORIENTED_EDGE('',*,*,#1493,.F.);
#2202=ORIENTED_EDGE('',*,*,#1492,.F.);
#2203=ORIENTED_EDGE('',*,*,#1588,.T.);
#2204=ORIENTED_EDGE('',*,*,#1582,.F.);
#2205=ORIENTED_EDGE('',*,*,#1386,.F.);
#2206=ORIENTED_EDGE('',*,*,#1587,.F.);
#2207=ORIENTED_EDGE('',*,*,#1589,.T.);
#2208=ORIENTED_EDGE('',*,*,#1590,.T.);
#2209=ORIENTED_EDGE('',*,*,#1537,.F.);
#2210=ORIENTED_EDGE('',*,*,#1538,.F.);
#2211=ORIENTED_EDGE('',*,*,#1590,.F.);
#2212=ORIENTED_EDGE('',*,*,#1589,.F.);
#2213=ORIENTED_EDGE('',*,*,#1591,.F.);
#2214=ORIENTED_EDGE('',*,*,#1584,.F.);
#2215=ORIENTED_EDGE('',*,*,#1592,.T.);
#2216=ORIENTED_EDGE('',*,*,#1591,.T.);
#2217=ORIENTED_EDGE('',*,*,#1592,.F.);
#2218=ORIENTED_EDGE('',*,*,#1328,.F.);
#2219=ORIENTED_EDGE('',*,*,#1424,.F.);
#2220=ORIENTED_EDGE('',*,*,#1365,.F.);
#2221=ORIENTED_EDGE('',*,*,#1362,.F.);
#2222=ORIENTED_EDGE('',*,*,#1359,.F.);
#2223=ORIENTED_EDGE('',*,*,#1370,.T.);
#2224=ORIENTED_EDGE('',*,*,#1258,.F.);
#2225=ORIENTED_EDGE('',*,*,#1317,.F.);
#2226=ORIENTED_EDGE('',*,*,#1312,.F.);
#2227=ORIENTED_EDGE('',*,*,#1325,.F.);
#2228=ORIENTED_EDGE('',*,*,#1321,.F.);
#2229=ORIENTED_EDGE('',*,*,#1361,.F.);
#2230=ORIENTED_EDGE('',*,*,#1350,.F.);
#2231=ORIENTED_EDGE('',*,*,#1345,.F.);
#2232=ORIENTED_EDGE('',*,*,#1343,.F.);
#2233=ORIENTED_EDGE('',*,*,#1333,.F.);
#2234=ORIENTED_EDGE('',*,*,#1254,.F.);
#2235=ORIENTED_EDGE('',*,*,#1426,.F.);
#2236=ORIENTED_EDGE('',*,*,#1320,.F.);
#2237=ORIENTED_EDGE('',*,*,#1316,.F.);
#2238=ORIENTED_EDGE('',*,*,#1319,.F.);
#2239=ORIENTED_EDGE('',*,*,#1425,.F.);
#2240=ORIENTED_EDGE('',*,*,#1329,.F.);
#2241=ORIENTED_EDGE('',*,*,#1326,.F.);
#2242=ORIENTED_EDGE('',*,*,#1281,.F.);
#2243=ORIENTED_EDGE('',*,*,#1410,.F.);
#2244=ORIENTED_EDGE('',*,*,#1276,.F.);
#2245=ORIENTED_EDGE('',*,*,#1271,.F.);
#2246=ORIENTED_EDGE('',*,*,#1275,.F.);
#2247=ORIENTED_EDGE('',*,*,#1418,.F.);
#2248=ORIENTED_EDGE('',*,*,#1284,.F.);
#2249=ORIENTED_EDGE('',*,*,#1278,.F.);
#2250=ORIENTED_EDGE('',*,*,#1283,.F.);
#2251=ORIENTED_EDGE('',*,*,#1417,.F.);
#2252=ORIENTED_EDGE('',*,*,#1289,.F.);
#2253=ORIENTED_EDGE('',*,*,#1286,.F.);
#2254=ORIENTED_EDGE('',*,*,#1430,.F.);
#2255=ORIENTED_EDGE('',*,*,#1303,.T.);
#2256=ORIENTED_EDGE('',*,*,#1416,.F.);
#2257=ORIENTED_EDGE('',*,*,#1432,.F.);
#2258=ORIENTED_EDGE('',*,*,#1431,.F.);
#2259=ORIENTED_EDGE('',*,*,#1414,.F.);
#2260=ORIENTED_EDGE('',*,*,#1440,.F.);
#2261=ORIENTED_EDGE('',*,*,#1438,.F.);
#2262=ORIENTED_EDGE('',*,*,#1516,.F.);
#2263=ORIENTED_EDGE('',*,*,#1405,.F.);
#2264=ORIENTED_EDGE('',*,*,#1529,.F.);
#2265=ORIENTED_EDGE('',*,*,#1533,.F.);
#2266=ORIENTED_EDGE('',*,*,#1535,.F.);
#2267=ORIENTED_EDGE('',*,*,#1593,.T.);
#2268=ORIENTED_EDGE('',*,*,#1407,.F.);
#2269=ORIENTED_EDGE('',*,*,#1517,.F.);
#2270=ORIENTED_EDGE('',*,*,#1447,.F.);
#2271=ORIENTED_EDGE('',*,*,#1594,.T.);
#2272=ORIENTED_EDGE('',*,*,#1408,.F.);
#2273=ORIENTED_EDGE('',*,*,#1593,.F.);
#2274=ORIENTED_EDGE('',*,*,#1534,.F.);
#2275=ORIENTED_EDGE('',*,*,#1595,.F.);
#2276=ORIENTED_EDGE('',*,*,#1546,.T.);
#2277=ORIENTED_EDGE('',*,*,#1548,.T.);
#2278=ORIENTED_EDGE('',*,*,#1550,.T.);
#2279=ORIENTED_EDGE('',*,*,#1552,.T.);
#2280=ORIENTED_EDGE('',*,*,#1554,.T.);
#2281=ORIENTED_EDGE('',*,*,#1556,.T.);
#2282=ORIENTED_EDGE('',*,*,#1445,.F.);
#2283=ORIENTED_EDGE('',*,*,#1409,.F.);
#2284=ORIENTED_EDGE('',*,*,#1594,.F.);
#2285=ORIENTED_EDGE('',*,*,#1449,.F.);
#2286=ORIENTED_EDGE('',*,*,#1459,.F.);
#2287=ORIENTED_EDGE('',*,*,#1379,.F.);
#2288=ORIENTED_EDGE('',*,*,#1446,.F.);
#2289=ORIENTED_EDGE('',*,*,#1462,.F.);
#2290=ORIENTED_EDGE('',*,*,#1448,.F.);
#2291=ORIENTED_EDGE('',*,*,#1595,.T.);
#2292=ORIENTED_EDGE('',*,*,#1536,.F.);
#2293=ORIENTED_EDGE('',*,*,#1515,.F.);
#2294=ORIENTED_EDGE('',*,*,#1532,.F.);
#2295=ORIENTED_EDGE('',*,*,#1530,.F.);
#2296=ORIENTED_EDGE('',*,*,#1523,.F.);
#2297=ORIENTED_EDGE('',*,*,#1507,.F.);
#2298=ORIENTED_EDGE('',*,*,#1510,.F.);
#2299=ORIENTED_EDGE('',*,*,#1495,.T.);
#2300=ORIENTED_EDGE('',*,*,#1491,.F.);
#2301=ORIENTED_EDGE('',*,*,#1487,.F.);
#2302=ORIENTED_EDGE('',*,*,#1466,.F.);
#2303=ORIENTED_EDGE('',*,*,#1485,.F.);
#2304=ORIENTED_EDGE('',*,*,#1480,.F.);
#2305=ORIENTED_EDGE('',*,*,#1483,.F.);
#2306=ORIENTED_EDGE('',*,*,#1472,.F.);
#2307=ORIENTED_EDGE('',*,*,#1475,.F.);
#2308=ORIENTED_EDGE('',*,*,#1458,.F.);
#2309=ORIENTED_EDGE('',*,*,#1461,.F.);
#2310=ORIENTED_EDGE('',*,*,#1596,.T.);
#2311=ORIENTED_EDGE('',*,*,#1597,.T.);
#2312=ORIENTED_EDGE('',*,*,#1596,.F.);
#2313=ORIENTED_EDGE('',*,*,#1598,.T.);
#2314=ORIENTED_EDGE('',*,*,#1599,.F.);
#2315=ORIENTED_EDGE('',*,*,#1600,.F.);
#2316=ORIENTED_EDGE('',*,*,#1601,.F.);
#2317=ORIENTED_EDGE('',*,*,#1598,.F.);
#2318=ORIENTED_EDGE('',*,*,#1597,.F.);
#2319=ORIENTED_EDGE('',*,*,#1602,.T.);
#2320=ORIENTED_EDGE('',*,*,#1603,.T.);
#2321=ORIENTED_EDGE('',*,*,#1602,.F.);
#2322=ORIENTED_EDGE('',*,*,#1600,.T.);
#2323=ORIENTED_EDGE('',*,*,#1599,.T.);
#2324=ORIENTED_EDGE('',*,*,#1601,.T.);
#2325=ORIENTED_EDGE('',*,*,#1603,.F.);
#2326=CYLINDRICAL_SURFACE('',#2578,11.5);
#2327=CYLINDRICAL_SURFACE('',#2586,4.);
#2328=CYLINDRICAL_SURFACE('',#2589,4.);
#2329=CYLINDRICAL_SURFACE('',#2605,4.);
#2330=CYLINDRICAL_SURFACE('',#2607,4.);
#2331=CYLINDRICAL_SURFACE('',#2609,4.);
#2332=CYLINDRICAL_SURFACE('',#2610,4.);
#2333=CYLINDRICAL_SURFACE('',#2612,4.);
#2334=CYLINDRICAL_SURFACE('',#2614,4.);
#2335=CYLINDRICAL_SURFACE('',#2615,4.);
#2336=CYLINDRICAL_SURFACE('',#2617,4.);
#2337=CYLINDRICAL_SURFACE('',#2636,4.);
#2338=CYLINDRICAL_SURFACE('',#2637,4.);
#2339=CYLINDRICAL_SURFACE('',#2644,4.);
#2340=CYLINDRICAL_SURFACE('',#2645,4.);
#2341=CYLINDRICAL_SURFACE('',#2664,4.);
#2342=CYLINDRICAL_SURFACE('',#2665,4.);
#2343=CYLINDRICAL_SURFACE('',#2666,4.);
#2344=CYLINDRICAL_SURFACE('',#2668,4.);
#2345=CYLINDRICAL_SURFACE('',#2669,4.);
#2346=CYLINDRICAL_SURFACE('',#2671,4.);
#2347=CYLINDRICAL_SURFACE('',#2673,4.);
#2348=CYLINDRICAL_SURFACE('',#2675,4.);
#2349=CYLINDRICAL_SURFACE('',#2676,4.);
#2350=CYLINDRICAL_SURFACE('',#2711,4.);
#2351=CYLINDRICAL_SURFACE('',#2712,4.);
#2352=CYLINDRICAL_SURFACE('',#2713,4.);
#2353=CYLINDRICAL_SURFACE('',#2719,4.);
#2354=CYLINDRICAL_SURFACE('',#2720,4.);
#2355=CYLINDRICAL_SURFACE('',#2721,4.);
#2356=CYLINDRICAL_SURFACE('',#2727,4.);
#2357=CYLINDRICAL_SURFACE('',#2728,4.);
#2358=CYLINDRICAL_SURFACE('',#2734,4.);
#2359=CYLINDRICAL_SURFACE('',#2740,4.);
#2360=CYLINDRICAL_SURFACE('',#2741,4.);
#2361=CYLINDRICAL_SURFACE('',#2747,4.);
#2362=CYLINDRICAL_SURFACE('',#2753,4.);
#2363=CYLINDRICAL_SURFACE('',#2754,4.);
#2364=CYLINDRICAL_SURFACE('',#2760,4.);
#2365=CYLINDRICAL_SURFACE('',#2761,4.);
#2366=CYLINDRICAL_SURFACE('',#2762,4.);
#2367=CYLINDRICAL_SURFACE('',#2763,4.);
#2368=CYLINDRICAL_SURFACE('',#2764,4.);
#2369=CYLINDRICAL_SURFACE('',#2786,4.);
#2370=CYLINDRICAL_SURFACE('',#2787,4.);
#2371=CYLINDRICAL_SURFACE('',#2793,4.);
#2372=CYLINDRICAL_SURFACE('',#2798,4.);
#2373=CYLINDRICAL_SURFACE('',#2799,4.);
#2374=CYLINDRICAL_SURFACE('',#2804,4.);
#2375=CYLINDRICAL_SURFACE('',#2805,4.);
#2376=CYLINDRICAL_SURFACE('',#2806,4.);
#2377=CYLINDRICAL_SURFACE('',#2807,4.);
#2378=CYLINDRICAL_SURFACE('',#2814,1.5);
#2379=CYLINDRICAL_SURFACE('',#2815,1.5);
#2380=CYLINDRICAL_SURFACE('',#2816,1.5);
#2381=CYLINDRICAL_SURFACE('',#2817,1.5);
#2382=CYLINDRICAL_SURFACE('',#2818,1.5);
#2383=CYLINDRICAL_SURFACE('',#2819,1.5);
#2384=CYLINDRICAL_SURFACE('',#2820,1.5);
#2385=CYLINDRICAL_SURFACE('',#2822,1.5);
#2386=CYLINDRICAL_SURFACE('',#2824,1.5);
#2387=CYLINDRICAL_SURFACE('',#2826,1.5);
#2388=CYLINDRICAL_SURFACE('',#2828,1.5);
#2389=CYLINDRICAL_SURFACE('',#2830,1.5);
#2390=CYLINDRICAL_SURFACE('',#2837,1.95);
#2391=CYLINDRICAL_SURFACE('',#2838,1.);
#2392=CYLINDRICAL_SURFACE('',#2844,1.95);
#2393=CYLINDRICAL_SURFACE('',#2845,1.);
#2394=CYLINDRICAL_SURFACE('',#2851,1.95);
#2395=CYLINDRICAL_SURFACE('',#2852,1.);
#2396=CYLINDRICAL_SURFACE('',#2858,1.95);
#2397=CYLINDRICAL_SURFACE('',#2859,1.);
#2398=CYLINDRICAL_SURFACE('',#2867,11.5);
#2399=CYLINDRICAL_SURFACE('',#2869,11.5);
#2400=CYLINDRICAL_SURFACE('',#2873,4.25);
#2401=CYLINDRICAL_SURFACE('',#2892,11.5);
#2402=CYLINDRICAL_SURFACE('',#2896,4.25);
#2403=ADVANCED_FACE('',(#131),#2326,.F.);
#2404=ADVANCED_FACE('',(#132),#121,.F.);
#2405=ADVANCED_FACE('',(#133),#2327,.F.);
#2406=ADVANCED_FACE('',(#134),#73,.T.);
#2407=ADVANCED_FACE('',(#135),#2328,.F.);
#2408=ADVANCED_FACE('',(#136),#122,.F.);
#2409=ADVANCED_FACE('',(#137),#61,.F.);
#2410=ADVANCED_FACE('',(#138),#62,.F.);
#2411=ADVANCED_FACE('',(#139),#2329,.F.);
#2412=ADVANCED_FACE('',(#140),#2330,.T.);
#2413=ADVANCED_FACE('',(#141),#2331,.F.);
#2414=ADVANCED_FACE('',(#142),#2332,.F.);
#2415=ADVANCED_FACE('',(#143),#2333,.T.);
#2416=ADVANCED_FACE('',(#144),#2334,.F.);
#2417=ADVANCED_FACE('',(#145),#2335,.F.);
#2418=ADVANCED_FACE('',(#146),#2336,.F.);
#2419=ADVANCED_FACE('',(#147),#74,.T.);
#2420=ADVANCED_FACE('',(#148),#75,.T.);
#2421=ADVANCED_FACE('',(#149,#21,#22,#23,#24,#25,#26),#76,.T.);
#2422=ADVANCED_FACE('',(#150),#77,.T.);
#2423=ADVANCED_FACE('',(#151),#63,.F.);
#2424=ADVANCED_FACE('',(#152),#2337,.F.);
#2425=ADVANCED_FACE('',(#153),#2338,.T.);
#2426=ADVANCED_FACE('',(#154),#64,.F.);
#2427=ADVANCED_FACE('',(#155),#2339,.F.);
#2428=ADVANCED_FACE('',(#156),#2340,.T.);
#2429=ADVANCED_FACE('',(#157),#123,.F.);
#2430=ADVANCED_FACE('',(#158),#65,.F.);
#2431=ADVANCED_FACE('',(#159),#124,.F.);
#2432=ADVANCED_FACE('',(#160),#125,.F.);
#2433=ADVANCED_FACE('',(#161),#2341,.F.);
#2434=ADVANCED_FACE('',(#162),#2342,.F.);
#2435=ADVANCED_FACE('',(#163),#2343,.F.);
#2436=ADVANCED_FACE('',(#164),#2344,.F.);
#2437=ADVANCED_FACE('',(#165),#2345,.F.);
#2438=ADVANCED_FACE('',(#166),#2346,.T.);
#2439=ADVANCED_FACE('',(#167),#2347,.F.);
#2440=ADVANCED_FACE('',(#168),#2348,.F.);
#2441=ADVANCED_FACE('',(#169),#2349,.F.);
#2442=ADVANCED_FACE('',(#170),#78,.T.);
#2443=ADVANCED_FACE('',(#171),#79,.T.);
#2444=ADVANCED_FACE('',(#172,#27,#28,#29,#30,#31,#32),#80,.T.);
#2445=ADVANCED_FACE('',(#173),#81,.T.);
#2446=ADVANCED_FACE('',(#174,#33,#34,#35,#36,#37,#38),#82,.T.);
#2447=ADVANCED_FACE('',(#175),#83,.T.);
#2448=ADVANCED_FACE('',(#176),#66,.F.);
#2449=ADVANCED_FACE('',(#177),#2350,.F.);
#2450=ADVANCED_FACE('',(#178),#2351,.T.);
#2451=ADVANCED_FACE('',(#179),#2352,.F.);
#2452=ADVANCED_FACE('',(#180),#126,.F.);
#2453=ADVANCED_FACE('',(#181),#2353,.F.);
#2454=ADVANCED_FACE('',(#182),#2354,.F.);
#2455=ADVANCED_FACE('',(#183),#2355,.F.);
#2456=ADVANCED_FACE('',(#184),#84,.T.);
#2457=ADVANCED_FACE('',(#185),#127,.T.);
#2458=ADVANCED_FACE('',(#186),#2356,.T.);
#2459=ADVANCED_FACE('',(#187),#2357,.T.);
#2460=ADVANCED_FACE('',(#188),#128,.T.);
#2461=ADVANCED_FACE('',(#189),#2358,.T.);
#2462=ADVANCED_FACE('',(#190),#67,.T.);
#2463=ADVANCED_FACE('',(#191),#2359,.F.);
#2464=ADVANCED_FACE('',(#192),#2360,.T.);
#2465=ADVANCED_FACE('',(#193),#68,.T.);
#2466=ADVANCED_FACE('',(#194),#2361,.F.);
#2467=ADVANCED_FACE('',(#195),#69,.T.);
#2468=ADVANCED_FACE('',(#196),#2362,.F.);
#2469=ADVANCED_FACE('',(#197),#2363,.T.);
#2470=ADVANCED_FACE('',(#198),#70,.T.);
#2471=ADVANCED_FACE('',(#199),#2364,.F.);
#2472=ADVANCED_FACE('',(#200),#2365,.T.);
#2473=ADVANCED_FACE('',(#201),#2366,.T.);
#2474=ADVANCED_FACE('',(#202),#2367,.T.);
#2475=ADVANCED_FACE('',(#203),#2368,.T.);
#2476=ADVANCED_FACE('',(#204),#85,.T.);
#2477=ADVANCED_FACE('',(#205),#86,.T.);
#2478=ADVANCED_FACE('',(#206),#87,.T.);
#2479=ADVANCED_FACE('',(#207),#88,.T.);
#2480=ADVANCED_FACE('',(#208),#89,.T.);
#2481=ADVANCED_FACE('',(#209,#39,#40,#41,#42,#43,#44),#90,.T.);
#2482=ADVANCED_FACE('',(#210),#71,.T.);
#2483=ADVANCED_FACE('',(#211),#2369,.F.);
#2484=ADVANCED_FACE('',(#212),#2370,.T.);
#2485=ADVANCED_FACE('',(#213),#72,.T.);
#2486=ADVANCED_FACE('',(#214),#2371,.F.);
#2487=ADVANCED_FACE('',(#215),#129,.T.);
#2488=ADVANCED_FACE('',(#216),#2372,.T.);
#2489=ADVANCED_FACE('',(#217),#2373,.T.);
#2490=ADVANCED_FACE('',(#218),#130,.T.);
#2491=ADVANCED_FACE('',(#219),#2374,.T.);
#2492=ADVANCED_FACE('',(#220),#2375,.T.);
#2493=ADVANCED_FACE('',(#221),#2376,.T.);
#2494=ADVANCED_FACE('',(#222),#2377,.T.);
#2495=ADVANCED_FACE('',(#223),#91,.T.);
#2496=ADVANCED_FACE('',(#224),#92,.T.);
#2497=ADVANCED_FACE('',(#225),#93,.T.);
#2498=ADVANCED_FACE('',(#226),#2378,.F.);
#2499=ADVANCED_FACE('',(#227),#2379,.F.);
#2500=ADVANCED_FACE('',(#228),#2380,.F.);
#2501=ADVANCED_FACE('',(#229),#2381,.F.);
#2502=ADVANCED_FACE('',(#230),#2382,.F.);
#2503=ADVANCED_FACE('',(#231),#2383,.F.);
#2504=ADVANCED_FACE('',(#232),#2384,.F.);
#2505=ADVANCED_FACE('',(#233),#2385,.F.);
#2506=ADVANCED_FACE('',(#234),#2386,.F.);
#2507=ADVANCED_FACE('',(#235),#2387,.F.);
#2508=ADVANCED_FACE('',(#236),#2388,.F.);
#2509=ADVANCED_FACE('',(#237),#2389,.F.);
#2510=ADVANCED_FACE('',(#238),#17,.F.);
#2511=ADVANCED_FACE('',(#239,#45),#94,.T.);
#2512=ADVANCED_FACE('',(#240),#2390,.F.);
#2513=ADVANCED_FACE('',(#241),#2391,.F.);
#2514=ADVANCED_FACE('',(#242),#18,.F.);
#2515=ADVANCED_FACE('',(#243,#46),#95,.T.);
#2516=ADVANCED_FACE('',(#244),#2392,.F.);
#2517=ADVANCED_FACE('',(#245),#2393,.F.);
#2518=ADVANCED_FACE('',(#246),#19,.F.);
#2519=ADVANCED_FACE('',(#247,#47),#96,.T.);
#2520=ADVANCED_FACE('',(#248),#2394,.F.);
#2521=ADVANCED_FACE('',(#249),#2395,.F.);
#2522=ADVANCED_FACE('',(#250),#20,.F.);
#2523=ADVANCED_FACE('',(#251,#48),#97,.T.);
#2524=ADVANCED_FACE('',(#252),#2396,.F.);
#2525=ADVANCED_FACE('',(#253),#2397,.F.);
#2526=ADVANCED_FACE('',(#254,#49),#98,.T.);
#2527=ADVANCED_FACE('',(#255),#99,.T.);
#2528=ADVANCED_FACE('',(#256),#100,.T.);
#2529=ADVANCED_FACE('',(#257),#101,.T.);
#2530=ADVANCED_FACE('',(#258),#2398,.F.);
#2531=ADVANCED_FACE('',(#259),#102,.T.);
#2532=ADVANCED_FACE('',(#260),#2399,.T.);
#2533=ADVANCED_FACE('',(#261,#50),#103,.F.);
#2534=ADVANCED_FACE('',(#262),#2400,.F.);
#2535=ADVANCED_FACE('',(#263),#104,.T.);
#2536=ADVANCED_FACE('',(#264),#105,.T.);
#2537=ADVANCED_FACE('',(#265),#106,.T.);
#2538=ADVANCED_FACE('',(#266),#107,.T.);
#2539=ADVANCED_FACE('',(#267),#108,.T.);
#2540=ADVANCED_FACE('',(#268),#109,.T.);
#2541=ADVANCED_FACE('',(#269),#110,.T.);
#2542=ADVANCED_FACE('',(#270),#111,.T.);
#2543=ADVANCED_FACE('',(#271),#112,.T.);
#2544=ADVANCED_FACE('',(#272),#113,.T.);
#2545=ADVANCED_FACE('',(#273),#114,.T.);
#2546=ADVANCED_FACE('',(#274,#51,#52,#53,#54,#55,#56),#115,.T.);
#2547=ADVANCED_FACE('',(#275),#116,.T.);
#2548=ADVANCED_FACE('',(#276),#117,.T.);
#2549=ADVANCED_FACE('',(#277),#118,.T.);
#2550=ADVANCED_FACE('',(#278,#57),#119,.T.);
#2551=ADVANCED_FACE('',(#279),#2401,.T.);
#2552=ADVANCED_FACE('',(#280),#2402,.F.);
#2553=ADVANCED_FACE('',(#281,#58),#120,.F.);
#2554=CLOSED_SHELL('',(#2403,#2404,#2405,#2406,#2407,#2408,#2409,#2410,
#2411,#2412,#2413,#2414,#2415,#2416,#2417,#2418,#2419,#2420,#2421,#2422,
#2423,#2424,#2425,#2426,#2427,#2428,#2429,#2430,#2431,#2432,#2433,#2434,
#2435,#2436,#2437,#2438,#2439,#2440,#2441,#2442,#2443,#2444,#2445,#2446,
#2447,#2448,#2449,#2450,#2451,#2452,#2453,#2454,#2455,#2456,#2457,#2458,
#2459,#2460,#2461,#2462,#2463,#2464,#2465,#2466,#2467,#2468,#2469,#2470,
#2471,#2472,#2473,#2474,#2475,#2476,#2477,#2478,#2479,#2480,#2481,#2482,
#2483,#2484,#2485,#2486,#2487,#2488,#2489,#2490,#2491,#2492,#2493,#2494,
#2495,#2496,#2497,#2498,#2499,#2500,#2501,#2502,#2503,#2504,#2505,#2506,
#2507,#2508,#2509,#2510,#2511,#2512,#2513,#2514,#2515,#2516,#2517,#2518,
#2519,#2520,#2521,#2522,#2523,#2524,#2525,#2526,#2527,#2528,#2529,#2530,
#2531,#2532,#2533,#2534,#2535,#2536,#2537,#2538,#2539,#2540,#2541,#2542,
#2543,#2544,#2545,#2546,#2547,#2548,#2549));
#2555=CLOSED_SHELL('',(#2550,#2551,#2552,#2553));
#2556=DERIVED_UNIT_ELEMENT(#2559,1.);
#2557=DERIVED_UNIT_ELEMENT(#4474,-3.);
#2558=DIMENSIONAL_EXPONENTS(0.,1.,0.,0.,0.,0.,0.);
#2559=(
CONVERSION_BASED_UNIT('gram',#2561)
MASS_UNIT()
NAMED_UNIT(#2558)
);
#2560=(
MASS_UNIT()
NAMED_UNIT(*)
SI_UNIT(.KILO.,.GRAM.)
);
#2561=MASS_MEASURE_WITH_UNIT(MASS_MEASURE(0.001),#2560);
#2562=DERIVED_UNIT((#2556,#2557));
#2563=MEASURE_REPRESENTATION_ITEM('density measure',
POSITIVE_RATIO_MEASURE(1.),#2562);
#2564=PROPERTY_DEFINITION_REPRESENTATION(#2569,#2566);
#2565=PROPERTY_DEFINITION_REPRESENTATION(#2570,#2567);
#2566=REPRESENTATION('material name',(#2568),#4471);
#2567=REPRESENTATION('density',(#2563),#4471);
#2568=DESCRIPTIVE_REPRESENTATION_ITEM('Generic','Generic');
#2569=PROPERTY_DEFINITION('material property','material name',#4481);
#2570=PROPERTY_DEFINITION('material property','density of part',#4481);
#2571=DATE_TIME_ROLE('creation_date');
#2572=APPLIED_DATE_AND_TIME_ASSIGNMENT(#2573,#2571,(#4481));
#2573=DATE_AND_TIME(#2574,#2575);
#2574=CALENDAR_DATE(2026,18,4);
#2575=LOCAL_TIME(0,0,0.,#2576);
#2576=COORDINATED_UNIVERSAL_TIME_OFFSET(0,0,.BEHIND.);
#2577=AXIS2_PLACEMENT_3D('',#3734,#2899,#2900);
#2578=AXIS2_PLACEMENT_3D('',#3735,#2901,#2902);
#2579=AXIS2_PLACEMENT_3D('',#3740,#2904,#2905);
#2580=AXIS2_PLACEMENT_3D('',#3744,#2907,#2908);
#2581=AXIS2_PLACEMENT_3D('',#3747,#2910,#2911);
#2582=AXIS2_PLACEMENT_3D('',#3748,#2912,#2913);
#2583=AXIS2_PLACEMENT_3D('',#3751,#2914,#2915);
#2584=AXIS2_PLACEMENT_3D('',#3753,#2916,#2917);
#2585=AXIS2_PLACEMENT_3D('',#3754,#2918,#2919);
#2586=AXIS2_PLACEMENT_3D('',#3755,#2920,#2921);
#2587=AXIS2_PLACEMENT_3D('',#3759,#2923,#2924);
#2588=AXIS2_PLACEMENT_3D('',#3761,#2926,#2927);
#2589=AXIS2_PLACEMENT_3D('',#3767,#2931,#2932);
#2590=AXIS2_PLACEMENT_3D('',#3770,#2934,#2935);
#2591=AXIS2_PLACEMENT_3D('',#3771,#2936,#2937);
#2592=AXIS2_PLACEMENT_3D('',#3774,#2938,#2939);
#2593=AXIS2_PLACEMENT_3D('',#3776,#2940,#2941);
#2594=AXIS2_PLACEMENT_3D('',#3777,#2942,#2943);
#2595=AXIS2_PLACEMENT_3D('',#3778,#2944,#2945);
#2596=AXIS2_PLACEMENT_3D('',#3781,#2946,#2947);
#2597=AXIS2_PLACEMENT_3D('',#3783,#2948,#2949);
#2598=AXIS2_PLACEMENT_3D('',#3785,#2950,#2951);
#2599=AXIS2_PLACEMENT_3D('',#3786,#2952,#2953);
#2600=AXIS2_PLACEMENT_3D('',#3787,#2954,#2955);
#2601=AXIS2_PLACEMENT_3D('',#3790,#2956,#2957);
#2602=AXIS2_PLACEMENT_3D('',#3792,#2958,#2959);
#2603=AXIS2_PLACEMENT_3D('',#3794,#2960,#2961);
#2604=AXIS2_PLACEMENT_3D('',#3795,#2962,#2963);
#2605=AXIS2_PLACEMENT_3D('',#3796,#2964,#2965);
#2606=AXIS2_PLACEMENT_3D('',#3801,#2968,#2969);
#2607=AXIS2_PLACEMENT_3D('',#3802,#2970,#2971);
#2608=AXIS2_PLACEMENT_3D('',#3805,#2972,#2973);
#2609=AXIS2_PLACEMENT_3D('',#3808,#2976,#2977);
#2610=AXIS2_PLACEMENT_3D('',#3811,#2980,#2981);
#2611=AXIS2_PLACEMENT_3D('',#3815,#2983,#2984);
#2612=AXIS2_PLACEMENT_3D('',#3817,#2986,#2987);
#2613=AXIS2_PLACEMENT_3D('',#3820,#2988,#2989);
#2614=AXIS2_PLACEMENT_3D('',#3823,#2992,#2993);
#2615=AXIS2_PLACEMENT_3D('',#3826,#2996,#2997);
#2616=AXIS2_PLACEMENT_3D('',#3829,#2998,#2999);
#2617=AXIS2_PLACEMENT_3D('',#3832,#3002,#3003);
#2618=AXIS2_PLACEMENT_3D('',#3835,#3004,#3005);
#2619=AXIS2_PLACEMENT_3D('',#3838,#3008,#3009);
#2620=AXIS2_PLACEMENT_3D('',#3844,#3013,#3014);
#2621=AXIS2_PLACEMENT_3D('',#3850,#3017,#3018);
#2622=AXIS2_PLACEMENT_3D('',#3854,#3021,#3022);
#2623=AXIS2_PLACEMENT_3D('',#3861,#3026,#3027);
#2624=AXIS2_PLACEMENT_3D('',#3863,#3028,#3029);
#2625=AXIS2_PLACEMENT_3D('',#3865,#3030,#3031);
#2626=AXIS2_PLACEMENT_3D('',#3867,#3032,#3033);
#2627=AXIS2_PLACEMENT_3D('',#3869,#3034,#3035);
#2628=AXIS2_PLACEMENT_3D('',#3871,#3036,#3037);
#2629=AXIS2_PLACEMENT_3D('',#3873,#3038,#3039);
#2630=AXIS2_PLACEMENT_3D('',#3874,#3040,#3041);
#2631=AXIS2_PLACEMENT_3D('',#3876,#3043,#3044);
#2632=AXIS2_PLACEMENT_3D('',#3879,#3045,#3046);
#2633=AXIS2_PLACEMENT_3D('',#3881,#3047,#3048);
#2634=AXIS2_PLACEMENT_3D('',#3883,#3049,#3050);
#2635=AXIS2_PLACEMENT_3D('',#3884,#3051,#3052);
#2636=AXIS2_PLACEMENT_3D('',#3885,#3053,#3054);
#2637=AXIS2_PLACEMENT_3D('',#3888,#3057,#3058);
#2638=AXIS2_PLACEMENT_3D('',#3891,#3059,#3060);
#2639=AXIS2_PLACEMENT_3D('',#3894,#3063,#3064);
#2640=AXIS2_PLACEMENT_3D('',#3897,#3065,#3066);
#2641=AXIS2_PLACEMENT_3D('',#3899,#3067,#3068);
#2642=AXIS2_PLACEMENT_3D('',#3901,#3069,#3070);
#2643=AXIS2_PLACEMENT_3D('',#3902,#3071,#3072);
#2644=AXIS2_PLACEMENT_3D('',#3903,#3073,#3074);
#2645=AXIS2_PLACEMENT_3D('',#3906,#3077,#3078);
#2646=AXIS2_PLACEMENT_3D('',#3909,#3079,#3080);
#2647=AXIS2_PLACEMENT_3D('',#3912,#3083,#3084);
#2648=AXIS2_PLACEMENT_3D('',#3915,#3085,#3086);
#2649=AXIS2_PLACEMENT_3D('',#3917,#3087,#3088);
#2650=AXIS2_PLACEMENT_3D('',#3918,#3089,#3090);
#2651=AXIS2_PLACEMENT_3D('',#3919,#3091,#3092);
#2652=AXIS2_PLACEMENT_3D('',#3922,#3093,#3094);
#2653=AXIS2_PLACEMENT_3D('',#3924,#3095,#3096);
#2654=AXIS2_PLACEMENT_3D('',#3926,#3097,#3098);
#2655=AXIS2_PLACEMENT_3D('',#3927,#3099,#3100);
#2656=AXIS2_PLACEMENT_3D('',#3928,#3101,#3102);
#2657=AXIS2_PLACEMENT_3D('',#3931,#3103,#3104);
#2658=AXIS2_PLACEMENT_3D('',#3933,#3105,#3106);
#2659=AXIS2_PLACEMENT_3D('',#3934,#3107,#3108);
#2660=AXIS2_PLACEMENT_3D('',#3935,#3109,#3110);
#2661=AXIS2_PLACEMENT_3D('',#3938,#3111,#3112);
#2662=AXIS2_PLACEMENT_3D('',#3940,#3113,#3114);
#2663=AXIS2_PLACEMENT_3D('',#3941,#3115,#3116);
#2664=AXIS2_PLACEMENT_3D('',#3942,#3117,#3118);
#2665=AXIS2_PLACEMENT_3D('',#3945,#3121,#3122);
#2666=AXIS2_PLACEMENT_3D('',#3948,#3125,#3126);
#2667=AXIS2_PLACEMENT_3D('',#3951,#3127,#3128);
#2668=AXIS2_PLACEMENT_3D('',#3954,#3131,#3132);
#2669=AXIS2_PLACEMENT_3D('',#3957,#3135,#3136);
#2670=AXIS2_PLACEMENT_3D('',#3960,#3137,#3138);
#2671=AXIS2_PLACEMENT_3D('',#3963,#3141,#3142);
#2672=AXIS2_PLACEMENT_3D('',#3966,#3143,#3144);
#2673=AXIS2_PLACEMENT_3D('',#3969,#3147,#3148);
#2674=AXIS2_PLACEMENT_3D('',#3972,#3149,#3150);
#2675=AXIS2_PLACEMENT_3D('',#3975,#3153,#3154);
#2676=AXIS2_PLACEMENT_3D('',#3978,#3157,#3158);
#2677=AXIS2_PLACEMENT_3D('',#3981,#3159,#3160);
#2678=AXIS2_PLACEMENT_3D('',#3984,#3163,#3164);
#2679=AXIS2_PLACEMENT_3D('',#3988,#3167,#3168);
#2680=AXIS2_PLACEMENT_3D('',#3990,#3170,#3171);
#2681=AXIS2_PLACEMENT_3D('',#3994,#3174,#3175);
#2682=AXIS2_PLACEMENT_3D('',#3996,#3176,#3177);
#2683=AXIS2_PLACEMENT_3D('',#3998,#3178,#3179);
#2684=AXIS2_PLACEMENT_3D('',#4000,#3180,#3181);
#2685=AXIS2_PLACEMENT_3D('',#4002,#3182,#3183);
#2686=AXIS2_PLACEMENT_3D('',#4004,#3184,#3185);
#2687=AXIS2_PLACEMENT_3D('',#4005,#3186,#3187);
#2688=AXIS2_PLACEMENT_3D('',#4007,#3189,#3190);
#2689=AXIS2_PLACEMENT_3D('',#4010,#3191,#3192);
#2690=AXIS2_PLACEMENT_3D('',#4014,#3194,#3195);
#2691=AXIS2_PLACEMENT_3D('',#4018,#3197,#3198);
#2692=AXIS2_PLACEMENT_3D('',#4033,#3207,#3208);
#2693=AXIS2_PLACEMENT_3D('',#4037,#3210,#3211);
#2694=AXIS2_PLACEMENT_3D('',#4041,#3213,#3214);
#2695=AXIS2_PLACEMENT_3D('',#4049,#3218,#3219);
#2696=AXIS2_PLACEMENT_3D('',#4053,#3221,#3222);
#2697=AXIS2_PLACEMENT_3D('',#4059,#3225,#3226);
#2698=AXIS2_PLACEMENT_3D('',#4063,#3228,#3229);
#2699=AXIS2_PLACEMENT_3D('',#4071,#3234,#3235);
#2700=AXIS2_PLACEMENT_3D('',#4075,#3237,#3238);
#2701=AXIS2_PLACEMENT_3D('',#4079,#3240,#3241);
#2702=AXIS2_PLACEMENT_3D('',#4084,#3245,#3246);
#2703=AXIS2_PLACEMENT_3D('',#4086,#3247,#3248);
#2704=AXIS2_PLACEMENT_3D('',#4088,#3249,#3250);
#2705=AXIS2_PLACEMENT_3D('',#4090,#3251,#3252);
#2706=AXIS2_PLACEMENT_3D('',#4095,#3257,#3258);
#2707=AXIS2_PLACEMENT_3D('',#4096,#3259,#3260);
#2708=AXIS2_PLACEMENT_3D('',#4098,#3261,#3262);
#2709=AXIS2_PLACEMENT_3D('',#4100,#3263,#3264);
#2710=AXIS2_PLACEMENT_3D('',#4101,#3265,#3266);
#2711=AXIS2_PLACEMENT_3D('',#4102,#3267,#3268);
#2712=AXIS2_PLACEMENT_3D('',#4104,#3270,#3271);
#2713=AXIS2_PLACEMENT_3D('',#4107,#3274,#3275);
#2714=AXIS2_PLACEMENT_3D('',#4110,#3277,#3278);
#2715=AXIS2_PLACEMENT_3D('',#4111,#3279,#3280);
#2716=AXIS2_PLACEMENT_3D('',#4113,#3281,#3282);
#2717=AXIS2_PLACEMENT_3D('',#4115,#3283,#3284);
#2718=AXIS2_PLACEMENT_3D('',#4116,#3285,#3286);
#2719=AXIS2_PLACEMENT_3D('',#4117,#3287,#3288);
#2720=AXIS2_PLACEMENT_3D('',#4119,#3290,#3291);
#2721=AXIS2_PLACEMENT_3D('',#4122,#3294,#3295);
#2722=AXIS2_PLACEMENT_3D('',#4124,#3297,#3298);
#2723=AXIS2_PLACEMENT_3D('',#4125,#3299,#3300);
#2724=AXIS2_PLACEMENT_3D('',#4128,#3301,#3302);
#2725=AXIS2_PLACEMENT_3D('',#4130,#3303,#3304);
#2726=AXIS2_PLACEMENT_3D('',#4131,#3305,#3306);
#2727=AXIS2_PLACEMENT_3D('',#4132,#3307,#3308);
#2728=AXIS2_PLACEMENT_3D('',#4135,#3311,#3312);
#2729=AXIS2_PLACEMENT_3D('',#4138,#3313,#3314);
#2730=AXIS2_PLACEMENT_3D('',#4141,#3317,#3318);
#2731=AXIS2_PLACEMENT_3D('',#4144,#3319,#3320);
#2732=AXIS2_PLACEMENT_3D('',#4146,#3321,#3322);
#2733=AXIS2_PLACEMENT_3D('',#4147,#3323,#3324);
#2734=AXIS2_PLACEMENT_3D('',#4148,#3325,#3326);
#2735=AXIS2_PLACEMENT_3D('',#4151,#3329,#3330);
#2736=AXIS2_PLACEMENT_3D('',#4154,#3331,#3332);
#2737=AXIS2_PLACEMENT_3D('',#4156,#3333,#3334);
#2738=AXIS2_PLACEMENT_3D('',#4158,#3335,#3336);
#2739=AXIS2_PLACEMENT_3D('',#4159,#3337,#3338);
#2740=AXIS2_PLACEMENT_3D('',#4160,#3339,#3340);
#2741=AXIS2_PLACEMENT_3D('',#4163,#3343,#3344);
#2742=AXIS2_PLACEMENT_3D('',#4166,#3347,#3348);
#2743=AXIS2_PLACEMENT_3D('',#4169,#3349,#3350);
#2744=AXIS2_PLACEMENT_3D('',#4171,#3351,#3352);
#2745=AXIS2_PLACEMENT_3D('',#4173,#3353,#3354);
#2746=AXIS2_PLACEMENT_3D('',#4174,#3355,#3356);
#2747=AXIS2_PLACEMENT_3D('',#4175,#3357,#3358);
#2748=AXIS2_PLACEMENT_3D('',#4178,#3361,#3362);
#2749=AXIS2_PLACEMENT_3D('',#4181,#3363,#3364);
#2750=AXIS2_PLACEMENT_3D('',#4183,#3365,#3366);
#2751=AXIS2_PLACEMENT_3D('',#4185,#3367,#3368);
#2752=AXIS2_PLACEMENT_3D('',#4186,#3369,#3370);
#2753=AXIS2_PLACEMENT_3D('',#4187,#3371,#3372);
#2754=AXIS2_PLACEMENT_3D('',#4190,#3375,#3376);
#2755=AXIS2_PLACEMENT_3D('',#4193,#3379,#3380);
#2756=AXIS2_PLACEMENT_3D('',#4196,#3381,#3382);
#2757=AXIS2_PLACEMENT_3D('',#4198,#3383,#3384);
#2758=AXIS2_PLACEMENT_3D('',#4200,#3385,#3386);
#2759=AXIS2_PLACEMENT_3D('',#4201,#3387,#3388);
#2760=AXIS2_PLACEMENT_3D('',#4202,#3389,#3390);
#2761=AXIS2_PLACEMENT_3D('',#4205,#3393,#3394);
#2762=AXIS2_PLACEMENT_3D('',#4208,#3397,#3398);
#2763=AXIS2_PLACEMENT_3D('',#4211,#3401,#3402);
#2764=AXIS2_PLACEMENT_3D('',#4214,#3405,#3406);
#2765=AXIS2_PLACEMENT_3D('',#4217,#3407,#3408);
#2766=AXIS2_PLACEMENT_3D('',#4220,#3411,#3412);
#2767=AXIS2_PLACEMENT_3D('',#4221,#3413,#3414);
#2768=AXIS2_PLACEMENT_3D('',#4223,#3415,#3416);
#2769=AXIS2_PLACEMENT_3D('',#4224,#3417,#3418);
#2770=AXIS2_PLACEMENT_3D('',#4225,#3419,#3420);
#2771=AXIS2_PLACEMENT_3D('',#4226,#3421,#3422);
#2772=AXIS2_PLACEMENT_3D('',#4227,#3423,#3424);
#2773=AXIS2_PLACEMENT_3D('',#4229,#3426,#3427);
#2774=AXIS2_PLACEMENT_3D('',#4233,#3429,#3430);
#2775=AXIS2_PLACEMENT_3D('',#4236,#3432,#3433);
#2776=AXIS2_PLACEMENT_3D('',#4238,#3434,#3435);
#2777=AXIS2_PLACEMENT_3D('',#4240,#3436,#3437);
#2778=AXIS2_PLACEMENT_3D('',#4242,#3438,#3439);
#2779=AXIS2_PLACEMENT_3D('',#4244,#3440,#3441);
#2780=AXIS2_PLACEMENT_3D('',#4246,#3442,#3443);
#2781=AXIS2_PLACEMENT_3D('',#4247,#3444,#3445);
#2782=AXIS2_PLACEMENT_3D('',#4250,#3446,#3447);
#2783=AXIS2_PLACEMENT_3D('',#4252,#3448,#3449);
#2784=AXIS2_PLACEMENT_3D('',#4254,#3450,#3451);
#2785=AXIS2_PLACEMENT_3D('',#4255,#3452,#3453);
#2786=AXIS2_PLACEMENT_3D('',#4256,#3454,#3455);
#2787=AXIS2_PLACEMENT_3D('',#4259,#3458,#3459);
#2788=AXIS2_PLACEMENT_3D('',#4262,#3462,#3463);
#2789=AXIS2_PLACEMENT_3D('',#4265,#3464,#3465);
#2790=AXIS2_PLACEMENT_3D('',#4267,#3466,#3467);
#2791=AXIS2_PLACEMENT_3D('',#4269,#3468,#3469);
#2792=AXIS2_PLACEMENT_3D('',#4270,#3470,#3471);
#2793=AXIS2_PLACEMENT_3D('',#4271,#3472,#3473);
#2794=AXIS2_PLACEMENT_3D('',#4274,#3476,#3477);
#2795=AXIS2_PLACEMENT_3D('',#4277,#3478,#3479);
#2796=AXIS2_PLACEMENT_3D('',#4279,#3480,#3481);
#2797=AXIS2_PLACEMENT_3D('',#4280,#3482,#3483);
#2798=AXIS2_PLACEMENT_3D('',#4281,#3484,#3485);
#2799=AXIS2_PLACEMENT_3D('',#4284,#3488,#3489);
#2800=AXIS2_PLACEMENT_3D('',#4287,#3492,#3493);
#2801=AXIS2_PLACEMENT_3D('',#4290,#3494,#3495);
#2802=AXIS2_PLACEMENT_3D('',#4292,#3496,#3497);
#2803=AXIS2_PLACEMENT_3D('',#4293,#3498,#3499);
#2804=AXIS2_PLACEMENT_3D('',#4294,#3500,#3501);
#2805=AXIS2_PLACEMENT_3D('',#4297,#3504,#3505);
#2806=AXIS2_PLACEMENT_3D('',#4300,#3508,#3509);
#2807=AXIS2_PLACEMENT_3D('',#4303,#3512,#3513);
#2808=AXIS2_PLACEMENT_3D('',#4306,#3514,#3515);
#2809=AXIS2_PLACEMENT_3D('',#4309,#3518,#3519);
#2810=AXIS2_PLACEMENT_3D('',#4310,#3520,#3521);
#2811=AXIS2_PLACEMENT_3D('',#4311,#3522,#3523);
#2812=AXIS2_PLACEMENT_3D('',#4313,#3524,#3525);
#2813=AXIS2_PLACEMENT_3D('',#4314,#3526,#3527);
#2814=AXIS2_PLACEMENT_3D('',#4315,#3528,#3529);
#2815=AXIS2_PLACEMENT_3D('',#4317,#3531,#3532);
#2816=AXIS2_PLACEMENT_3D('',#4319,#3534,#3535);
#2817=AXIS2_PLACEMENT_3D('',#4321,#3537,#3538);
#2818=AXIS2_PLACEMENT_3D('',#4323,#3540,#3541);
#2819=AXIS2_PLACEMENT_3D('',#4325,#3543,#3544);
#2820=AXIS2_PLACEMENT_3D('',#4327,#3546,#3547);
#2821=AXIS2_PLACEMENT_3D('',#4330,#3549,#3550);
#2822=AXIS2_PLACEMENT_3D('',#4331,#3551,#3552);
#2823=AXIS2_PLACEMENT_3D('',#4334,#3554,#3555);
#2824=AXIS2_PLACEMENT_3D('',#4335,#3556,#3557);
#2825=AXIS2_PLACEMENT_3D('',#4338,#3559,#3560);
#2826=AXIS2_PLACEMENT_3D('',#4339,#3561,#3562);
#2827=AXIS2_PLACEMENT_3D('',#4342,#3564,#3565);
#2828=AXIS2_PLACEMENT_3D('',#4343,#3566,#3567);
#2829=AXIS2_PLACEMENT_3D('',#4346,#3569,#3570);
#2830=AXIS2_PLACEMENT_3D('',#4347,#3571,#3572);
#2831=AXIS2_PLACEMENT_3D('',#4350,#3574,#3575);
#2832=AXIS2_PLACEMENT_3D('',#4351,#3576,#3577);
#2833=AXIS2_PLACEMENT_3D('',#4353,#3578,#3579);
#2834=AXIS2_PLACEMENT_3D('',#4356,#3581,#3582);
#2835=AXIS2_PLACEMENT_3D('',#4358,#3583,#3584);
#2836=AXIS2_PLACEMENT_3D('',#4360,#3585,#3586);
#2837=AXIS2_PLACEMENT_3D('',#4361,#3587,#3588);
#2838=AXIS2_PLACEMENT_3D('',#4363,#3590,#3591);
#2839=AXIS2_PLACEMENT_3D('',#4365,#3593,#3594);
#2840=AXIS2_PLACEMENT_3D('',#4367,#3595,#3596);
#2841=AXIS2_PLACEMENT_3D('',#4370,#3598,#3599);
#2842=AXIS2_PLACEMENT_3D('',#4372,#3600,#3601);
#2843=AXIS2_PLACEMENT_3D('',#4374,#3602,#3603);
#2844=AXIS2_PLACEMENT_3D('',#4375,#3604,#3605);
#2845=AXIS2_PLACEMENT_3D('',#4377,#3607,#3608);
#2846=AXIS2_PLACEMENT_3D('',#4379,#3610,#3611);
#2847=AXIS2_PLACEMENT_3D('',#4381,#3612,#3613);
#2848=AXIS2_PLACEMENT_3D('',#4384,#3615,#3616);
#2849=AXIS2_PLACEMENT_3D('',#4386,#3617,#3618);
#2850=AXIS2_PLACEMENT_3D('',#4388,#3619,#3620);
#2851=AXIS2_PLACEMENT_3D('',#4389,#3621,#3622);
#2852=AXIS2_PLACEMENT_3D('',#4391,#3624,#3625);
#2853=AXIS2_PLACEMENT_3D('',#4393,#3627,#3628);
#2854=AXIS2_PLACEMENT_3D('',#4395,#3629,#3630);
#2855=AXIS2_PLACEMENT_3D('',#4398,#3632,#3633);
#2856=AXIS2_PLACEMENT_3D('',#4400,#3634,#3635);
#2857=AXIS2_PLACEMENT_3D('',#4402,#3636,#3637);
#2858=AXIS2_PLACEMENT_3D('',#4403,#3638,#3639);
#2859=AXIS2_PLACEMENT_3D('',#4405,#3641,#3642);
#2860=AXIS2_PLACEMENT_3D('',#4407,#3644,#3645);
#2861=AXIS2_PLACEMENT_3D('',#4411,#3648,#3649);
#2862=AXIS2_PLACEMENT_3D('',#4413,#3650,#3651);
#2863=AXIS2_PLACEMENT_3D('',#4414,#3652,#3653);
#2864=AXIS2_PLACEMENT_3D('',#4416,#3655,#3656);
#2865=AXIS2_PLACEMENT_3D('',#4418,#3657,#3658);
#2866=AXIS2_PLACEMENT_3D('',#4420,#3660,#3661);
#2867=AXIS2_PLACEMENT_3D('',#4421,#3662,#3663);
#2868=AXIS2_PLACEMENT_3D('',#4423,#3665,#3666);
#2869=AXIS2_PLACEMENT_3D('',#4424,#3667,#3668);
#2870=AXIS2_PLACEMENT_3D('',#4426,#3669,#3670);
#2871=AXIS2_PLACEMENT_3D('',#4428,#3672,#3673);
#2872=AXIS2_PLACEMENT_3D('',#4430,#3674,#3675);
#2873=AXIS2_PLACEMENT_3D('',#4431,#3676,#3677);
#2874=AXIS2_PLACEMENT_3D('',#4433,#3679,#3680);
#2875=AXIS2_PLACEMENT_3D('',#4434,#3681,#3682);
#2876=AXIS2_PLACEMENT_3D('',#4435,#3683,#3684);
#2877=AXIS2_PLACEMENT_3D('',#4436,#3685,#3686);
#2878=AXIS2_PLACEMENT_3D('',#4437,#3687,#3688);
#2879=AXIS2_PLACEMENT_3D('',#4438,#3689,#3690);
#2880=AXIS2_PLACEMENT_3D('',#4439,#3691,#3692);
#2881=AXIS2_PLACEMENT_3D('',#4440,#3693,#3694);
#2882=AXIS2_PLACEMENT_3D('',#4441,#3695,#3696);
#2883=AXIS2_PLACEMENT_3D('',#4442,#3697,#3698);
#2884=AXIS2_PLACEMENT_3D('',#4443,#3699,#3700);
#2885=AXIS2_PLACEMENT_3D('',#4445,#3702,#3703);
#2886=AXIS2_PLACEMENT_3D('',#4448,#3706,#3707);
#2887=AXIS2_PLACEMENT_3D('',#4449,#3708,#3709);
#2888=AXIS2_PLACEMENT_3D('',#4450,#3710,#3711);
#2889=AXIS2_PLACEMENT_3D('',#4451,#3712,#3713);
#2890=AXIS2_PLACEMENT_3D('',#4453,#3714,#3715);
#2891=AXIS2_PLACEMENT_3D('',#4455,#3716,#3717);
#2892=AXIS2_PLACEMENT_3D('',#4456,#3718,#3719);
#2893=AXIS2_PLACEMENT_3D('',#4460,#3721,#3722);
#2894=AXIS2_PLACEMENT_3D('',#4462,#3723,#3724);
#2895=AXIS2_PLACEMENT_3D('',#4463,#3725,#3726);
#2896=AXIS2_PLACEMENT_3D('',#4464,#3727,#3728);
#2897=AXIS2_PLACEMENT_3D('',#4467,#3730,#3731);
#2898=AXIS2_PLACEMENT_3D('',#4468,#3732,#3733);
#2899=DIRECTION('axis',(0.,0.,1.));
#2900=DIRECTION('refdir',(1.,0.,0.));
#2901=DIRECTION('center_axis',(1.,0.,-6.33493257850186E-13));
#2902=DIRECTION('ref_axis',(6.33493257850186E-13,0.,1.));
#2903=DIRECTION('',(-1.,0.,6.33493257850186E-13));
#2904=DIRECTION('center_axis',(-1.,0.,2.07241631263362E-16));
#2905=DIRECTION('ref_axis',(0.,0.,-1.));
#2906=DIRECTION('',(-1.,0.,1.77635683940025E-16));
#2907=DIRECTION('center_axis',(1.,0.,-8.00881419575957E-13));
#2908=DIRECTION('ref_axis',(-1.77635683940025E-16,0.,-1.));
#2909=DIRECTION('',(1.,0.,-1.77635683940025E-16));
#2910=DIRECTION('center_axis',(-1.,0.,6.3347788547656E-13));
#2911=DIRECTION('ref_axis',(-1.77635683940025E-16,0.,-1.));
#2912=DIRECTION('center_axis',(-0.408248290463749,-0.816496580927497,0.408248290464435));
#2913=DIRECTION('ref_axis',(0.577350269188979,-0.577350269189949,-0.577350269189949));
#2914=DIRECTION('center_axis',(0.,1.,0.));
#2915=DIRECTION('ref_axis',(1.,0.,0.));
#2916=DIRECTION('center_axis',(-1.,0.,1.68406815568137E-12));
#2917=DIRECTION('ref_axis',(-1.19015908239817E-12,-0.707106781186549,-0.707106781186546));
#2918=DIRECTION('center_axis',(0.,0.,1.));
#2919=DIRECTION('ref_axis',(0.70710678118655,-0.707106781186545,0.));
#2920=DIRECTION('center_axis',(0.,1.,0.));
#2921=DIRECTION('ref_axis',(0.707106781185954,0.,-0.707106781187141));
#2922=DIRECTION('',(0.,1.,0.));
#2923=DIRECTION('center_axis',(0.,1.,0.));
#2924=DIRECTION('ref_axis',(0.707106781185954,0.,-0.707106781187141));
#2925=DIRECTION('',(0.,-1.,0.));
#2926=DIRECTION('center_axis',(-1.,0.,0.));
#2927=DIRECTION('ref_axis',(0.,0.,1.));
#2928=DIRECTION('',(0.,0.,-1.));
#2929=DIRECTION('',(0.,1.,0.));
#2930=DIRECTION('',(0.,0.,1.));
#2931=DIRECTION('center_axis',(0.,0.,-1.));
#2932=DIRECTION('ref_axis',(0.707106781186549,-0.707106781186546,0.));
#2933=DIRECTION('',(0.,0.,1.));
#2934=DIRECTION('center_axis',(1.81810122512946E-12,0.,-1.));
#2935=DIRECTION('ref_axis',(0.707106781186549,-0.707106781186546,0.));
#2936=DIRECTION('center_axis',(0.408248290463486,-0.408248290462799,-0.816496580928447));
#2937=DIRECTION('ref_axis',(0.57735026919062,-0.577350269189651,0.577350269188606));
#2938=DIRECTION('center_axis',(-1.81632486828675E-12,0.,-1.));
#2939=DIRECTION('ref_axis',(0.,-1.,0.));
#2940=DIRECTION('center_axis',(-1.,4.44089209850063E-15,1.68753899743024E-12));
#2941=DIRECTION('ref_axis',(1.68753899743024E-12,0.,1.));
#2942=DIRECTION('center_axis',(0.,1.,0.));
#2943=DIRECTION('ref_axis',(1.,0.,-1.82076576038526E-12));
#2944=DIRECTION('center_axis',(1.79623628119248E-26,1.,1.06581410364266E-14));
#2945=DIRECTION('ref_axis',(0.,-1.06581410364015E-14,1.));
#2946=DIRECTION('center_axis',(0.,1.,0.));
#2947=DIRECTION('ref_axis',(-0.305177431008787,0.,-0.952295508549146));
#2948=DIRECTION('center_axis',(0.813733471206734,6.19491864440139E-15,-0.581238193719098));
#2949=DIRECTION('ref_axis',(0.581238193719098,0.,0.813733471206734));
#2950=DIRECTION('center_axis',(0.,-1.,0.));
#2951=DIRECTION('ref_axis',(-1.68531855138099E-12,0.,-1.));
#2952=DIRECTION('center_axis',(-1.,0.,1.68531855138099E-12));
#2953=DIRECTION('ref_axis',(0.,-1.,0.));
#2954=DIRECTION('center_axis',(0.,1.,0.));
#2955=DIRECTION('ref_axis',(0.,0.,1.));
#2956=DIRECTION('center_axis',(0.,1.,0.));
#2957=DIRECTION('ref_axis',(-0.889167642719793,0.,-0.457581580857585));
#2958=DIRECTION('center_axis',(-8.01581023779362E-13,0.,-1.));
#2959=DIRECTION('ref_axis',(1.,0.,-8.01581023779362E-13));
#2960=DIRECTION('center_axis',(0.,-1.,0.));
#2961=DIRECTION('ref_axis',(-0.581238193719096,0.,-0.813733471206735));
#2962=DIRECTION('center_axis',(-0.813733471206734,0.,0.581238193719098));
#2963=DIRECTION('ref_axis',(0.,-1.,0.));
#2964=DIRECTION('center_axis',(-8.00881419575957E-13,0.,-1.));
#2965=DIRECTION('ref_axis',(0.707106781186548,-0.707106781186547,-5.65233285126159E-13));
#2966=DIRECTION('',(-8.00881419575957E-13,0.,-1.));
#2967=DIRECTION('',(8.00881419575957E-13,0.,1.));
#2968=DIRECTION('center_axis',(5.66018331355501E-13,0.707106781186547,0.707106781186548));
#2969=DIRECTION('ref_axis',(5.66599034061436E-13,-0.707106781186548,0.707106781186547));
#2970=DIRECTION('center_axis',(0.,1.,0.));
#2971=DIRECTION('ref_axis',(-0.889167642719794,0.,-0.457581580857584));
#2972=DIRECTION('center_axis',(0.,-1.,0.));
#2973=DIRECTION('ref_axis',(-0.889167642719794,0.,-0.457581580857584));
#2974=DIRECTION('',(0.,-1.,0.));
#2975=DIRECTION('',(0.,1.,0.));
#2976=DIRECTION('center_axis',(0.813733471206735,0.,-0.581238193719096));
#2977=DIRECTION('ref_axis',(0.410997468263393,-0.707106781186547,0.575396455568751));
#2978=DIRECTION('',(-0.813733471206735,0.,0.581238193719096));
#2979=DIRECTION('',(0.813733471206735,0.,-0.581238193719096));
#2980=DIRECTION('center_axis',(0.,1.,0.));
#2981=DIRECTION('ref_axis',(0.707106781186831,0.,0.707106781186264));
#2982=DIRECTION('',(0.,1.,0.));
#2983=DIRECTION('center_axis',(0.,1.,0.));
#2984=DIRECTION('ref_axis',(0.707106781186831,0.,0.707106781186264));
#2985=DIRECTION('',(0.,-1.,0.));
#2986=DIRECTION('center_axis',(0.,1.,0.));
#2987=DIRECTION('ref_axis',(-0.305177431008785,0.,-0.952295508549147));
#2988=DIRECTION('center_axis',(0.,-1.,0.));
#2989=DIRECTION('ref_axis',(-0.305177431008785,0.,-0.952295508549147));
#2990=DIRECTION('',(0.,-1.,0.));
#2991=DIRECTION('',(0.,1.,0.));
#2992=DIRECTION('center_axis',(1.,0.,-1.68571275348398E-12));
#2993=DIRECTION('ref_axis',(1.19327026859967E-12,-0.707106781186549,0.707106781186546));
#2994=DIRECTION('',(-1.,0.,1.68571275348398E-12));
#2995=DIRECTION('',(1.,0.,-1.68571275348398E-12));
#2996=DIRECTION('center_axis',(0.,1.,0.));
#2997=DIRECTION('ref_axis',(0.707106781187788,0.,0.707106781185307));
#2998=DIRECTION('center_axis',(0.,1.,0.));
#2999=DIRECTION('ref_axis',(0.707106781187788,0.,0.707106781185307));
#3000=DIRECTION('',(0.,-1.,0.));
#3001=DIRECTION('',(0.,1.,0.));
#3002=DIRECTION('center_axis',(-1.81898940354917E-12,0.,-1.));
#3003=DIRECTION('ref_axis',(0.707106781186549,-0.707106781186546,-1.28747581612069E-12));
#3004=DIRECTION('center_axis',(1.81898940354917E-12,0.,1.));
#3005=DIRECTION('ref_axis',(0.707106781186549,-0.707106781186546,-1.28747581612069E-12));
#3006=DIRECTION('',(1.81898940354917E-12,0.,1.));
#3007=DIRECTION('',(-1.81898940354917E-12,0.,-1.));
#3008=DIRECTION('center_axis',(0.,0.,-1.));
#3009=DIRECTION('ref_axis',(-1.,0.,0.));
#3010=DIRECTION('',(1.,0.,0.));
#3011=DIRECTION('',(0.,-1.,0.));
#3012=DIRECTION('',(-1.,0.,0.));
#3013=DIRECTION('center_axis',(0.,1.,0.));
#3014=DIRECTION('ref_axis',(0.,0.,1.));
#3015=DIRECTION('',(-1.,0.,1.81898940354917E-12));
#3016=DIRECTION('',(0.,0.,-1.));
#3017=DIRECTION('center_axis',(0.,1.,0.));
#3018=DIRECTION('ref_axis',(0.88916764271961,0.,0.457581580857941));
#3019=DIRECTION('',(0.813733471206735,0.,-0.581238193719097));
#3020=DIRECTION('',(-6.3347788547656E-13,0.,-1.));
#3021=DIRECTION('center_axis',(1.81898940354917E-12,0.,1.));
#3022=DIRECTION('ref_axis',(1.,0.,-1.81898940354917E-12));
#3023=DIRECTION('',(0.,1.,0.));
#3024=DIRECTION('',(1.,0.,-1.81898940354917E-12));
#3025=DIRECTION('',(0.,1.,0.));
#3026=DIRECTION('center_axis',(1.81898940354917E-12,0.,1.));
#3027=DIRECTION('ref_axis',(-0.707106781186548,-0.707106781186547,0.));
#3028=DIRECTION('center_axis',(-1.81898940354917E-12,0.,-1.));
#3029=DIRECTION('ref_axis',(-1.,0.,1.81822810769343E-12));
#3030=DIRECTION('center_axis',(-1.81898940354917E-12,0.,-1.));
#3031=DIRECTION('ref_axis',(-1.,0.,1.81822810769343E-12));
#3032=DIRECTION('center_axis',(-1.81898940354917E-12,0.,-1.));
#3033=DIRECTION('ref_axis',(-1.,0.,1.81941234558632E-12));
#3034=DIRECTION('center_axis',(-1.81898940354917E-12,0.,-1.));
#3035=DIRECTION('ref_axis',(-1.,0.,1.81822810769343E-12));
#3036=DIRECTION('center_axis',(-1.81898940354917E-12,0.,-1.));
#3037=DIRECTION('ref_axis',(-1.,0.,1.81941234558632E-12));
#3038=DIRECTION('center_axis',(-1.81898940354917E-12,0.,-1.));
#3039=DIRECTION('ref_axis',(-1.,0.,1.81941234558632E-12));
#3040=DIRECTION('center_axis',(-1.,0.,1.81898940354917E-12));
#3041=DIRECTION('ref_axis',(1.81898940354917E-12,0.,1.));
#3042=DIRECTION('',(1.81898940354917E-12,0.,1.));
#3043=DIRECTION('center_axis',(-2.22044604924508E-15,1.,3.10862446894316E-15));
#3044=DIRECTION('ref_axis',(0.,-3.10862446895043E-15,1.));
#3045=DIRECTION('center_axis',(0.,1.,0.));
#3046=DIRECTION('ref_axis',(-0.305177431007182,0.,0.95229550854966));
#3047=DIRECTION('center_axis',(-1.,-2.22044604925031E-15,1.68309810533174E-12));
#3048=DIRECTION('ref_axis',(-1.68309810533174E-12,0.,-1.));
#3049=DIRECTION('center_axis',(0.,-1.,0.));
#3050=DIRECTION('ref_axis',(-0.581238193719096,0.,0.813733471206735));
#3051=DIRECTION('center_axis',(0.813733471206739,0.,0.581238193719091));
#3052=DIRECTION('ref_axis',(0.,-1.,0.));
#3053=DIRECTION('center_axis',(-1.,0.,1.68406815568137E-12));
#3054=DIRECTION('ref_axis',(-1.1901300836823E-12,-0.707106781186549,-0.707106781186546));
#3055=DIRECTION('',(-1.,0.,1.68406815568137E-12));
#3056=DIRECTION('',(1.,0.,-1.68406815568137E-12));
#3057=DIRECTION('center_axis',(0.,1.,0.));
#3058=DIRECTION('ref_axis',(-0.305177431007182,0.,0.952295508549661));
#3059=DIRECTION('center_axis',(0.,-1.,0.));
#3060=DIRECTION('ref_axis',(-0.305177431007182,0.,0.952295508549661));
#3061=DIRECTION('',(0.,-1.,0.));
#3062=DIRECTION('',(0.,1.,0.));
#3063=DIRECTION('center_axis',(0.,1.,0.));
#3064=DIRECTION('ref_axis',(0.,0.,1.));
#3065=DIRECTION('center_axis',(0.,1.,0.));
#3066=DIRECTION('ref_axis',(-0.889167642719427,0.,0.457581580858296));
#3067=DIRECTION('center_axis',(-0.813733471206735,0.,-0.581238193719096));
#3068=DIRECTION('ref_axis',(0.581238193719096,0.,-0.813733471206735));
#3069=DIRECTION('center_axis',(0.,-1.,0.));
#3070=DIRECTION('ref_axis',(-1.,0.,8.01581023779363E-13));
#3071=DIRECTION('center_axis',(8.01581023779362E-13,0.,1.));
#3072=DIRECTION('ref_axis',(0.,-1.,0.));
#3073=DIRECTION('center_axis',(-0.813733471206735,0.,-0.581238193719096));
#3074=DIRECTION('ref_axis',(0.410997468263393,-0.707106781186548,-0.575396455568749));
#3075=DIRECTION('',(0.813733471206735,0.,0.581238193719096));
#3076=DIRECTION('',(-0.813733471206735,0.,-0.581238193719096));
#3077=DIRECTION('center_axis',(0.,1.,0.));
#3078=DIRECTION('ref_axis',(-0.889167642719427,0.,0.457581580858297));
#3079=DIRECTION('center_axis',(0.,-1.,0.));
#3080=DIRECTION('ref_axis',(-0.889167642719427,0.,0.457581580858297));
#3081=DIRECTION('',(0.,-1.,0.));
#3082=DIRECTION('',(0.,1.,0.));
#3083=DIRECTION('center_axis',(-0.408248290463591,-0.816496580927835,0.408248290463917));
#3084=DIRECTION('ref_axis',(0.577350269189472,-0.577350269189472,-0.577350269189934));
#3085=DIRECTION('center_axis',(0.,1.,0.));
#3086=DIRECTION('ref_axis',(0.,0.,-1.));
#3087=DIRECTION('center_axis',(-1.,0.,0.));
#3088=DIRECTION('ref_axis',(0.,-1.,0.));
#3089=DIRECTION('center_axis',(8.00470800754737E-13,0.,1.));
#3090=DIRECTION('ref_axis',(1.,0.,-8.00470800754737E-13));
#3091=DIRECTION('center_axis',(-2.22044604925031E-15,1.,0.));
#3092=DIRECTION('ref_axis',(0.,0.,1.));
#3093=DIRECTION('center_axis',(0.,1.,0.));
#3094=DIRECTION('ref_axis',(0.889167642719609,0.,-0.457581580857942));
#3095=DIRECTION('center_axis',(0.813733471206735,1.80685127128374E-15,0.581238193719097));
#3096=DIRECTION('ref_axis',(-0.581238193719097,0.,0.813733471206735));
#3097=DIRECTION('center_axis',(0.,-1.,0.));
#3098=DIRECTION('ref_axis',(1.,0.,0.));
#3099=DIRECTION('center_axis',(0.,0.,-1.));
#3100=DIRECTION('ref_axis',(0.,-1.,0.));
#3101=DIRECTION('center_axis',(0.40824829046369,0.40824829046369,-0.816496580927899));
#3102=DIRECTION('ref_axis',(-0.577350269189748,-0.577350269189748,-0.577350269189381));
#3103=DIRECTION('center_axis',(0.,1.,0.));
#3104=DIRECTION('ref_axis',(-1.,0.,6.33937347060964E-13));
#3105=DIRECTION('center_axis',(6.33937347060964E-13,0.,1.));
#3106=DIRECTION('ref_axis',(0.,-1.,0.));
#3107=DIRECTION('center_axis',(1.,0.,0.));
#3108=DIRECTION('ref_axis',(0.,0.,-1.));
#3109=DIRECTION('center_axis',(0.,0.,1.));
#3110=DIRECTION('ref_axis',(1.,0.,0.));
#3111=DIRECTION('center_axis',(0.,1.,0.));
#3112=DIRECTION('ref_axis',(-0.581238193719096,0.,0.813733471206735));
#3113=DIRECTION('center_axis',(0.813733471206735,0.,0.581238193719097));
#3114=DIRECTION('ref_axis',(0.,-1.,0.));
#3115=DIRECTION('center_axis',(-6.35047570085589E-13,-2.22044604925031E-15,
-1.));
#3116=DIRECTION('ref_axis',(-1.,0.,6.35047570085589E-13));
#3117=DIRECTION('center_axis',(0.813733471206735,0.,0.581238193719096));
#3118=DIRECTION('ref_axis',(-0.410997468263395,-0.707106781186546,0.575396455568751));
#3119=DIRECTION('',(-0.813733471206735,0.,-0.581238193719096));
#3120=DIRECTION('',(0.813733471206735,0.,0.581238193719096));
#3121=DIRECTION('center_axis',(6.3347788547656E-13,0.,1.));
#3122=DIRECTION('ref_axis',(-0.707106781186548,-0.707106781186547,4.47476350724876E-13));
#3123=DIRECTION('',(-6.3347788547656E-13,0.,-1.));
#3124=DIRECTION('',(6.3347788547656E-13,0.,1.));
#3125=DIRECTION('center_axis',(0.,1.,0.));
#3126=DIRECTION('ref_axis',(-0.889167642719465,0.,0.457581580858223));
#3127=DIRECTION('center_axis',(0.,1.,0.));
#3128=DIRECTION('ref_axis',(-0.889167642719465,0.,0.457581580858223));
#3129=DIRECTION('',(0.,-1.,0.));
#3130=DIRECTION('',(0.,1.,0.));
#3131=DIRECTION('center_axis',(-1.,0.,0.));
#3132=DIRECTION('ref_axis',(0.,-0.707106781186548,-0.707106781186547));
#3133=DIRECTION('',(1.,0.,0.));
#3134=DIRECTION('',(-1.,0.,0.));
#3135=DIRECTION('center_axis',(0.,1.,0.));
#3136=DIRECTION('ref_axis',(-0.707106781186772,0.,-0.707106781186323));
#3137=DIRECTION('center_axis',(0.,1.,0.));
#3138=DIRECTION('ref_axis',(-0.707106781186772,0.,-0.707106781186323));
#3139=DIRECTION('',(0.,-1.,0.));
#3140=DIRECTION('',(0.,1.,0.));
#3141=DIRECTION('center_axis',(0.,1.,0.));
#3142=DIRECTION('ref_axis',(0.88916764271961,0.,-0.457581580857941));
#3143=DIRECTION('center_axis',(0.,-1.,0.));
#3144=DIRECTION('ref_axis',(0.88916764271961,0.,-0.457581580857941));
#3145=DIRECTION('',(0.,-1.,0.));
#3146=DIRECTION('',(0.,1.,0.));
#3147=DIRECTION('center_axis',(0.,0.,1.));
#3148=DIRECTION('ref_axis',(-0.707106781186548,-0.707106781186547,0.));
#3149=DIRECTION('center_axis',(1.81810122512946E-12,0.,-1.));
#3150=DIRECTION('ref_axis',(-0.707106781186548,-0.707106781186547,0.));
#3151=DIRECTION('',(0.,0.,-1.));
#3152=DIRECTION('',(0.,0.,1.));
#3153=DIRECTION('center_axis',(-8.00881419575957E-13,0.,-1.));
#3154=DIRECTION('ref_axis',(0.707106781186548,-0.707106781186547,-5.65233285126159E-13));
#3155=DIRECTION('',(8.00881419575957E-13,0.,1.));
#3156=DIRECTION('',(-8.00881419575957E-13,0.,-1.));
#3157=DIRECTION('center_axis',(0.,-1.,0.));
#3158=DIRECTION('ref_axis',(0.707106781186265,0.,-0.70710678118683));
#3159=DIRECTION('center_axis',(0.,1.,0.));
#3160=DIRECTION('ref_axis',(0.707106781186265,0.,-0.70710678118683));
#3161=DIRECTION('',(0.,-1.,0.));
#3162=DIRECTION('',(0.,1.,0.));
#3163=DIRECTION('center_axis',(1.,0.,0.));
#3164=DIRECTION('ref_axis',(0.,0.,-1.));
#3165=DIRECTION('',(0.,0.,-1.));
#3166=DIRECTION('',(0.,1.,0.));
#3167=DIRECTION('center_axis',(0.581238193719096,0.,-0.813733471206735));
#3168=DIRECTION('ref_axis',(-0.813733471206735,0.,-0.581238193719096));
#3169=DIRECTION('',(-0.813733471206735,0.,-0.581238193719096));
#3170=DIRECTION('center_axis',(1.81810122512946E-12,0.,-1.));
#3171=DIRECTION('ref_axis',(-1.,0.,-1.81810122512946E-12));
#3172=DIRECTION('',(-1.,0.,-1.81810122512946E-12));
#3173=DIRECTION('',(1.,0.,1.81810122512946E-12));
#3174=DIRECTION('center_axis',(-1.81810122512946E-12,0.,1.));
#3175=DIRECTION('ref_axis',(-1.,0.,-1.8189894034817E-12));
#3176=DIRECTION('center_axis',(-1.81810122512946E-12,0.,1.));
#3177=DIRECTION('ref_axis',(-1.,0.,-1.81780516558881E-12));
#3178=DIRECTION('center_axis',(-1.81810122512946E-12,0.,1.));
#3179=DIRECTION('ref_axis',(-1.,0.,-1.8189894034817E-12));
#3180=DIRECTION('center_axis',(-1.81810122512946E-12,0.,1.));
#3181=DIRECTION('ref_axis',(-1.,0.,-1.81780516558881E-12));
#3182=DIRECTION('center_axis',(-1.81810122512946E-12,0.,1.));
#3183=DIRECTION('ref_axis',(-1.,0.,-1.81780516558881E-12));
#3184=DIRECTION('center_axis',(-1.81810122512946E-12,0.,1.));
#3185=DIRECTION('ref_axis',(-1.,0.,-1.8189894034817E-12));
#3186=DIRECTION('center_axis',(1.,0.,-6.3347788547656E-13));
#3187=DIRECTION('ref_axis',(-6.3347788547656E-13,0.,-1.));
#3188=DIRECTION('',(-6.3347788547656E-13,0.,-1.));
#3189=DIRECTION('center_axis',(0.,1.,0.));
#3190=DIRECTION('ref_axis',(0.,0.,1.));
#3191=DIRECTION('center_axis',(0.,-1.,0.));
#3192=DIRECTION('ref_axis',(0.707106781186546,0.,-0.707106781186549));
#3193=DIRECTION('',(-1.,0.,0.));
#3194=DIRECTION('center_axis',(0.,1.,0.));
#3195=DIRECTION('ref_axis',(-0.305177431007983,0.,0.952295508549404));
#3196=DIRECTION('',(-0.813733471206735,0.,-0.581238193719096));
#3197=DIRECTION('center_axis',(0.,1.,0.));
#3198=DIRECTION('ref_axis',(-0.889167642719609,0.,0.457581580857942));
#3199=DIRECTION('',(-2.07241631263362E-16,0.,-1.));
#3200=DIRECTION('',(-1.,0.,1.77635683940025E-16));
#3201=DIRECTION('',(8.00881419575957E-13,0.,1.));
#3202=DIRECTION('',(-1.,0.,2.11471052309554E-16));
#3203=DIRECTION('',(-6.3347788547656E-13,0.,-1.));
#3204=DIRECTION('',(1.,0.,-1.05735526154777E-16));
#3205=DIRECTION('',(8.00881419575957E-13,0.,1.));
#3206=DIRECTION('',(-2.07241631263362E-16,0.,-1.));
#3207=DIRECTION('center_axis',(0.,1.,0.));
#3208=DIRECTION('ref_axis',(-0.88916764271961,0.,-0.457581580857941));
#3209=DIRECTION('',(0.813733471206735,0.,-0.581238193719097));
#3210=DIRECTION('center_axis',(0.,1.,0.));
#3211=DIRECTION('ref_axis',(-0.305177431007985,0.,-0.952295508549403));
#3212=DIRECTION('',(1.,0.,-3.5527136788005E-16));
#3213=DIRECTION('center_axis',(0.,-1.,0.));
#3214=DIRECTION('ref_axis',(0.707106781186548,0.,0.707106781186548));
#3215=DIRECTION('',(-7.105427357601E-16,0.,-1.));
#3216=DIRECTION('',(-1.,0.,2.36847578586701E-15));
#3217=DIRECTION('',(0.,0.,1.));
#3218=DIRECTION('center_axis',(0.,1.,0.));
#3219=DIRECTION('ref_axis',(0.88916764271961,0.,0.457581580857941));
#3220=DIRECTION('',(-0.813733471206735,0.,0.581238193719096));
#3221=DIRECTION('center_axis',(0.,-1.,0.));
#3222=DIRECTION('ref_axis',(-0.889167642719611,0.,-0.457581580857939));
#3223=DIRECTION('',(5.87248125755561E-16,0.,1.));
#3224=DIRECTION('',(5.87248125755561E-16,0.,1.));
#3225=DIRECTION('center_axis',(0.,-1.,0.));
#3226=DIRECTION('ref_axis',(-0.889167642719611,0.,0.457581580857939));
#3227=DIRECTION('',(0.813733471206735,0.,0.581238193719096));
#3228=DIRECTION('center_axis',(0.,1.,0.));
#3229=DIRECTION('ref_axis',(0.88916764271961,0.,-0.457581580857941));
#3230=DIRECTION('',(0.,0.,1.));
#3231=DIRECTION('',(1.,0.,0.));
#3232=DIRECTION('',(0.,0.,-1.));
#3233=DIRECTION('',(8.00881419575957E-13,0.,1.));
#3234=DIRECTION('center_axis',(0.,1.,0.));
#3235=DIRECTION('ref_axis',(-0.707106781186323,0.,0.707106781186773));
#3236=DIRECTION('',(-6.3347788547656E-13,0.,-1.));
#3237=DIRECTION('center_axis',(0.,1.,0.));
#3238=DIRECTION('ref_axis',(-0.889167642719755,0.,-0.457581580857659));
#3239=DIRECTION('',(0.813733471206735,0.,-0.581238193719097));
#3240=DIRECTION('center_axis',(0.,-1.,0.));
#3241=DIRECTION('ref_axis',(0.88916764271961,0.,0.457581580857941));
#3242=DIRECTION('',(0.,0.,-1.));
#3243=DIRECTION('',(-1.,0.,1.68571275348398E-12));
#3244=DIRECTION('',(-0.813733471206735,0.,0.581238193719096));
#3245=DIRECTION('center_axis',(0.,-1.,0.));
#3246=DIRECTION('ref_axis',(1.,0.,0.));
#3247=DIRECTION('center_axis',(0.,-1.,0.));
#3248=DIRECTION('ref_axis',(1.,0.,0.));
#3249=DIRECTION('center_axis',(0.,-1.,0.));
#3250=DIRECTION('ref_axis',(1.,0.,0.));
#3251=DIRECTION('center_axis',(0.,-1.,0.));
#3252=DIRECTION('ref_axis',(1.,0.,0.));
#3253=DIRECTION('',(1.,0.,0.));
#3254=DIRECTION('',(8.00881419575957E-13,0.,1.));
#3255=DIRECTION('',(0.813733471206735,0.,0.581238193719096));
#3256=DIRECTION('',(1.,0.,-1.68406815568137E-12));
#3257=DIRECTION('center_axis',(0.,0.,1.));
#3258=DIRECTION('ref_axis',(1.,0.,0.));
#3259=DIRECTION('center_axis',(0.,1.,0.));
#3260=DIRECTION('ref_axis',(0.,0.,1.));
#3261=DIRECTION('center_axis',(0.,0.,1.));
#3262=DIRECTION('ref_axis',(-1.,0.,0.));
#3263=DIRECTION('center_axis',(0.,-1.,0.));
#3264=DIRECTION('ref_axis',(0.581238193719095,0.,0.813733471206736));
#3265=DIRECTION('center_axis',(0.813733471206729,0.,-0.581238193719105));
#3266=DIRECTION('ref_axis',(0.,-1.,0.));
#3267=DIRECTION('center_axis',(0.,0.,1.));
#3268=DIRECTION('ref_axis',(-0.707106781186548,-0.707106781186547,0.));
#3269=DIRECTION('',(0.,0.,1.));
#3270=DIRECTION('center_axis',(0.,1.,0.));
#3271=DIRECTION('ref_axis',(0.88916764271961,0.,0.457581580857941));
#3272=DIRECTION('',(0.,-1.,0.));
#3273=DIRECTION('',(0.,1.,0.));
#3274=DIRECTION('center_axis',(0.,-1.,0.));
#3275=DIRECTION('ref_axis',(-0.707106781186323,0.,0.707106781186773));
#3276=DIRECTION('',(0.,1.,0.));
#3277=DIRECTION('center_axis',(-4.47476350724876E-13,-0.707106781186548,
-0.707106781186547));
#3278=DIRECTION('ref_axis',(-4.47476350724876E-13,0.707106781186547,-0.707106781186548));
#3279=DIRECTION('center_axis',(0.,0.,1.));
#3280=DIRECTION('ref_axis',(1.,0.,0.));
#3281=DIRECTION('center_axis',(6.32827124036339E-13,0.,1.));
#3282=DIRECTION('ref_axis',(0.,-1.,0.));
#3283=DIRECTION('center_axis',(0.813733471206735,3.32331573111116E-15,-0.581238193719096));
#3284=DIRECTION('ref_axis',(-0.581238193719096,0.,-0.813733471206735));
#3285=DIRECTION('center_axis',(0.,1.,0.));
#3286=DIRECTION('ref_axis',(-1.,0.,6.32827124036339E-13));
#3287=DIRECTION('center_axis',(-0.813733471206735,0.,0.581238193719097));
#3288=DIRECTION('ref_axis',(-0.410997468263394,-0.707106781186547,-0.575396455568751));
#3289=DIRECTION('',(-0.813733471206735,0.,0.581238193719097));
#3290=DIRECTION('center_axis',(0.,1.,0.));
#3291=DIRECTION('ref_axis',(-0.889167642719755,0.,-0.457581580857659));
#3292=DIRECTION('',(0.,-1.,0.));
#3293=DIRECTION('',(0.,1.,0.));
#3294=DIRECTION('center_axis',(6.3347788547656E-13,0.,1.));
#3295=DIRECTION('ref_axis',(-0.707106781186548,-0.707106781186547,4.47476350724876E-13));
#3296=DIRECTION('',(6.3347788547656E-13,0.,1.));
#3297=DIRECTION('center_axis',(1.,0.,-6.3347788547656E-13));
#3298=DIRECTION('ref_axis',(-6.3347788547656E-13,0.,-1.));
#3299=DIRECTION('center_axis',(-0.408248290463861,-0.816496580927726,0.408248290463865));
#3300=DIRECTION('ref_axis',(0.577350269189621,-0.577350269189627,-0.577350269189629));
#3301=DIRECTION('center_axis',(1.,-4.44089209850063E-15,0.));
#3302=DIRECTION('ref_axis',(0.,0.,-1.));
#3303=DIRECTION('center_axis',(0.,-1.,0.));
#3304=DIRECTION('ref_axis',(1.,0.,0.));
#3305=DIRECTION('center_axis',(0.,0.,-1.));
#3306=DIRECTION('ref_axis',(0.,-1.,0.));
#3307=DIRECTION('center_axis',(0.,1.,0.));
#3308=DIRECTION('ref_axis',(0.707106781186546,0.,-0.707106781186549));
#3309=DIRECTION('',(0.,-1.,0.));
#3310=DIRECTION('',(0.,1.,0.));
#3311=DIRECTION('center_axis',(0.,0.,1.));
#3312=DIRECTION('ref_axis',(0.707106781186549,-0.707106781186546,0.));
#3313=DIRECTION('center_axis',(0.,0.,-1.));
#3314=DIRECTION('ref_axis',(0.707106781186549,-0.707106781186546,0.));
#3315=DIRECTION('',(0.,0.,-1.));
#3316=DIRECTION('',(0.,0.,1.));
#3317=DIRECTION('center_axis',(-0.816496580927727,-0.408248290463863,0.40824829046386));
#3318=DIRECTION('ref_axis',(0.577350269189625,-0.577350269189628,0.577350269189625));
#3319=DIRECTION('center_axis',(0.,-2.22044604925031E-15,1.));
#3320=DIRECTION('ref_axis',(1.,0.,0.));
#3321=DIRECTION('center_axis',(0.,-1.,0.));
#3322=DIRECTION('ref_axis',(0.,0.,1.));
#3323=DIRECTION('center_axis',(1.,0.,-4.44089209850062E-15));
#3324=DIRECTION('ref_axis',(0.,-1.,0.));
#3325=DIRECTION('center_axis',(0.,1.,0.));
#3326=DIRECTION('ref_axis',(0.707106781186548,0.,0.707106781186548));
#3327=DIRECTION('',(0.,-1.,0.));
#3328=DIRECTION('',(0.,1.,0.));
#3329=DIRECTION('center_axis',(0.,1.,0.));
#3330=DIRECTION('ref_axis',(0.,0.,1.));
#3331=DIRECTION('center_axis',(-0.813733471206734,0.,-0.581238193719097));
#3332=DIRECTION('ref_axis',(0.581238193719097,0.,-0.813733471206734));
#3333=DIRECTION('center_axis',(0.,1.,0.));
#3334=DIRECTION('ref_axis',(0.,0.,1.));
#3335=DIRECTION('center_axis',(1.,0.,0.));
#3336=DIRECTION('ref_axis',(0.,-1.,0.));
#3337=DIRECTION('center_axis',(0.,-1.,0.));
#3338=DIRECTION('ref_axis',(-0.305177431007983,0.,0.952295508549404));
#3339=DIRECTION('center_axis',(0.,-1.,0.));
#3340=DIRECTION('ref_axis',(-0.305177431007983,0.,0.952295508549404));
#3341=DIRECTION('',(0.,-1.,0.));
#3342=DIRECTION('',(0.,1.,0.));
#3343=DIRECTION('center_axis',(1.,0.,0.));
#3344=DIRECTION('ref_axis',(0.,-0.707106781186547,-0.707106781186548));
#3345=DIRECTION('',(-1.,0.,0.));
#3346=DIRECTION('',(1.,0.,0.));
#3347=DIRECTION('center_axis',(0.,1.,0.));
#3348=DIRECTION('ref_axis',(0.,0.,1.));
#3349=DIRECTION('center_axis',(1.,0.,0.));
#3350=DIRECTION('ref_axis',(0.,0.,1.));
#3351=DIRECTION('center_axis',(0.,1.,0.));
#3352=DIRECTION('ref_axis',(-0.581238193719097,0.,-0.813733471206735));
#3353=DIRECTION('center_axis',(-0.813733471206736,0.,0.581238193719095));
#3354=DIRECTION('ref_axis',(0.,-1.,0.));
#3355=DIRECTION('center_axis',(0.,-1.,0.));
#3356=DIRECTION('ref_axis',(-0.305177431007983,0.,-0.952295508549404));
#3357=DIRECTION('center_axis',(0.,1.,0.));
#3358=DIRECTION('ref_axis',(-0.305177431007985,0.,-0.952295508549403));
#3359=DIRECTION('',(0.,-1.,0.));
#3360=DIRECTION('',(0.,1.,0.));
#3361=DIRECTION('center_axis',(0.,1.,0.));
#3362=DIRECTION('ref_axis',(0.,0.,1.));
#3363=DIRECTION('center_axis',(0.,0.,-1.));
#3364=DIRECTION('ref_axis',(1.,0.,0.));
#3365=DIRECTION('center_axis',(0.,1.,0.));
#3366=DIRECTION('ref_axis',(-0.581238193719095,0.,0.813733471206736));
#3367=DIRECTION('center_axis',(0.813733471206736,0.,0.581238193719096));
#3368=DIRECTION('ref_axis',(0.,-1.,0.));
#3369=DIRECTION('center_axis',(0.,-1.,0.));
#3370=DIRECTION('ref_axis',(-0.88916764271961,0.,0.45758158085794));
#3371=DIRECTION('center_axis',(0.,1.,0.));
#3372=DIRECTION('ref_axis',(-0.889167642719609,0.,0.457581580857942));
#3373=DIRECTION('',(0.,-1.,0.));
#3374=DIRECTION('',(0.,1.,0.));
#3375=DIRECTION('center_axis',(0.813733471206735,0.,0.581238193719096));
#3376=DIRECTION('ref_axis',(0.410997468263393,-0.707106781186548,-0.575396455568749));
#3377=DIRECTION('',(-0.813733471206735,0.,-0.581238193719096));
#3378=DIRECTION('',(0.813733471206735,0.,0.581238193719096));
#3379=DIRECTION('center_axis',(2.22044604925031E-15,1.,0.));
#3380=DIRECTION('ref_axis',(0.,0.,1.));
#3381=DIRECTION('center_axis',(0.813733471206735,-1.80685127128374E-15,
-0.581238193719097));
#3382=DIRECTION('ref_axis',(0.581238193719097,0.,0.813733471206735));
#3383=DIRECTION('center_axis',(0.,1.,0.));
#3384=DIRECTION('ref_axis',(-1.,0.,0.));
#3385=DIRECTION('center_axis',(0.,0.,1.));
#3386=DIRECTION('ref_axis',(0.,-1.,0.));
#3387=DIRECTION('center_axis',(0.,-1.,0.));
#3388=DIRECTION('ref_axis',(-0.88916764271961,0.,-0.45758158085794));
#3389=DIRECTION('center_axis',(0.,1.,0.));
#3390=DIRECTION('ref_axis',(-0.88916764271961,0.,-0.457581580857941));
#3391=DIRECTION('',(0.,-1.,0.));
#3392=DIRECTION('',(0.,1.,0.));
#3393=DIRECTION('center_axis',(2.07241631263362E-16,0.,1.));
#3394=DIRECTION('ref_axis',(0.707106781186547,-0.707106781186548,0.));
#3395=DIRECTION('',(-2.07241631263362E-16,0.,-1.));
#3396=DIRECTION('',(2.07241631263362E-16,0.,1.));
#3397=DIRECTION('center_axis',(-0.813733471206735,0.,0.581238193719097));
#3398=DIRECTION('ref_axis',(0.410997468263395,-0.707106781186546,0.575396455568751));
#3399=DIRECTION('',(0.813733471206735,0.,-0.581238193719097));
#3400=DIRECTION('',(-0.813733471206735,0.,0.581238193719097));
#3401=DIRECTION('center_axis',(-1.,0.,3.5527136788005E-16));
#3402=DIRECTION('ref_axis',(0.,-0.707106781186547,0.707106781186548));
#3403=DIRECTION('',(1.,0.,-3.5527136788005E-16));
#3404=DIRECTION('',(-1.,0.,3.5527136788005E-16));
#3405=DIRECTION('center_axis',(7.105427357601E-16,0.,1.));
#3406=DIRECTION('ref_axis',(0.707106781186549,-0.707106781186546,0.));
#3407=DIRECTION('center_axis',(2.36847578586701E-15,0.,1.));
#3408=DIRECTION('ref_axis',(0.707106781186549,-0.707106781186546,0.));
#3409=DIRECTION('',(7.105427357601E-16,0.,1.));
#3410=DIRECTION('',(-7.105427357601E-16,0.,-1.));
#3411=DIRECTION('center_axis',(0.581238193719096,0.,-0.813733471206735));
#3412=DIRECTION('ref_axis',(0.813733471206735,0.,0.581238193719096));
#3413=DIRECTION('center_axis',(1.,0.,-2.07241631263362E-16));
#3414=DIRECTION('ref_axis',(2.07241631263362E-16,0.,1.));
#3415=DIRECTION('center_axis',(-1.,0.,2.07241631263362E-16));
#3416=DIRECTION('ref_axis',(0.,0.,-1.));
#3417=DIRECTION('center_axis',(-1.,0.,2.07241631263362E-16));
#3418=DIRECTION('ref_axis',(0.,0.,-1.));
#3419=DIRECTION('center_axis',(0.581238193719097,0.,0.813733471206735));
#3420=DIRECTION('ref_axis',(-0.813733471206735,0.,0.581238193719097));
#3421=DIRECTION('center_axis',(3.5527136788005E-16,0.,1.));
#3422=DIRECTION('ref_axis',(-1.,0.,3.5527136788005E-16));
#3423=DIRECTION('center_axis',(1.,0.,-7.105427357601E-16));
#3424=DIRECTION('ref_axis',(7.105427357601E-16,0.,1.));
#3425=DIRECTION('',(0.,1.,0.));
#3426=DIRECTION('center_axis',(-2.36847578586701E-15,0.,-1.));
#3427=DIRECTION('ref_axis',(1.,0.,-2.36847578586701E-15));
#3428=DIRECTION('',(1.,0.,-2.36847578586701E-15));
#3429=DIRECTION('center_axis',(2.36847578586701E-15,0.,1.));
#3430=DIRECTION('ref_axis',(-0.707106781186548,-0.707106781186547,0.));
#3431=DIRECTION('',(0.,1.,0.));
#3432=DIRECTION('center_axis',(2.36847578586701E-15,0.,1.));
#3433=DIRECTION('ref_axis',(-1.,0.,1.81941234558632E-12));
#3434=DIRECTION('center_axis',(2.36847578586701E-15,0.,1.));
#3435=DIRECTION('ref_axis',(-1.,0.,1.81941234558632E-12));
#3436=DIRECTION('center_axis',(2.36847578586701E-15,0.,1.));
#3437=DIRECTION('ref_axis',(-1.,0.,1.81822810769343E-12));
#3438=DIRECTION('center_axis',(2.36847578586701E-15,0.,1.));
#3439=DIRECTION('ref_axis',(-1.,0.,1.81941234558632E-12));
#3440=DIRECTION('center_axis',(2.36847578586701E-15,0.,1.));
#3441=DIRECTION('ref_axis',(-1.,0.,1.81822810769343E-12));
#3442=DIRECTION('center_axis',(2.36847578586701E-15,0.,1.));
#3443=DIRECTION('ref_axis',(-1.,0.,1.81822810769343E-12));
#3444=DIRECTION('center_axis',(-5.39251183389361E-15,1.,0.));
#3445=DIRECTION('ref_axis',(0.,0.,1.));
#3446=DIRECTION('center_axis',(-0.813733471206736,-4.38806737311765E-15,
0.581238193719095));
#3447=DIRECTION('ref_axis',(-0.581238193719095,0.,-0.813733471206736));
#3448=DIRECTION('center_axis',(0.,1.,0.));
#3449=DIRECTION('ref_axis',(1.,0.,0.));
#3450=DIRECTION('center_axis',(0.,0.,-1.));
#3451=DIRECTION('ref_axis',(0.,-1.,0.));
#3452=DIRECTION('center_axis',(0.,-1.,0.));
#3453=DIRECTION('ref_axis',(0.88916764271961,0.,0.457581580857941));
#3454=DIRECTION('center_axis',(0.,1.,0.));
#3455=DIRECTION('ref_axis',(0.88916764271961,0.,0.457581580857941));
#3456=DIRECTION('',(0.,-1.,0.));
#3457=DIRECTION('',(0.,1.,0.));
#3458=DIRECTION('center_axis',(0.,0.,-1.));
#3459=DIRECTION('ref_axis',(-0.707106781186548,-0.707106781186547,0.));
#3460=DIRECTION('',(0.,0.,1.));
#3461=DIRECTION('',(0.,0.,-1.));
#3462=DIRECTION('center_axis',(0.,1.,0.));
#3463=DIRECTION('ref_axis',(0.,0.,1.));
#3464=DIRECTION('center_axis',(0.,0.,1.));
#3465=DIRECTION('ref_axis',(-1.,0.,0.));
#3466=DIRECTION('center_axis',(0.,1.,0.));
#3467=DIRECTION('ref_axis',(0.581238193719097,0.,-0.813733471206735));
#3468=DIRECTION('center_axis',(-0.813733471206735,0.,-0.581238193719096));
#3469=DIRECTION('ref_axis',(0.,-1.,0.));
#3470=DIRECTION('center_axis',(0.,-1.,0.));
#3471=DIRECTION('ref_axis',(0.88916764271961,0.,-0.457581580857941));
#3472=DIRECTION('center_axis',(0.,1.,0.));
#3473=DIRECTION('ref_axis',(0.88916764271961,0.,-0.457581580857941));
#3474=DIRECTION('',(0.,-1.,0.));
#3475=DIRECTION('',(0.,1.,0.));
#3476=DIRECTION('center_axis',(1.11022302462516E-16,0.,1.));
#3477=DIRECTION('ref_axis',(1.,0.,0.));
#3478=DIRECTION('center_axis',(0.,0.,-1.));
#3479=DIRECTION('ref_axis',(-1.,0.,0.));
#3480=DIRECTION('center_axis',(0.,-1.,0.));
#3481=DIRECTION('ref_axis',(-0.581238193719096,0.,-0.813733471206735));
#3482=DIRECTION('center_axis',(-0.813733471206736,0.,0.581238193719095));
#3483=DIRECTION('ref_axis',(0.,-1.,0.));
#3484=DIRECTION('center_axis',(0.,1.,0.));
#3485=DIRECTION('ref_axis',(-0.889167642719611,0.,-0.457581580857939));
#3486=DIRECTION('',(0.,-1.,0.));
#3487=DIRECTION('',(0.,1.,0.));
#3488=DIRECTION('center_axis',(0.813733471206735,0.,-0.581238193719096));
#3489=DIRECTION('ref_axis',(-0.410997468263393,-0.707106781186547,-0.575396455568751));
#3490=DIRECTION('',(-0.813733471206735,0.,0.581238193719096));
#3491=DIRECTION('',(0.813733471206735,0.,-0.581238193719096));
#3492=DIRECTION('center_axis',(0.,0.,1.));
#3493=DIRECTION('ref_axis',(1.,0.,0.));
#3494=DIRECTION('center_axis',(-0.813733471206735,0.,-0.581238193719097));
#3495=DIRECTION('ref_axis',(-0.581238193719097,0.,0.813733471206735));
#3496=DIRECTION('center_axis',(0.,-1.,0.));
#3497=DIRECTION('ref_axis',(-1.,0.,0.));
#3498=DIRECTION('center_axis',(-2.22044604925031E-15,0.,1.));
#3499=DIRECTION('ref_axis',(0.,-1.,0.));
#3500=DIRECTION('center_axis',(0.,1.,0.));
#3501=DIRECTION('ref_axis',(-0.889167642719611,0.,0.457581580857939));
#3502=DIRECTION('',(0.,-1.,0.));
#3503=DIRECTION('',(0.,1.,0.));
#3504=DIRECTION('center_axis',(-5.87248125755561E-16,0.,-1.));
#3505=DIRECTION('ref_axis',(-0.707106781186547,-0.707106781186548,1.57009245868378E-15));
#3506=DIRECTION('',(5.87248125755561E-16,0.,1.));
#3507=DIRECTION('',(-5.87248125755561E-16,0.,-1.));
#3508=DIRECTION('center_axis',(-0.813733471206735,0.,-0.581238193719096));
#3509=DIRECTION('ref_axis',(-0.410997468263393,-0.70710678118655,0.575396455568748));
#3510=DIRECTION('',(0.813733471206735,0.,0.581238193719096));
#3511=DIRECTION('',(-0.813733471206735,0.,-0.581238193719096));
#3512=DIRECTION('center_axis',(0.,0.,-1.));
#3513=DIRECTION('ref_axis',(-0.707106781186548,-0.707106781186547,0.));
#3514=DIRECTION('center_axis',(0.,0.,-1.));
#3515=DIRECTION('ref_axis',(-0.707106781186548,-0.707106781186547,0.));
#3516=DIRECTION('',(0.,0.,-1.));
#3517=DIRECTION('',(0.,0.,1.));
#3518=DIRECTION('center_axis',(-1.,0.,0.));
#3519=DIRECTION('ref_axis',(0.,0.,-1.));
#3520=DIRECTION('center_axis',(-0.581238193719096,0.,-0.813733471206735));
#3521=DIRECTION('ref_axis',(0.813733471206735,0.,-0.581238193719096));
#3522=DIRECTION('center_axis',(-1.,0.,5.87248125755561E-16));
#3523=DIRECTION('ref_axis',(-5.87248125755561E-16,0.,-1.));
#3524=DIRECTION('center_axis',(1.,0.,-5.87248125755561E-16));
#3525=DIRECTION('ref_axis',(-1.26695577095312E-12,0.,-1.));
#3526=DIRECTION('center_axis',(1.,0.,-5.87248125755561E-16));
#3527=DIRECTION('ref_axis',(-1.26695577095312E-12,0.,-1.));
#3528=DIRECTION('center_axis',(1.81941234558632E-12,0.,1.));
#3529=DIRECTION('ref_axis',(-1.,0.,1.81941234558632E-12));
#3530=DIRECTION('',(-1.81941234558632E-12,0.,-1.));
#3531=DIRECTION('center_axis',(1.81941234558632E-12,0.,1.));
#3532=DIRECTION('ref_axis',(-1.,0.,1.81941234558632E-12));
#3533=DIRECTION('',(-1.81941234558632E-12,0.,-1.));
#3534=DIRECTION('center_axis',(1.81822810769343E-12,0.,1.));
#3535=DIRECTION('ref_axis',(-1.,0.,1.81822810769343E-12));
#3536=DIRECTION('',(-1.81822810769343E-12,0.,-1.));
#3537=DIRECTION('center_axis',(1.81941234558632E-12,0.,1.));
#3538=DIRECTION('ref_axis',(-1.,0.,1.81941234558632E-12));
#3539=DIRECTION('',(-1.81941234558632E-12,0.,-1.));
#3540=DIRECTION('center_axis',(1.81822810769343E-12,0.,1.));
#3541=DIRECTION('ref_axis',(-1.,0.,1.81822810769343E-12));
#3542=DIRECTION('',(-1.81822810769343E-12,0.,-1.));
#3543=DIRECTION('center_axis',(1.81822810769343E-12,0.,1.));
#3544=DIRECTION('ref_axis',(-1.,0.,1.81822810769343E-12));
#3545=DIRECTION('',(-1.81822810769343E-12,0.,-1.));
#3546=DIRECTION('center_axis',(-1.8189894034817E-12,0.,1.));
#3547=DIRECTION('ref_axis',(-1.,0.,-1.8189894034817E-12));
#3548=DIRECTION('',(-1.8189894034817E-12,0.,1.));
#3549=DIRECTION('center_axis',(0.,0.,-1.));
#3550=DIRECTION('ref_axis',(-1.,0.,-1.8189894034817E-12));
#3551=DIRECTION('center_axis',(-1.81780516558881E-12,0.,1.));
#3552=DIRECTION('ref_axis',(-1.,0.,-1.81780516558881E-12));
#3553=DIRECTION('',(-1.81780516558881E-12,0.,1.));
#3554=DIRECTION('center_axis',(0.,0.,-1.));
#3555=DIRECTION('ref_axis',(-1.,0.,-1.81780516558881E-12));
#3556=DIRECTION('center_axis',(-1.81780516558881E-12,0.,1.));
#3557=DIRECTION('ref_axis',(-1.,0.,-1.81780516558881E-12));
#3558=DIRECTION('',(-1.81780516558881E-12,0.,1.));
#3559=DIRECTION('center_axis',(0.,0.,-1.));
#3560=DIRECTION('ref_axis',(-1.,0.,-1.81780516558881E-12));
#3561=DIRECTION('center_axis',(-1.8189894034817E-12,0.,1.));
#3562=DIRECTION('ref_axis',(-1.,0.,-1.8189894034817E-12));
#3563=DIRECTION('',(-1.8189894034817E-12,0.,1.));
#3564=DIRECTION('center_axis',(0.,0.,-1.));
#3565=DIRECTION('ref_axis',(-1.,0.,-1.8189894034817E-12));
#3566=DIRECTION('center_axis',(-1.81780516558881E-12,0.,1.));
#3567=DIRECTION('ref_axis',(-1.,0.,-1.81780516558881E-12));
#3568=DIRECTION('',(-1.81780516558881E-12,0.,1.));
#3569=DIRECTION('center_axis',(0.,0.,-1.));
#3570=DIRECTION('ref_axis',(-1.,0.,-1.81780516558881E-12));
#3571=DIRECTION('center_axis',(-1.8189894034817E-12,0.,1.));
#3572=DIRECTION('ref_axis',(-1.,0.,-1.8189894034817E-12));
#3573=DIRECTION('',(-1.8189894034817E-12,0.,1.));
#3574=DIRECTION('center_axis',(0.,0.,-1.));
#3575=DIRECTION('ref_axis',(-1.,0.,-1.8189894034817E-12));
#3576=DIRECTION('center_axis',(0.,1.,0.));
#3577=DIRECTION('ref_axis',(1.,0.,0.));
#3578=DIRECTION('center_axis',(0.,1.,0.));
#3579=DIRECTION('ref_axis',(1.,0.,0.));
#3580=DIRECTION('',(0.857167300702112,-0.515038074910054,-1.04972719113862E-16));
#3581=DIRECTION('center_axis',(0.,1.,0.));
#3582=DIRECTION('ref_axis',(1.,0.,0.));
#3583=DIRECTION('center_axis',(0.,1.,0.));
#3584=DIRECTION('ref_axis',(1.,0.,0.));
#3585=DIRECTION('center_axis',(0.,1.,0.));
#3586=DIRECTION('ref_axis',(1.,0.,0.));
#3587=DIRECTION('center_axis',(0.,1.,0.));
#3588=DIRECTION('ref_axis',(1.,0.,0.));
#3589=DIRECTION('',(0.,-1.,0.));
#3590=DIRECTION('center_axis',(0.,1.,0.));
#3591=DIRECTION('ref_axis',(1.,0.,0.));
#3592=DIRECTION('',(0.,-1.,0.));
#3593=DIRECTION('center_axis',(0.,1.,0.));
#3594=DIRECTION('ref_axis',(1.,0.,0.));
#3595=DIRECTION('center_axis',(0.,1.,0.));
#3596=DIRECTION('ref_axis',(1.,0.,0.));
#3597=DIRECTION('',(0.857167300702112,-0.515038074910054,-1.04972719113862E-16));
#3598=DIRECTION('center_axis',(0.,1.,0.));
#3599=DIRECTION('ref_axis',(1.,0.,0.));
#3600=DIRECTION('center_axis',(0.,1.,0.));
#3601=DIRECTION('ref_axis',(1.,0.,0.));
#3602=DIRECTION('center_axis',(0.,1.,0.));
#3603=DIRECTION('ref_axis',(1.,0.,0.));
#3604=DIRECTION('center_axis',(0.,1.,0.));
#3605=DIRECTION('ref_axis',(1.,0.,0.));
#3606=DIRECTION('',(0.,-1.,0.));
#3607=DIRECTION('center_axis',(0.,1.,0.));
#3608=DIRECTION('ref_axis',(1.,0.,0.));
#3609=DIRECTION('',(0.,-1.,0.));
#3610=DIRECTION('center_axis',(0.,1.,0.));
#3611=DIRECTION('ref_axis',(1.,0.,0.));
#3612=DIRECTION('center_axis',(0.,1.,0.));
#3613=DIRECTION('ref_axis',(1.,0.,0.));
#3614=DIRECTION('',(0.857167300702112,-0.515038074910054,-1.04972719113862E-16));
#3615=DIRECTION('center_axis',(0.,1.,0.));
#3616=DIRECTION('ref_axis',(1.,0.,0.));
#3617=DIRECTION('center_axis',(0.,1.,0.));
#3618=DIRECTION('ref_axis',(1.,0.,0.));
#3619=DIRECTION('center_axis',(0.,1.,0.));
#3620=DIRECTION('ref_axis',(1.,0.,0.));
#3621=DIRECTION('center_axis',(0.,1.,0.));
#3622=DIRECTION('ref_axis',(1.,0.,0.));
#3623=DIRECTION('',(0.,-1.,0.));
#3624=DIRECTION('center_axis',(0.,1.,0.));
#3625=DIRECTION('ref_axis',(1.,0.,0.));
#3626=DIRECTION('',(0.,-1.,0.));
#3627=DIRECTION('center_axis',(0.,1.,0.));
#3628=DIRECTION('ref_axis',(1.,0.,0.));
#3629=DIRECTION('center_axis',(0.,1.,0.));
#3630=DIRECTION('ref_axis',(1.,0.,0.));
#3631=DIRECTION('',(0.857167300702112,-0.515038074910054,-1.04972719113862E-16));
#3632=DIRECTION('center_axis',(0.,1.,0.));
#3633=DIRECTION('ref_axis',(1.,0.,0.));
#3634=DIRECTION('center_axis',(0.,1.,0.));
#3635=DIRECTION('ref_axis',(1.,0.,0.));
#3636=DIRECTION('center_axis',(0.,1.,0.));
#3637=DIRECTION('ref_axis',(1.,0.,0.));
#3638=DIRECTION('center_axis',(0.,1.,0.));
#3639=DIRECTION('ref_axis',(1.,0.,0.));
#3640=DIRECTION('',(0.,-1.,0.));
#3641=DIRECTION('center_axis',(0.,1.,0.));
#3642=DIRECTION('ref_axis',(1.,0.,0.));
#3643=DIRECTION('',(0.,-1.,0.));
#3644=DIRECTION('center_axis',(1.,0.,-6.3347788547656E-13));
#3645=DIRECTION('ref_axis',(-6.3347788547656E-13,0.,-1.));
#3646=DIRECTION('',(0.,1.,0.));
#3647=DIRECTION('',(0.,-1.,0.));
#3648=DIRECTION('center_axis',(-1.,0.,6.3347788547656E-13));
#3649=DIRECTION('ref_axis',(-1.77635683940025E-16,0.,-1.));
#3650=DIRECTION('center_axis',(-1.,0.,6.3347788547656E-13));
#3651=DIRECTION('ref_axis',(-2.09708793540307E-16,0.,-1.));
#3652=DIRECTION('center_axis',(1.05735526154777E-16,0.,1.));
#3653=DIRECTION('ref_axis',(1.,0.,-1.05735526154777E-16));
#3654=DIRECTION('',(0.,-1.,0.));
#3655=DIRECTION('center_axis',(-1.,0.,8.00881419575957E-13));
#3656=DIRECTION('ref_axis',(8.00881419575957E-13,0.,1.));
#3657=DIRECTION('center_axis',(1.,0.,-8.00881419575957E-13));
#3658=DIRECTION('ref_axis',(-1.77635683940025E-16,0.,-1.));
#3659=DIRECTION('',(0.,1.,0.));
#3660=DIRECTION('center_axis',(-1.,0.,8.00881419575957E-13));
#3661=DIRECTION('ref_axis',(8.00881419575957E-13,0.,1.));
#3662=DIRECTION('center_axis',(1.,0.,-6.33493257850186E-13));
#3663=DIRECTION('ref_axis',(6.33493257850186E-13,0.,1.));
#3664=DIRECTION('',(-1.,0.,1.77635683940025E-16));
#3665=DIRECTION('center_axis',(-2.11471052309554E-16,0.,-1.));
#3666=DIRECTION('ref_axis',(-1.,0.,2.11471052309554E-16));
#3667=DIRECTION('center_axis',(1.,0.,-1.26695577095312E-12));
#3668=DIRECTION('ref_axis',(-1.26695577095312E-12,0.,-1.));
#3669=DIRECTION('center_axis',(1.,0.,-1.26674852932186E-12));
#3670=DIRECTION('ref_axis',(-1.26674852932186E-12,0.,-1.));
#3671=DIRECTION('',(1.,0.,-1.26695577095312E-12));
#3672=DIRECTION('center_axis',(1.,0.,-1.26674852932186E-12));
#3673=DIRECTION('ref_axis',(-1.26674852932186E-12,0.,-1.));
#3674=DIRECTION('center_axis',(-1.,0.,1.26674852932186E-12));
#3675=DIRECTION('ref_axis',(1.26674852932186E-12,0.,1.));
#3676=DIRECTION('center_axis',(-1.,0.,2.09708793540307E-16));
#3677=DIRECTION('ref_axis',(-2.09708793540307E-16,0.,-1.));
#3678=DIRECTION('',(-1.,0.,2.09708793540307E-16));
#3679=DIRECTION('center_axis',(-1.,0.,8.00881419575957E-13));
#3680=DIRECTION('ref_axis',(8.00881419575957E-13,0.,1.));
#3681=DIRECTION('center_axis',(0.,1.,0.));
#3682=DIRECTION('ref_axis',(0.,0.,1.));
#3683=DIRECTION('center_axis',(1.68406815568137E-12,0.,1.));
#3684=DIRECTION('ref_axis',(1.,0.,-1.68406815568137E-12));
#3685=DIRECTION('center_axis',(-0.581238193719096,0.,0.813733471206735));
#3686=DIRECTION('ref_axis',(0.813733471206735,0.,0.581238193719096));
#3687=DIRECTION('center_axis',(-1.,0.,8.00881419575957E-13));
#3688=DIRECTION('ref_axis',(8.00881419575957E-13,0.,1.));
#3689=DIRECTION('center_axis',(-0.581238193719096,0.,-0.813733471206735));
#3690=DIRECTION('ref_axis',(-0.813733471206735,0.,0.581238193719096));
#3691=DIRECTION('center_axis',(-1.68571275348398E-12,0.,-1.));
#3692=DIRECTION('ref_axis',(-1.,0.,1.68571275348398E-12));
#3693=DIRECTION('center_axis',(1.,0.,0.));
#3694=DIRECTION('ref_axis',(0.,0.,-1.));
#3695=DIRECTION('center_axis',(0.581238193719097,0.,0.813733471206735));
#3696=DIRECTION('ref_axis',(0.813733471206735,0.,-0.581238193719097));
#3697=DIRECTION('center_axis',(-0.581238193719096,0.,0.813733471206735));
#3698=DIRECTION('ref_axis',(-0.813733471206735,0.,-0.581238193719096));
#3699=DIRECTION('center_axis',(-1.,0.,0.));
#3700=DIRECTION('ref_axis',(0.,0.,-1.));
#3701=DIRECTION('',(0.,1.,0.));
#3702=DIRECTION('center_axis',(0.,0.,1.));
#3703=DIRECTION('ref_axis',(-1.,0.,0.));
#3704=DIRECTION('',(0.,1.,0.));
#3705=DIRECTION('',(-1.,0.,0.));
#3706=DIRECTION('center_axis',(1.,0.,0.));
#3707=DIRECTION('ref_axis',(0.,0.,1.));
#3708=DIRECTION('center_axis',(0.,0.,-1.));
#3709=DIRECTION('ref_axis',(1.,0.,0.));
#3710=DIRECTION('center_axis',(0.,-1.,0.));
#3711=DIRECTION('ref_axis',(0.,0.,-1.));
#3712=DIRECTION('center_axis',(1.,0.,-2.07241631263362E-16));
#3713=DIRECTION('ref_axis',(-2.07241631263362E-16,0.,-1.));
#3714=DIRECTION('center_axis',(1.,0.,-2.07241631263362E-16));
#3715=DIRECTION('ref_axis',(-2.07241631263362E-16,0.,-1.));
#3716=DIRECTION('center_axis',(-1.,0.,2.07241631263362E-16));
#3717=DIRECTION('ref_axis',(2.07241631263362E-16,0.,1.));
#3718=DIRECTION('center_axis',(1.,0.,0.));
#3719=DIRECTION('ref_axis',(0.,0.,-1.));
#3720=DIRECTION('',(-1.,0.,0.));
#3721=DIRECTION('center_axis',(-1.,0.,2.07241631263362E-16));
#3722=DIRECTION('ref_axis',(0.,0.,-1.));
#3723=DIRECTION('center_axis',(-1.,0.,2.07241631263362E-16));
#3724=DIRECTION('ref_axis',(0.,0.,-1.));
#3725=DIRECTION('center_axis',(-1.,0.,2.07241631263362E-16));
#3726=DIRECTION('ref_axis',(0.,0.,-1.));
#3727=DIRECTION('center_axis',(1.,0.,0.));
#3728=DIRECTION('ref_axis',(0.,0.,1.));
#3729=DIRECTION('',(-1.,0.,0.));
#3730=DIRECTION('center_axis',(-1.,0.,2.07241631263362E-16));
#3731=DIRECTION('ref_axis',(0.,0.,1.));
#3732=DIRECTION('center_axis',(1.,0.,-2.07241631263362E-16));
#3733=DIRECTION('ref_axis',(-2.07241631263362E-16,0.,-1.));
#3734=CARTESIAN_POINT('',(0.,0.,0.));
#3735=CARTESIAN_POINT('Origin',(5.,10.5,1.58295598851055E-11));
#3736=CARTESIAN_POINT('',(30.,10.5,-11.5));
#3737=CARTESIAN_POINT('',(4.99999999998509,10.5,-11.4999999999842));
#3738=CARTESIAN_POINT('',(4.99999999999272,10.5,-11.4999999999842));
#3739=CARTESIAN_POINT('',(30.,22.,-8.88178419700125E-15));
#3740=CARTESIAN_POINT('Origin',(30.,10.5,-8.88178419700125E-15));
#3741=CARTESIAN_POINT('',(25.,22.,-7.99360577730113E-15));
#3742=CARTESIAN_POINT('',(30.,22.,-8.88178419700125E-15));
#3743=CARTESIAN_POINT('',(24.9999999999912,13.8541019662497,-11.));
#3744=CARTESIAN_POINT('Origin',(24.9999999999636,10.5,-7.99360577729466E-15));
#3745=CARTESIAN_POINT('',(4.99999999999303,13.8541019662497,-11.));
#3746=CARTESIAN_POINT('',(30.,13.8541019662497,-11.));
#3747=CARTESIAN_POINT('Origin',(5.,10.5,-4.44089209850063E-15));
#3748=CARTESIAN_POINT('Origin',(91.,4.,84.0000000000067));
#3749=CARTESIAN_POINT('',(95.,4.,84.0000000000067));
#3750=CARTESIAN_POINT('',(90.9999999999933,4.,80.0000000000067));
#3751=CARTESIAN_POINT('Origin',(91.,4.,84.0000000000067));
#3752=CARTESIAN_POINT('',(91.,0.,84.0000000000067));
#3753=CARTESIAN_POINT('Origin',(91.,4.,84.0000000000067));
#3754=CARTESIAN_POINT('Origin',(91.,4.,84.0000000000067));
#3755=CARTESIAN_POINT('Origin',(91.,0.,84.0000000000067));
#3756=CARTESIAN_POINT('',(95.,22.,84.0000000000067));
#3757=CARTESIAN_POINT('',(95.,0.,84.0000000000067));
#3758=CARTESIAN_POINT('',(90.9999999999933,22.,80.0000000000067));
#3759=CARTESIAN_POINT('Origin',(91.,22.,84.0000000000067));
#3760=CARTESIAN_POINT('',(90.9999999999933,0.,80.0000000000067));
#3761=CARTESIAN_POINT('Origin',(95.,0.,80.));
#3762=CARTESIAN_POINT('',(95.,4.,120.));
#3763=CARTESIAN_POINT('',(95.,4.,40.));
#3764=CARTESIAN_POINT('',(95.,22.,120.));
#3765=CARTESIAN_POINT('',(95.,0.,120.));
#3766=CARTESIAN_POINT('',(95.,22.,80.));
#3767=CARTESIAN_POINT('Origin',(91.,4.,40.));
#3768=CARTESIAN_POINT('',(91.,0.,119.999999999993));
#3769=CARTESIAN_POINT('',(91.,0.,40.));
#3770=CARTESIAN_POINT('Origin',(91.,4.,120.));
#3771=CARTESIAN_POINT('Origin',(91.0000000000655,4.,-84.0000000000661));
#3772=CARTESIAN_POINT('',(91.0000000000654,0.,-84.0000000000661));
#3773=CARTESIAN_POINT('',(95.0000000000654,4.,-84.0000000000733));
#3774=CARTESIAN_POINT('Origin',(91.0000000000654,4.,-84.0000000000661));
#3775=CARTESIAN_POINT('',(91.0000000000722,4.,-80.0000000000661));
#3776=CARTESIAN_POINT('Origin',(91.0000000000655,4.,-84.0000000000661));
#3777=CARTESIAN_POINT('Origin',(91.0000000000655,4.,-84.0000000000661));
#3778=CARTESIAN_POINT('Origin',(74.6795349465828,3.99999999999991,-76.0000000000386));
#3779=CARTESIAN_POINT('',(74.6795349465694,0.,-84.0000000000386));
#3780=CARTESIAN_POINT('',(70.0296293968301,0.,-82.5098677696924));
#3781=CARTESIAN_POINT('Origin',(74.6795349465828,0.,-76.0000000000386));
#3782=CARTESIAN_POINT('',(72.3545821717065,4.,-79.2549338848655));
#3783=CARTESIAN_POINT('Origin',(70.0296293968301,4.,-82.5098677696924));
#3784=CARTESIAN_POINT('',(74.6795349465761,4.,-80.0000000000385));
#3785=CARTESIAN_POINT('Origin',(74.6795349465828,4.,-76.0000000000385));
#3786=CARTESIAN_POINT('Origin',(74.6795349465694,4.,-84.0000000000386));
#3787=CARTESIAN_POINT('Origin',(28.9999999999653,4.,-43.3717607524546));
#3788=CARTESIAN_POINT('',(24.3500944502125,0.,-49.8816285221084));
#3789=CARTESIAN_POINT('',(20.9999999999653,0.,-43.3717607524482));
#3790=CARTESIAN_POINT('Origin',(28.9999999999652,0.,-43.3717607524546));
#3791=CARTESIAN_POINT('',(24.9999999999653,4.,-43.3717607524514));
#3792=CARTESIAN_POINT('Origin',(20.9999999999653,4.,-43.3717607524482));
#3793=CARTESIAN_POINT('',(26.6750472250889,4.,-46.6266946372815));
#3794=CARTESIAN_POINT('Origin',(28.9999999999653,4.,-43.3717607524546));
#3795=CARTESIAN_POINT('Origin',(24.3500944502125,4.,-49.8816285221084));
#3796=CARTESIAN_POINT('Origin',(20.9999999999818,4.,-22.7151161667971));
#3797=CARTESIAN_POINT('',(24.9999999999788,4.,-26.5000000000032));
#3798=CARTESIAN_POINT('',(24.9999999999818,4.,-22.7151161668003));
#3799=CARTESIAN_POINT('',(20.9999999999788,0.,-22.5));
#3800=CARTESIAN_POINT('',(20.9999999999818,0.,-22.7151161667971));
#3801=CARTESIAN_POINT('Origin',(20.9999999999788,4.,-26.5));
#3802=CARTESIAN_POINT('Origin',(28.9999999999653,0.,-43.3717607524546));
#3803=CARTESIAN_POINT('',(24.9999999999653,22.,-43.3717607524514));
#3804=CARTESIAN_POINT('',(26.6750472250889,22.,-46.6266946372815));
#3805=CARTESIAN_POINT('Origin',(28.9999999999653,22.,-43.3717607524546));
#3806=CARTESIAN_POINT('',(26.6750472250889,0.,-46.6266946372815));
#3807=CARTESIAN_POINT('',(24.9999999999653,0.,-43.3717607524514));
#3808=CARTESIAN_POINT('Origin',(44.4072755937746,4.,-64.2081864817957));
#3809=CARTESIAN_POINT('',(44.4072755937746,0.,-64.2081864817957));
#3810=CARTESIAN_POINT('',(46.732228368651,4.,-60.9532525969688));
#3811=CARTESIAN_POINT('Origin',(20.9999999999788,0.,-26.5));
#3812=CARTESIAN_POINT('',(20.9999999999788,22.,-22.5));
#3813=CARTESIAN_POINT('',(20.9999999999788,0.,-22.5));
#3814=CARTESIAN_POINT('',(24.9999999999788,22.,-26.5000000000032));
#3815=CARTESIAN_POINT('Origin',(20.9999999999788,22.,-26.5));
#3816=CARTESIAN_POINT('',(24.9999999999788,0.,-26.5000000000032));
#3817=CARTESIAN_POINT('Origin',(74.6795349465828,0.,-76.0000000000385));
#3818=CARTESIAN_POINT('',(72.3545821717065,22.,-79.2549338848655));
#3819=CARTESIAN_POINT('',(74.6795349465761,22.,-80.0000000000385));
#3820=CARTESIAN_POINT('Origin',(74.6795349465828,22.,-76.0000000000385));
#3821=CARTESIAN_POINT('',(74.6795349465761,0.,-80.0000000000385));
#3822=CARTESIAN_POINT('',(72.3545821717065,0.,-79.2549338848655));
#3823=CARTESIAN_POINT('Origin',(72.4999999999622,4.,-84.0000000000349));
#3824=CARTESIAN_POINT('',(72.4999999999622,0.,-84.0000000000349));
#3825=CARTESIAN_POINT('',(72.4999999999689,4.,-80.0000000000349));
#3826=CARTESIAN_POINT('Origin',(91.0000000000655,0.,-84.0000000000661));
#3827=CARTESIAN_POINT('',(91.0000000000722,22.,-80.0000000000661));
#3828=CARTESIAN_POINT('',(95.0000000000654,22.,-84.0000000000733));
#3829=CARTESIAN_POINT('Origin',(91.0000000000655,22.,-84.0000000000661));
#3830=CARTESIAN_POINT('',(95.0000000000654,0.,-84.0000000000733));
#3831=CARTESIAN_POINT('',(91.0000000000722,0.,-80.0000000000661));
#3832=CARTESIAN_POINT('Origin',(91.0000000001091,4.,-60.0000000000337));
#3833=CARTESIAN_POINT('',(91.,0.,-119.999999999993));
#3834=CARTESIAN_POINT('',(95.,4.,-120.));
#3835=CARTESIAN_POINT('Origin',(91.,4.,-119.999999999993));
#3836=CARTESIAN_POINT('',(91.0000000001091,0.,-60.0000000000337));
#3837=CARTESIAN_POINT('',(95.0000000001091,4.,-60.0000000000409));
#3838=CARTESIAN_POINT('Origin',(24.9999999999636,0.,-22.5));
#3839=CARTESIAN_POINT('',(8.99999999998575,0.,-22.5));
#3840=CARTESIAN_POINT('',(37.4999999999818,0.,-22.5));
#3841=CARTESIAN_POINT('',(8.99999999998321,22.,-22.5));
#3842=CARTESIAN_POINT('',(8.99999999998321,0.,-22.5));
#3843=CARTESIAN_POINT('',(24.9999999999636,22.,-22.5));
#3844=CARTESIAN_POINT('Origin',(50.,0.,-3.5527136788005E-14));
#3845=CARTESIAN_POINT('',(79.0000000000364,0.,-119.999999999971));
#3846=CARTESIAN_POINT('',(62.499999999909,0.,-119.999999999941));
#3847=CARTESIAN_POINT('',(79.0000000000364,0.,-109.485382104689));
#3848=CARTESIAN_POINT('',(79.0000000000364,0.,-53.7134552617611));
#3849=CARTESIAN_POINT('',(75.6499055497892,0.,-102.975514335036));
#3850=CARTESIAN_POINT('Origin',(71.0000000000364,0.,-109.485382104689));
#3851=CARTESIAN_POINT('',(8.99999999996493,0.,-55.368438942304));
#3852=CARTESIAN_POINT('',(8.64291312406775,0.,-55.1133768880917));
#3853=CARTESIAN_POINT('',(9.00000000001819,0.,28.7134552617728));
#3854=CARTESIAN_POINT('Origin',(75.0000000000364,0.,-119.999999999964));
#3855=CARTESIAN_POINT('',(95.,22.,-120.));
#3856=CARTESIAN_POINT('',(95.,0.,-120.));
#3857=CARTESIAN_POINT('',(75.0000000000364,22.,-119.999999999964));
#3858=CARTESIAN_POINT('',(75.0000000000364,22.,-119.999999999964));
#3859=CARTESIAN_POINT('',(75.0000000000364,4.,-119.999999999964));
#3860=CARTESIAN_POINT('',(75.0000000000364,0.,-119.999999999964));
#3861=CARTESIAN_POINT('Origin',(79.0000000000364,4.,-119.999999999964));
#3862=CARTESIAN_POINT('',(79.5000000000181,4.25,-119.999999999972));
#3863=CARTESIAN_POINT('Origin',(78.0000000000181,4.25,-119.999999999969));
#3864=CARTESIAN_POINT('',(79.5000000000181,18.25,-119.999999999972));
#3865=CARTESIAN_POINT('Origin',(78.0000000000181,18.25,-119.999999999969));
#3866=CARTESIAN_POINT('',(93.5000000000181,4.25,-119.999999999997));
#3867=CARTESIAN_POINT('Origin',(92.0000000000181,4.25,-119.999999999995));
#3868=CARTESIAN_POINT('',(79.5000000000181,11.25,-119.999999999972));
#3869=CARTESIAN_POINT('Origin',(78.0000000000181,11.25,-119.999999999969));
#3870=CARTESIAN_POINT('',(93.5000000000181,18.25,-119.999999999997));
#3871=CARTESIAN_POINT('Origin',(92.0000000000181,18.25,-119.999999999995));
#3872=CARTESIAN_POINT('',(93.5000000000181,11.25,-119.999999999997));
#3873=CARTESIAN_POINT('Origin',(92.0000000000181,11.25,-119.999999999995));
#3874=CARTESIAN_POINT('Origin',(95.,0.,-120.));
#3875=CARTESIAN_POINT('',(95.,22.,-120.));
#3876=CARTESIAN_POINT('Origin',(74.6795349465768,4.00000000000003,76.0000000000342));
#3877=CARTESIAN_POINT('',(70.0296293968241,0.,82.5098677696881));
#3878=CARTESIAN_POINT('',(74.6795349465903,0.,84.0000000000342));
#3879=CARTESIAN_POINT('Origin',(74.6795349465768,0.,76.0000000000343));
#3880=CARTESIAN_POINT('',(74.6795349465835,4.,80.0000000000342));
#3881=CARTESIAN_POINT('Origin',(74.6795349465903,4.,84.0000000000342));
#3882=CARTESIAN_POINT('',(72.3545821717004,4.,79.2549338848612));
#3883=CARTESIAN_POINT('Origin',(74.6795349465768,4.,76.0000000000342));
#3884=CARTESIAN_POINT('Origin',(70.0296293968241,4.,82.5098677696881));
#3885=CARTESIAN_POINT('Origin',(61.698837366547,4.,84.0000000000561));
#3886=CARTESIAN_POINT('',(61.6988373665402,4.,80.0000000000561));
#3887=CARTESIAN_POINT('',(61.698837366547,0.,84.0000000000561));
#3888=CARTESIAN_POINT('Origin',(74.6795349465768,0.,76.0000000000342));
#3889=CARTESIAN_POINT('',(74.6795349465835,22.,80.0000000000342));
#3890=CARTESIAN_POINT('',(72.3545821717004,22.,79.2549338848612));
#3891=CARTESIAN_POINT('Origin',(74.6795349465768,22.,76.0000000000342));
#3892=CARTESIAN_POINT('',(72.3545821717004,0.,79.2549338848612));
#3893=CARTESIAN_POINT('',(74.6795349465835,0.,80.0000000000342));
#3894=CARTESIAN_POINT('Origin',(29.0000000000347,4.,43.3717607525042));
#3895=CARTESIAN_POINT('',(21.0000000000347,0.,43.3717607525106));
#3896=CARTESIAN_POINT('',(24.350094450282,0.,49.8816285221581));
#3897=CARTESIAN_POINT('Origin',(29.0000000000347,0.,43.3717607525042));
#3898=CARTESIAN_POINT('',(26.6750472251583,4.,46.6266946373311));
#3899=CARTESIAN_POINT('Origin',(24.350094450282,4.,49.8816285221581));
#3900=CARTESIAN_POINT('',(25.0000000000347,4.,43.3717607525074));
#3901=CARTESIAN_POINT('Origin',(29.0000000000347,4.,43.3717607525042));
#3902=CARTESIAN_POINT('Origin',(21.0000000000347,4.,43.3717607525106));
#3903=CARTESIAN_POINT('Origin',(20.2084382272836,4.,46.9233026485878));
#3904=CARTESIAN_POINT('',(20.2084382272836,0.,46.9233026485878));
#3905=CARTESIAN_POINT('',(22.53339100216,4.,43.6683687637609));
#3906=CARTESIAN_POINT('Origin',(29.0000000000347,0.,43.3717607525042));
#3907=CARTESIAN_POINT('',(26.6750472251583,22.,46.6266946373311));
#3908=CARTESIAN_POINT('',(25.0000000000347,22.,43.3717607525074));
#3909=CARTESIAN_POINT('Origin',(29.0000000000347,22.,43.3717607525042));
#3910=CARTESIAN_POINT('',(25.0000000000347,0.,43.3717607525074));
#3911=CARTESIAN_POINT('',(26.6750472251583,0.,46.6266946373311));
#3912=CARTESIAN_POINT('Origin',(21.0000000000212,4.,26.5));
#3913=CARTESIAN_POINT('',(21.0000000000212,4.,22.5));
#3914=CARTESIAN_POINT('',(25.0000000000212,4.,26.4999999999968));
#3915=CARTESIAN_POINT('Origin',(21.0000000000212,4.,26.5));
#3916=CARTESIAN_POINT('',(21.0000000000212,0.,26.5));
#3917=CARTESIAN_POINT('Origin',(21.0000000000212,4.,26.5));
#3918=CARTESIAN_POINT('Origin',(21.0000000000212,4.,26.5));
#3919=CARTESIAN_POINT('Origin',(71.0000000000364,3.99999999999998,109.485382104689));
#3920=CARTESIAN_POINT('',(79.0000000000364,0.,109.485382104689));
#3921=CARTESIAN_POINT('',(75.6499055497892,0.,102.975514335036));
#3922=CARTESIAN_POINT('Origin',(71.0000000000364,0.,109.485382104689));
#3923=CARTESIAN_POINT('',(73.3249527749128,4.,106.230448219863));
#3924=CARTESIAN_POINT('Origin',(75.6499055497892,4.,102.975514335036));
#3925=CARTESIAN_POINT('',(75.0000000000364,4.,109.485382104689));
#3926=CARTESIAN_POINT('Origin',(71.0000000000364,4.,109.485382104689));
#3927=CARTESIAN_POINT('Origin',(79.0000000000364,4.,109.485382104689));
#3928=CARTESIAN_POINT('Origin',(9.00000000001679,4.,26.5));
#3929=CARTESIAN_POINT('',(5.00000000001679,4.,26.5000000000025));
#3930=CARTESIAN_POINT('',(9.00000000001679,4.,22.5));
#3931=CARTESIAN_POINT('Origin',(9.00000000001679,4.,26.5));
#3932=CARTESIAN_POINT('',(9.00000000001679,0.,26.5));
#3933=CARTESIAN_POINT('Origin',(9.00000000001679,4.,26.5));
#3934=CARTESIAN_POINT('Origin',(9.00000000001679,4.,26.5));
#3935=CARTESIAN_POINT('Origin',(9.00000000003508,4.,55.3684389423541));
#3936=CARTESIAN_POINT('',(6.67504722515869,4.,58.623372827181));
#3937=CARTESIAN_POINT('',(5.00000000003508,4.,55.3684389423566));
#3938=CARTESIAN_POINT('Origin',(9.00000000003508,4.,55.3684389423541));
#3939=CARTESIAN_POINT('',(9.00000000003508,0.,55.3684389423541));
#3940=CARTESIAN_POINT('Origin',(9.00000000003508,4.,55.3684389423541));
#3941=CARTESIAN_POINT('Origin',(9.00000000003508,4.,55.3684389423541));
#3942=CARTESIAN_POINT('Origin',(43.6429131240677,4.,80.1133768880917));
#3943=CARTESIAN_POINT('',(43.6429131240677,0.,80.1133768880917));
#3944=CARTESIAN_POINT('',(41.3179603491913,4.,83.3683107729186));
#3945=CARTESIAN_POINT('Origin',(9.00000000001819,4.,28.7134552617728));
#3946=CARTESIAN_POINT('',(9.00000000001819,0.,28.7134552617728));
#3947=CARTESIAN_POINT('',(5.00000000001819,4.,28.7134552617754));
#3948=CARTESIAN_POINT('Origin',(9.00000000003508,0.,55.3684389423541));
#3949=CARTESIAN_POINT('',(5.00000000003508,22.,55.3684389423566));
#3950=CARTESIAN_POINT('',(6.67504722515868,22.,58.623372827181));
#3951=CARTESIAN_POINT('Origin',(9.00000000003508,22.,55.3684389423541));
#3952=CARTESIAN_POINT('',(6.67504722515869,0.,58.623372827181));
#3953=CARTESIAN_POINT('',(5.00000000003508,0.,55.3684389423566));
#3954=CARTESIAN_POINT('Origin',(27.5000000000182,4.,26.5));
#3955=CARTESIAN_POINT('',(27.5000000000182,0.,26.5));
#3956=CARTESIAN_POINT('',(27.5000000000182,4.,22.5));
#3957=CARTESIAN_POINT('Origin',(9.00000000001679,0.,26.5));
#3958=CARTESIAN_POINT('',(9.00000000001679,22.,22.5));
#3959=CARTESIAN_POINT('',(5.00000000001679,22.,26.5000000000025));
#3960=CARTESIAN_POINT('Origin',(9.00000000001679,22.,26.5));
#3961=CARTESIAN_POINT('',(5.00000000001679,0.,26.5000000000025));
#3962=CARTESIAN_POINT('',(9.00000000001679,0.,22.5));
#3963=CARTESIAN_POINT('Origin',(71.0000000000364,0.,109.485382104689));
#3964=CARTESIAN_POINT('',(73.3249527749128,22.,106.230448219863));
#3965=CARTESIAN_POINT('',(75.0000000000364,22.,109.485382104689));
#3966=CARTESIAN_POINT('Origin',(71.0000000000364,22.,109.485382104689));
#3967=CARTESIAN_POINT('',(75.0000000000364,0.,109.485382104689));
#3968=CARTESIAN_POINT('',(73.3249527749128,0.,106.230448219863));
#3969=CARTESIAN_POINT('Origin',(79.0000000000364,4.,59.9999999999818));
#3970=CARTESIAN_POINT('',(79.0000000000364,0.,119.999999999971));
#3971=CARTESIAN_POINT('',(75.0000000000364,4.,119.999999999964));
#3972=CARTESIAN_POINT('Origin',(79.0000000000364,4.,120.));
#3973=CARTESIAN_POINT('',(79.0000000000364,0.,59.9999999999818));
#3974=CARTESIAN_POINT('',(75.0000000000364,4.,59.9999999999818));
#3975=CARTESIAN_POINT('Origin',(20.9999999999818,4.,-22.7151161667971));
#3976=CARTESIAN_POINT('',(20.9999999999818,0.,-22.7151161667971));
#3977=CARTESIAN_POINT('',(24.9999999999818,4.,-22.7151161668003));
#3978=CARTESIAN_POINT('Origin',(21.0000000000212,0.,26.5));
#3979=CARTESIAN_POINT('',(25.0000000000212,22.,26.4999999999968));
#3980=CARTESIAN_POINT('',(21.0000000000212,22.,22.5));
#3981=CARTESIAN_POINT('Origin',(21.0000000000212,22.,26.5));
#3982=CARTESIAN_POINT('',(21.0000000000212,0.,22.5));
#3983=CARTESIAN_POINT('',(25.0000000000212,0.,26.4999999999968));
#3984=CARTESIAN_POINT('Origin',(75.0000000000364,0.,119.999999999964));
#3985=CARTESIAN_POINT('',(75.0000000000364,22.,119.999999999964));
#3986=CARTESIAN_POINT('',(75.0000000000364,22.,119.999999999964));
#3987=CARTESIAN_POINT('',(75.0000000000364,0.,119.999999999964));
#3988=CARTESIAN_POINT('Origin',(75.0000000000364,0.,107.426910523522));
#3989=CARTESIAN_POINT('',(75.0000000000364,22.,107.426910523522));
#3990=CARTESIAN_POINT('Origin',(95.,0.,120.));
#3991=CARTESIAN_POINT('',(95.,22.,120.));
#3992=CARTESIAN_POINT('',(72.4999999998909,0.,119.999999999959));
#3993=CARTESIAN_POINT('',(93.5000000000182,18.25,119.999999999997));
#3994=CARTESIAN_POINT('Origin',(92.0000000000182,18.25,119.999999999995));
#3995=CARTESIAN_POINT('',(79.5000000000182,11.25,119.999999999972));
#3996=CARTESIAN_POINT('Origin',(78.0000000000182,11.25,119.999999999969));
#3997=CARTESIAN_POINT('',(93.5000000000182,4.25,119.999999999997));
#3998=CARTESIAN_POINT('Origin',(92.0000000000182,4.25,119.999999999995));
#3999=CARTESIAN_POINT('',(79.5000000000182,18.25,119.999999999972));
#4000=CARTESIAN_POINT('Origin',(78.0000000000182,18.25,119.999999999969));
#4001=CARTESIAN_POINT('',(79.5000000000182,4.25,119.999999999972));
#4002=CARTESIAN_POINT('Origin',(78.0000000000182,4.25,119.999999999969));
#4003=CARTESIAN_POINT('',(93.5000000000182,11.25,119.999999999997));
#4004=CARTESIAN_POINT('Origin',(92.0000000000182,11.25,119.999999999995));
#4005=CARTESIAN_POINT('Origin',(5.00000000003638,0.,57.4269105235222));
#4006=CARTESIAN_POINT('',(5.00000000003638,22.,57.4269105235222));
#4007=CARTESIAN_POINT('Origin',(50.,22.,-3.5527136788005E-14));
#4008=CARTESIAN_POINT('',(96.,22.,75.));
#4009=CARTESIAN_POINT('',(100.,22.,79.));
#4010=CARTESIAN_POINT('Origin',(96.,22.,79.));
#4011=CARTESIAN_POINT('',(76.2818602136341,22.,75.));
#4012=CARTESIAN_POINT('',(100.,22.,75.));
#4013=CARTESIAN_POINT('',(73.9569074387577,22.,74.2549338848269));
#4014=CARTESIAN_POINT('Origin',(76.2818602136341,22.,71.));
#4015=CARTESIAN_POINT('',(31.6750472251236,22.,44.0536051608026));
#4016=CARTESIAN_POINT('',(75.,22.,75.));
#4017=CARTESIAN_POINT('',(30.,22.,40.7986712759757));
#4018=CARTESIAN_POINT('Origin',(34.,22.,40.7986712759757));
#4019=CARTESIAN_POINT('',(30.,22.,42.8571428571429));
#4020=CARTESIAN_POINT('',(30.,22.,-8.88178419700125E-15));
#4021=CARTESIAN_POINT('',(24.9999999999636,22.,11.));
#4022=CARTESIAN_POINT('',(24.9999999999636,22.,-45.4302323336206));
#4023=CARTESIAN_POINT('',(5.00000000003637,22.,11.));
#4024=CARTESIAN_POINT('',(25.5000000000364,22.,11.));
#4025=CARTESIAN_POINT('',(5.00000000003637,22.,-11.));
#4026=CARTESIAN_POINT('',(5.00000000003638,22.,57.4269105235222));
#4027=CARTESIAN_POINT('',(24.9999999999636,22.,-11.));
#4028=CARTESIAN_POINT('',(4.50000000003637,22.,-11.));
#4029=CARTESIAN_POINT('',(24.9999999999636,22.,-45.4302323336206));
#4030=CARTESIAN_POINT('',(30.,22.,-40.7986712759757));
#4031=CARTESIAN_POINT('',(30.,22.,42.8571428571429));
#4032=CARTESIAN_POINT('',(31.6750472251236,22.,-44.0536051608026));
#4033=CARTESIAN_POINT('Origin',(34.,22.,-40.7986712759757));
#4034=CARTESIAN_POINT('',(73.9569074387577,22.,-74.254933884827));
#4035=CARTESIAN_POINT('',(30.,22.,-42.8571428571429));
#4036=CARTESIAN_POINT('',(76.2818602136341,22.,-75.0000000000001));
#4037=CARTESIAN_POINT('Origin',(76.2818602136341,22.,-71.0000000000001));
#4038=CARTESIAN_POINT('',(95.9999999999999,22.,-75.0000000000001));
#4039=CARTESIAN_POINT('',(74.9999999999999,22.,-75.0000000000001));
#4040=CARTESIAN_POINT('',(99.9999999999999,22.,-79.0000000000001));
#4041=CARTESIAN_POINT('Origin',(95.9999999999999,22.,-79.0000000000001));
#4042=CARTESIAN_POINT('',(99.9999999999999,22.,-125.));
#4043=CARTESIAN_POINT('',(99.9999999999999,22.,-75.0000000000001));
#4044=CARTESIAN_POINT('',(70.,22.,-125.));
#4045=CARTESIAN_POINT('',(99.9999999999999,22.,-125.));
#4046=CARTESIAN_POINT('',(70.,22.,-112.058471581167));
#4047=CARTESIAN_POINT('',(70.,22.,-125.));
#4048=CARTESIAN_POINT('',(68.3249527748764,22.,-108.80353769634));
#4049=CARTESIAN_POINT('Origin',(66.,22.,-112.058471581167));
#4050=CARTESIAN_POINT('',(1.67504722512358,22.,-61.1964623036597));
#4051=CARTESIAN_POINT('',(70.,22.,-110.));
#4052=CARTESIAN_POINT('',(-3.40260539673721E-14,22.,-57.9415284188328));
#4053=CARTESIAN_POINT('Origin',(3.99999999999996,22.,-57.9415284188328));
#4054=CARTESIAN_POINT('',(-1.84741111300432E-12,22.,1.89949936088632E-11));
#4055=CARTESIAN_POINT('',(-3.52348875453336E-14,22.,-60.));
#4056=CARTESIAN_POINT('',(3.40260539673721E-14,22.,57.9415284188328));
#4057=CARTESIAN_POINT('',(-3.52348875453336E-14,22.,-60.));
#4058=CARTESIAN_POINT('',(1.67504722512365,22.,61.1964623036597));
#4059=CARTESIAN_POINT('Origin',(4.00000000000004,22.,57.9415284188328));
#4060=CARTESIAN_POINT('',(68.3249527748764,22.,108.80353769634));
#4061=CARTESIAN_POINT('',(0.,22.,60.));
#4062=CARTESIAN_POINT('',(70.,22.,112.058471581167));
#4063=CARTESIAN_POINT('Origin',(66.,22.,112.058471581167));
#4064=CARTESIAN_POINT('',(70.,22.,125.));
#4065=CARTESIAN_POINT('',(70.,22.,110.));
#4066=CARTESIAN_POINT('',(100.,22.,125.));
#4067=CARTESIAN_POINT('',(70.,22.,125.));
#4068=CARTESIAN_POINT('',(100.,22.,125.));
#4069=CARTESIAN_POINT('',(24.9999999999636,22.,-45.4302323336206));
#4070=CARTESIAN_POINT('',(4.99999999998322,22.,-26.4999999999975));
#4071=CARTESIAN_POINT('Origin',(8.99999999998321,22.,-26.5));
#4072=CARTESIAN_POINT('',(4.99999999996493,22.,-55.3684389423015));
#4073=CARTESIAN_POINT('',(5.00000000003638,22.,57.4269105235222));
#4074=CARTESIAN_POINT('',(6.67504722508854,22.,-58.6233728271309));
#4075=CARTESIAN_POINT('Origin',(8.99999999996493,22.,-55.368438942304));
#4076=CARTESIAN_POINT('',(73.3249527749127,22.,-106.230448219863));
#4077=CARTESIAN_POINT('',(5.00000000003637,22.,-57.4269105235222));
#4078=CARTESIAN_POINT('',(75.0000000000364,22.,-109.485382104689));
#4079=CARTESIAN_POINT('Origin',(71.0000000000363,22.,-109.485382104689));
#4080=CARTESIAN_POINT('',(75.0000000000364,22.,-107.426910523522));
#4081=CARTESIAN_POINT('',(95.0000000000727,22.,-80.0000000000728));
#4082=CARTESIAN_POINT('',(73.3976747329457,22.,-80.0000000000364));
#4083=CARTESIAN_POINT('',(3.04999999999865,22.,-16.75));
#4084=CARTESIAN_POINT('Origin',(4.99999999999865,22.,-16.75));
#4085=CARTESIAN_POINT('',(23.0500000000013,22.,-16.75));
#4086=CARTESIAN_POINT('Origin',(25.0000000000013,22.,-16.75));
#4087=CARTESIAN_POINT('',(23.0500000000013,22.,16.75));
#4088=CARTESIAN_POINT('Origin',(25.0000000000013,22.,16.75));
#4089=CARTESIAN_POINT('',(3.04999999999867,22.,16.75));
#4090=CARTESIAN_POINT('Origin',(4.99999999999867,22.,16.75));
#4091=CARTESIAN_POINT('',(5.00000000003637,22.,22.5));
#4092=CARTESIAN_POINT('',(24.9999999999636,22.,-45.4302323336206));
#4093=CARTESIAN_POINT('',(24.9999999999636,22.,45.4302323336206));
#4094=CARTESIAN_POINT('',(73.3976747329457,22.,80.0000000000364));
#4095=CARTESIAN_POINT('Origin',(5.00000000003637,0.,22.5));
#4096=CARTESIAN_POINT('Origin',(71.0000000000363,4.,-109.485382104689));
#4097=CARTESIAN_POINT('',(75.0000000000364,4.,-109.485382104689));
#4098=CARTESIAN_POINT('Origin',(79.0000000000364,4.,-109.485382104689));
#4099=CARTESIAN_POINT('',(73.3249527749127,4.,-106.230448219863));
#4100=CARTESIAN_POINT('Origin',(71.0000000000363,4.,-109.485382104689));
#4101=CARTESIAN_POINT('Origin',(75.6499055497892,4.,-102.975514335036));
#4102=CARTESIAN_POINT('Origin',(79.0000000000364,4.,-53.7134552617611));
#4103=CARTESIAN_POINT('',(75.0000000000364,4.,-53.7134552617611));
#4104=CARTESIAN_POINT('Origin',(71.0000000000363,0.,-109.485382104689));
#4105=CARTESIAN_POINT('',(73.3249527749127,0.,-106.230448219863));
#4106=CARTESIAN_POINT('',(75.0000000000364,0.,-109.485382104689));
#4107=CARTESIAN_POINT('Origin',(8.99999999998321,0.,-26.5));
#4108=CARTESIAN_POINT('',(4.99999999998322,4.,-26.4999999999975));
#4109=CARTESIAN_POINT('',(4.99999999998322,0.,-26.4999999999975));
#4110=CARTESIAN_POINT('Origin',(8.99999999998321,4.,-26.5));
#4111=CARTESIAN_POINT('Origin',(8.99999999996492,4.,-55.368438942304));
#4112=CARTESIAN_POINT('',(4.99999999996493,4.,-55.3684389423015));
#4113=CARTESIAN_POINT('Origin',(8.99999999996493,4.,-55.368438942304));
#4114=CARTESIAN_POINT('',(6.67504722508854,4.,-58.6233728271309));
#4115=CARTESIAN_POINT('Origin',(8.99999999996492,4.,-55.368438942304));
#4116=CARTESIAN_POINT('Origin',(8.99999999996493,4.,-55.368438942304));
#4117=CARTESIAN_POINT('Origin',(8.64291312406775,4.,-55.1133768880917));
#4118=CARTESIAN_POINT('',(6.31796034919136,4.,-58.3683107729187));
#4119=CARTESIAN_POINT('Origin',(8.99999999996493,0.,-55.368438942304));
#4120=CARTESIAN_POINT('',(4.99999999996493,0.,-55.3684389423015));
#4121=CARTESIAN_POINT('',(6.67504722508854,0.,-58.6233728271309));
#4122=CARTESIAN_POINT('Origin',(9.00000000001819,4.,28.7134552617728));
#4123=CARTESIAN_POINT('',(5.00000000001819,4.,28.7134552617754));
#4124=CARTESIAN_POINT('Origin',(5.00000000003638,0.,57.4269105235222));
#4125=CARTESIAN_POINT('Origin',(96.,-2.,79.));
#4126=CARTESIAN_POINT('',(96.,-2.,75.));
#4127=CARTESIAN_POINT('',(96.,-6.,79.));
#4128=CARTESIAN_POINT('Origin',(96.,-2.,79.));
#4129=CARTESIAN_POINT('',(100.,-2.,79.));
#4130=CARTESIAN_POINT('Origin',(96.,-2.,79.));
#4131=CARTESIAN_POINT('Origin',(96.,-2.,79.));
#4132=CARTESIAN_POINT('Origin',(96.,0.,79.));
#4133=CARTESIAN_POINT('',(100.,0.,79.));
#4134=CARTESIAN_POINT('',(96.,0.,75.));
#4135=CARTESIAN_POINT('Origin',(96.,-2.,37.5));
#4136=CARTESIAN_POINT('',(100.,-2.,125.));
#4137=CARTESIAN_POINT('',(96.,-6.,125.));
#4138=CARTESIAN_POINT('Origin',(96.,-2.,125.));
#4139=CARTESIAN_POINT('',(96.,-6.,37.5));
#4140=CARTESIAN_POINT('',(100.,-2.,37.5));
#4141=CARTESIAN_POINT('Origin',(95.9999999999999,-2.,-79.0000000000001));
#4142=CARTESIAN_POINT('',(99.9999999999999,-2.,-79.0000000000001));
#4143=CARTESIAN_POINT('',(95.9999999999999,-6.,-79.0000000000001));
#4144=CARTESIAN_POINT('Origin',(95.9999999999999,-2.,-79.0000000000001));
#4145=CARTESIAN_POINT('',(95.9999999999999,-2.,-75.0000000000001));
#4146=CARTESIAN_POINT('Origin',(95.9999999999999,-2.,-79.0000000000001));
#4147=CARTESIAN_POINT('Origin',(95.9999999999999,-2.,-79.0000000000001));
#4148=CARTESIAN_POINT('Origin',(95.9999999999999,0.,-79.0000000000001));
#4149=CARTESIAN_POINT('',(95.9999999999999,0.,-75.0000000000001));
#4150=CARTESIAN_POINT('',(99.9999999999999,0.,-79.0000000000001));
#4151=CARTESIAN_POINT('Origin',(76.2818602136341,-2.,71.));
#4152=CARTESIAN_POINT('',(73.9569074387577,-2.,74.2549338848269));
#4153=CARTESIAN_POINT('',(71.6319546638813,-6.,77.5098677696539));
#4154=CARTESIAN_POINT('Origin',(71.6319546638813,-2.,77.5098677696539));
#4155=CARTESIAN_POINT('',(76.2818602136341,-2.,75.));
#4156=CARTESIAN_POINT('Origin',(76.2818602136341,-2.,71.));
#4157=CARTESIAN_POINT('',(76.2818602136341,-6.,79.));
#4158=CARTESIAN_POINT('Origin',(76.2818602136341,-2.,79.));
#4159=CARTESIAN_POINT('Origin',(76.2818602136341,-6.,71.));
#4160=CARTESIAN_POINT('Origin',(76.2818602136341,0.,71.));
#4161=CARTESIAN_POINT('',(76.2818602136341,0.,75.));
#4162=CARTESIAN_POINT('',(73.9569074387577,0.,74.2549338848269));
#4163=CARTESIAN_POINT('Origin',(62.5,-2.,79.));
#4164=CARTESIAN_POINT('',(62.5,-6.,79.));
#4165=CARTESIAN_POINT('',(62.5,-2.,75.));
#4166=CARTESIAN_POINT('Origin',(76.2818602136341,-2.,-71.0000000000001));
#4167=CARTESIAN_POINT('',(76.2818602136341,-2.,-75.0000000000001));
#4168=CARTESIAN_POINT('',(76.2818602136341,-6.,-79.0000000000001));
#4169=CARTESIAN_POINT('Origin',(76.2818602136341,-2.,-79.0000000000001));
#4170=CARTESIAN_POINT('',(73.9569074387577,-2.,-74.254933884827));
#4171=CARTESIAN_POINT('Origin',(76.2818602136341,-2.,-71.0000000000001));
#4172=CARTESIAN_POINT('',(71.6319546638813,-6.,-77.5098677696539));
#4173=CARTESIAN_POINT('Origin',(71.6319546638813,-2.,-77.5098677696539));
#4174=CARTESIAN_POINT('Origin',(76.2818602136341,-6.,-71.0000000000001));
#4175=CARTESIAN_POINT('Origin',(76.2818602136341,0.,-71.0000000000001));
#4176=CARTESIAN_POINT('',(73.9569074387577,0.,-74.254933884827));
#4177=CARTESIAN_POINT('',(76.2818602136341,0.,-75.0000000000001));
#4178=CARTESIAN_POINT('Origin',(34.,-2.,40.7986712759757));
#4179=CARTESIAN_POINT('',(30.,-2.,40.7986712759757));
#4180=CARTESIAN_POINT('',(26.,-6.,40.7986712759757));
#4181=CARTESIAN_POINT('Origin',(26.,-2.,40.7986712759757));
#4182=CARTESIAN_POINT('',(31.6750472251236,-2.,44.0536051608026));
#4183=CARTESIAN_POINT('Origin',(34.,-2.,40.7986712759757));
#4184=CARTESIAN_POINT('',(29.3500944502472,-6.,47.3085390456296));
#4185=CARTESIAN_POINT('Origin',(29.3500944502472,-2.,47.3085390456296));
#4186=CARTESIAN_POINT('Origin',(34.,-6.,40.7986712759757));
#4187=CARTESIAN_POINT('Origin',(34.,0.,40.7986712759757));
#4188=CARTESIAN_POINT('',(31.6750472251236,0.,44.0536051608026));
#4189=CARTESIAN_POINT('',(30.,0.,40.7986712759757));
#4190=CARTESIAN_POINT('Origin',(24.1615337116101,-2.,43.6024242323173));
#4191=CARTESIAN_POINT('',(24.1615337116101,-6.,43.6024242323173));
#4192=CARTESIAN_POINT('',(26.4864864864865,-2.,40.3474903474904));
#4193=CARTESIAN_POINT('Origin',(34.,-2.00000000000001,-40.7986712759757));
#4194=CARTESIAN_POINT('',(31.6750472251236,-2.,-44.0536051608026));
#4195=CARTESIAN_POINT('',(29.3500944502472,-6.,-47.3085390456296));
#4196=CARTESIAN_POINT('Origin',(29.3500944502472,-2.,-47.3085390456296));
#4197=CARTESIAN_POINT('',(30.,-2.,-40.7986712759757));
#4198=CARTESIAN_POINT('Origin',(34.,-2.,-40.7986712759757));
#4199=CARTESIAN_POINT('',(26.,-6.,-40.7986712759757));
#4200=CARTESIAN_POINT('Origin',(26.,-2.,-40.7986712759757));
#4201=CARTESIAN_POINT('Origin',(34.,-6.,-40.7986712759757));
#4202=CARTESIAN_POINT('Origin',(34.,0.,-40.7986712759757));
#4203=CARTESIAN_POINT('',(30.,0.,-40.7986712759757));
#4204=CARTESIAN_POINT('',(31.6750472251236,0.,-44.0536051608026));
#4205=CARTESIAN_POINT('Origin',(26.,-2.,-21.4285714285715));
#4206=CARTESIAN_POINT('',(26.,-6.,-21.4285714285715));
#4207=CARTESIAN_POINT('',(30.,-2.,-21.4285714285715));
#4208=CARTESIAN_POINT('Origin',(46.6615337116101,-2.,-59.6738528037459));
#4209=CARTESIAN_POINT('',(46.6615337116101,-6.,-59.6738528037459));
#4210=CARTESIAN_POINT('',(48.9864864864864,-2.,-56.4189189189189));
#4211=CARTESIAN_POINT('Origin',(74.9999999999999,-2.,-79.0000000000001));
#4212=CARTESIAN_POINT('',(74.9999999999999,-6.,-79.0000000000001));
#4213=CARTESIAN_POINT('',(74.9999999999999,-2.,-75.0000000000001));
#4214=CARTESIAN_POINT('Origin',(95.9999999999999,-2.,-62.5000000000001));
#4215=CARTESIAN_POINT('',(95.9999999999999,-6.,-125.));
#4216=CARTESIAN_POINT('',(99.9999999999999,-2.,-125.));
#4217=CARTESIAN_POINT('Origin',(95.9999999999999,-2.,-125.));
#4218=CARTESIAN_POINT('',(100.,-2.,-62.5000000000001));
#4219=CARTESIAN_POINT('',(95.9999999999999,-6.,-62.5000000000001));
#4220=CARTESIAN_POINT('Origin',(30.,0.,42.8571428571429));
#4221=CARTESIAN_POINT('Origin',(30.,0.,-42.8571428571429));
#4222=CARTESIAN_POINT('',(30.,10.5,11.5));
#4223=CARTESIAN_POINT('Origin',(30.,10.5,-8.88178419700125E-15));
#4224=CARTESIAN_POINT('Origin',(30.,10.5,-8.88178419700125E-15));
#4225=CARTESIAN_POINT('Origin',(75.,0.,-75.0000000000001));
#4226=CARTESIAN_POINT('Origin',(99.9999999999999,0.,-75.0000000000001));
#4227=CARTESIAN_POINT('Origin',(99.9999999999999,0.,-125.));
#4228=CARTESIAN_POINT('',(99.9999999999999,0.,-125.));
#4229=CARTESIAN_POINT('Origin',(70.,0.,-125.));
#4230=CARTESIAN_POINT('',(74.,-6.,-125.));
#4231=CARTESIAN_POINT('',(99.9999999999999,-6.,-125.));
#4232=CARTESIAN_POINT('',(70.,-2.,-125.));
#4233=CARTESIAN_POINT('Origin',(74.,-2.,-125.));
#4234=CARTESIAN_POINT('',(70.,0.,-125.));
#4235=CARTESIAN_POINT('',(93.5000000000091,11.25,-124.999999999988));
#4236=CARTESIAN_POINT('Origin',(92.0000000000091,11.25,-125.00000000004));
#4237=CARTESIAN_POINT('',(93.5000000000091,18.25,-124.999999999988));
#4238=CARTESIAN_POINT('Origin',(92.0000000000091,18.25,-125.00000000004));
#4239=CARTESIAN_POINT('',(79.5000000000091,11.25,-124.999999999963));
#4240=CARTESIAN_POINT('Origin',(78.0000000000091,11.25,-125.000000000015));
#4241=CARTESIAN_POINT('',(93.5000000000091,4.25,-124.999999999988));
#4242=CARTESIAN_POINT('Origin',(92.0000000000091,4.25,-125.00000000004));
#4243=CARTESIAN_POINT('',(79.5000000000091,18.25,-124.999999999963));
#4244=CARTESIAN_POINT('Origin',(78.0000000000091,18.25,-125.000000000015));
#4245=CARTESIAN_POINT('',(79.5000000000091,4.25,-124.999999999963));
#4246=CARTESIAN_POINT('Origin',(78.0000000000091,4.25,-125.000000000015));
#4247=CARTESIAN_POINT('Origin',(66.,-2.00000000000003,-112.058471581167));
#4248=CARTESIAN_POINT('',(68.3249527748764,-2.,-108.80353769634));
#4249=CARTESIAN_POINT('',(70.6499055497527,-6.,-105.548603811513));
#4250=CARTESIAN_POINT('Origin',(70.6499055497527,-2.,-105.548603811513));
#4251=CARTESIAN_POINT('',(70.,-2.,-112.058471581167));
#4252=CARTESIAN_POINT('Origin',(66.,-2.,-112.058471581167));
#4253=CARTESIAN_POINT('',(74.,-6.,-112.058471581167));
#4254=CARTESIAN_POINT('Origin',(74.,-2.,-112.058471581167));
#4255=CARTESIAN_POINT('Origin',(66.,-6.,-112.058471581167));
#4256=CARTESIAN_POINT('Origin',(66.,0.,-112.058471581167));
#4257=CARTESIAN_POINT('',(70.,0.,-112.058471581167));
#4258=CARTESIAN_POINT('',(68.3249527748764,0.,-108.80353769634));
#4259=CARTESIAN_POINT('Origin',(74.,-2.,-55.));
#4260=CARTESIAN_POINT('',(74.,-6.,-55.));
#4261=CARTESIAN_POINT('',(70.,-2.,-55.));
#4262=CARTESIAN_POINT('Origin',(66.,-2.,112.058471581167));
#4263=CARTESIAN_POINT('',(70.,-2.,112.058471581167));
#4264=CARTESIAN_POINT('',(74.,-6.,112.058471581167));
#4265=CARTESIAN_POINT('Origin',(74.,-2.,112.058471581167));
#4266=CARTESIAN_POINT('',(68.3249527748764,-2.,108.80353769634));
#4267=CARTESIAN_POINT('Origin',(66.,-2.,112.058471581167));
#4268=CARTESIAN_POINT('',(70.6499055497528,-6.,105.548603811513));
#4269=CARTESIAN_POINT('Origin',(70.6499055497528,-2.,105.548603811513));
#4270=CARTESIAN_POINT('Origin',(66.,-6.,112.058471581167));
#4271=CARTESIAN_POINT('Origin',(66.,0.,112.058471581167));
#4272=CARTESIAN_POINT('',(68.3249527748764,0.,108.80353769634));
#4273=CARTESIAN_POINT('',(70.,0.,112.058471581167));
#4274=CARTESIAN_POINT('Origin',(3.99999999999996,-2.,-57.9415284188328));
#4275=CARTESIAN_POINT('',(-3.44169137633799E-14,-2.,-57.9415284188328));
#4276=CARTESIAN_POINT('',(3.99999999999997,-6.,-57.9415284188328));
#4277=CARTESIAN_POINT('Origin',(3.99999999999997,-2.,-57.9415284188328));
#4278=CARTESIAN_POINT('',(1.67504722512358,-2.,-61.1964623036597));
#4279=CARTESIAN_POINT('Origin',(3.99999999999996,-2.,-57.9415284188328));
#4280=CARTESIAN_POINT('Origin',(3.99999999999996,-2.,-57.9415284188328));
#4281=CARTESIAN_POINT('Origin',(3.99999999999996,0.,-57.9415284188328));
#4282=CARTESIAN_POINT('',(1.67504722512358,0.,-61.1964623036597));
#4283=CARTESIAN_POINT('',(-3.44169137633799E-14,0.,-57.9415284188328));
#4284=CARTESIAN_POINT('Origin',(4.68981763974123,-2.,-58.4342553043623));
#4285=CARTESIAN_POINT('',(4.68981763974123,-6.,-58.4342553043623));
#4286=CARTESIAN_POINT('',(2.36486486486485,-2.,-61.6891891891892));
#4287=CARTESIAN_POINT('Origin',(4.00000000000004,-2.,57.9415284188328));
#4288=CARTESIAN_POINT('',(1.67504722512365,-2.,61.1964623036597));
#4289=CARTESIAN_POINT('',(4.00000000000003,-6.,57.9415284188328));
#4290=CARTESIAN_POINT('Origin',(4.00000000000003,-2.,57.9415284188328));
#4291=CARTESIAN_POINT('',(3.36170670763952E-14,-2.,57.9415284188328));
#4292=CARTESIAN_POINT('Origin',(4.00000000000004,-2.,57.9415284188328));
#4293=CARTESIAN_POINT('Origin',(4.00000000000003,-2.,57.9415284188328));
#4294=CARTESIAN_POINT('Origin',(4.00000000000004,0.,57.9415284188328));
#4295=CARTESIAN_POINT('',(3.38618022510673E-14,0.,57.9415284188328));
#4296=CARTESIAN_POINT('',(1.67504722512365,0.,61.1964623036597));
#4297=CARTESIAN_POINT('Origin',(4.00000000000002,-2.,30.));
#4298=CARTESIAN_POINT('',(4.00000000000002,-6.,30.));
#4299=CARTESIAN_POINT('',(1.72084568816899E-14,-2.,30.));
#4300=CARTESIAN_POINT('Origin',(39.6898176397412,-2.,83.4342553043622));
#4301=CARTESIAN_POINT('',(39.6898176397412,-6.,83.4342553043622));
#4302=CARTESIAN_POINT('',(37.3648648648648,-2.,86.6891891891892));
#4303=CARTESIAN_POINT('Origin',(74.,-2.,62.5));
#4304=CARTESIAN_POINT('',(74.,-6.,125.));
#4305=CARTESIAN_POINT('',(70.,-2.,125.));
#4306=CARTESIAN_POINT('Origin',(74.,-2.,125.));
#4307=CARTESIAN_POINT('',(70.,-2.,62.5));
#4308=CARTESIAN_POINT('',(74.,-6.,62.5));
#4309=CARTESIAN_POINT('Origin',(70.,0.,-110.));
#4310=CARTESIAN_POINT('Origin',(-2.66453525910038E-14,0.,-60.));
#4311=CARTESIAN_POINT('Origin',(3.52348875453336E-14,0.,60.));
#4312=CARTESIAN_POINT('',(-6.1412120003657E-11,10.5,11.500000000019));
#4313=CARTESIAN_POINT('Origin',(-7.59821113696179E-11,10.5,1.89949936089571E-11));
#4314=CARTESIAN_POINT('Origin',(-7.59821113696179E-11,10.5,1.89949936089571E-11));
#4315=CARTESIAN_POINT('Origin',(92.0000000000181,11.25,-119.999999999995));
#4316=CARTESIAN_POINT('',(93.5000000000181,11.25,-119.999999999997));
#4317=CARTESIAN_POINT('Origin',(92.0000000000181,18.25,-119.999999999995));
#4318=CARTESIAN_POINT('',(93.5000000000181,18.25,-119.999999999997));
#4319=CARTESIAN_POINT('Origin',(78.0000000000181,11.25,-119.999999999969));
#4320=CARTESIAN_POINT('',(79.5000000000181,11.25,-119.999999999972));
#4321=CARTESIAN_POINT('Origin',(92.0000000000181,4.25,-119.999999999995));
#4322=CARTESIAN_POINT('',(93.5000000000181,4.25,-119.999999999997));
#4323=CARTESIAN_POINT('Origin',(78.0000000000181,18.25,-119.999999999969));
#4324=CARTESIAN_POINT('',(79.5000000000181,18.25,-119.999999999972));
#4325=CARTESIAN_POINT('Origin',(78.0000000000181,4.25,-119.999999999969));
#4326=CARTESIAN_POINT('',(79.5000000000181,4.25,-119.999999999972));
#4327=CARTESIAN_POINT('Origin',(92.0000000000182,11.25,119.999999999995));
#4328=CARTESIAN_POINT('',(93.5000000000091,11.25,124.999999999988));
#4329=CARTESIAN_POINT('',(93.5000000000182,11.25,119.999999999997));
#4330=CARTESIAN_POINT('Origin',(92.0000000000091,11.25,124.999999999985));
#4331=CARTESIAN_POINT('Origin',(78.0000000000182,4.25,119.999999999969));
#4332=CARTESIAN_POINT('',(79.5000000000091,4.25,124.999999999963));
#4333=CARTESIAN_POINT('',(79.5000000000182,4.25,119.999999999972));
#4334=CARTESIAN_POINT('Origin',(78.0000000000091,4.25,124.99999999996));
#4335=CARTESIAN_POINT('Origin',(78.0000000000182,18.25,119.999999999969));
#4336=CARTESIAN_POINT('',(79.5000000000091,18.25,124.999999999963));
#4337=CARTESIAN_POINT('',(79.5000000000182,18.25,119.999999999972));
#4338=CARTESIAN_POINT('Origin',(78.0000000000091,18.25,124.99999999996));
#4339=CARTESIAN_POINT('Origin',(92.0000000000182,4.25,119.999999999995));
#4340=CARTESIAN_POINT('',(93.5000000000091,4.25,124.999999999988));
#4341=CARTESIAN_POINT('',(93.5000000000182,4.25,119.999999999997));
#4342=CARTESIAN_POINT('Origin',(92.0000000000091,4.25,124.999999999985));
#4343=CARTESIAN_POINT('Origin',(78.0000000000182,11.25,119.999999999969));
#4344=CARTESIAN_POINT('',(79.5000000000091,11.25,124.999999999963));
#4345=CARTESIAN_POINT('',(79.5000000000182,11.25,119.999999999972));
#4346=CARTESIAN_POINT('Origin',(78.0000000000091,11.25,124.99999999996));
#4347=CARTESIAN_POINT('Origin',(92.0000000000182,18.25,119.999999999995));
#4348=CARTESIAN_POINT('',(93.5000000000091,18.25,124.999999999988));
#4349=CARTESIAN_POINT('',(93.5000000000182,18.25,119.999999999997));
#4350=CARTESIAN_POINT('Origin',(92.0000000000091,18.25,124.999999999985));
#4351=CARTESIAN_POINT('Origin',(4.99999999999865,15.6995696904862,-16.75));
#4352=CARTESIAN_POINT('',(3.99999999999865,16.,-16.75));
#4353=CARTESIAN_POINT('Origin',(4.99999999999865,16.,-16.75));
#4354=CARTESIAN_POINT('',(4.99999999999865,15.3991393809724,-16.75));
#4355=CARTESIAN_POINT('',(4.49999999999865,15.6995696904862,-16.75));
#4356=CARTESIAN_POINT('Origin',(4.99999999999865,18.2,-16.75));
#4357=CARTESIAN_POINT('',(3.04999999999865,18.2,-16.75));
#4358=CARTESIAN_POINT('Origin',(4.99999999999865,18.2,-16.75));
#4359=CARTESIAN_POINT('',(3.99999999999865,18.2,-16.75));
#4360=CARTESIAN_POINT('Origin',(4.99999999999865,18.2,-16.75));
#4361=CARTESIAN_POINT('Origin',(4.99999999999865,20.1,-16.75));
#4362=CARTESIAN_POINT('',(3.04999999999865,20.1,-16.75));
#4363=CARTESIAN_POINT('Origin',(4.99999999999865,19.,-16.75));
#4364=CARTESIAN_POINT('',(3.99999999999865,19.,-16.75));
#4365=CARTESIAN_POINT('Origin',(25.0000000000013,15.6995696904862,-16.75));
#4366=CARTESIAN_POINT('',(24.0000000000013,16.,-16.75));
#4367=CARTESIAN_POINT('Origin',(25.0000000000013,16.,-16.75));
#4368=CARTESIAN_POINT('',(25.0000000000013,15.3991393809724,-16.75));
#4369=CARTESIAN_POINT('',(24.5000000000013,15.6995696904862,-16.75));
#4370=CARTESIAN_POINT('Origin',(25.0000000000013,18.2,-16.75));
#4371=CARTESIAN_POINT('',(23.0500000000013,18.2,-16.75));
#4372=CARTESIAN_POINT('Origin',(25.0000000000013,18.2,-16.75));
#4373=CARTESIAN_POINT('',(24.0000000000013,18.2,-16.75));
#4374=CARTESIAN_POINT('Origin',(25.0000000000013,18.2,-16.75));
#4375=CARTESIAN_POINT('Origin',(25.0000000000013,20.1,-16.75));
#4376=CARTESIAN_POINT('',(23.0500000000013,20.1,-16.75));
#4377=CARTESIAN_POINT('Origin',(25.0000000000013,19.,-16.75));
#4378=CARTESIAN_POINT('',(24.0000000000013,19.,-16.75));
#4379=CARTESIAN_POINT('Origin',(25.0000000000013,15.6995696904862,16.75));
#4380=CARTESIAN_POINT('',(24.0000000000013,16.,16.75));
#4381=CARTESIAN_POINT('Origin',(25.0000000000013,16.,16.75));
#4382=CARTESIAN_POINT('',(25.0000000000013,15.3991393809724,16.75));
#4383=CARTESIAN_POINT('',(24.5000000000013,15.6995696904862,16.75));
#4384=CARTESIAN_POINT('Origin',(25.0000000000013,18.2,16.75));
#4385=CARTESIAN_POINT('',(23.0500000000013,18.2,16.75));
#4386=CARTESIAN_POINT('Origin',(25.0000000000013,18.2,16.75));
#4387=CARTESIAN_POINT('',(24.0000000000013,18.2,16.75));
#4388=CARTESIAN_POINT('Origin',(25.0000000000013,18.2,16.75));
#4389=CARTESIAN_POINT('Origin',(25.0000000000013,20.1,16.75));
#4390=CARTESIAN_POINT('',(23.0500000000013,20.1,16.75));
#4391=CARTESIAN_POINT('Origin',(25.0000000000013,19.,16.75));
#4392=CARTESIAN_POINT('',(24.0000000000013,19.,16.75));
#4393=CARTESIAN_POINT('Origin',(4.99999999999867,15.6995696904862,16.75));
#4394=CARTESIAN_POINT('',(3.99999999999867,16.,16.75));
#4395=CARTESIAN_POINT('Origin',(4.99999999999867,16.,16.75));
#4396=CARTESIAN_POINT('',(4.99999999999867,15.3991393809724,16.75));
#4397=CARTESIAN_POINT('',(4.49999999999867,15.6995696904862,16.75));
#4398=CARTESIAN_POINT('Origin',(4.99999999999867,18.2,16.75));
#4399=CARTESIAN_POINT('',(3.04999999999867,18.2,16.75));
#4400=CARTESIAN_POINT('Origin',(4.99999999999867,18.2,16.75));
#4401=CARTESIAN_POINT('',(3.99999999999867,18.2,16.75));
#4402=CARTESIAN_POINT('Origin',(4.99999999999867,18.2,16.75));
#4403=CARTESIAN_POINT('Origin',(4.99999999999867,20.1,16.75));
#4404=CARTESIAN_POINT('',(3.04999999999867,20.1,16.75));
#4405=CARTESIAN_POINT('Origin',(4.99999999999867,19.,16.75));
#4406=CARTESIAN_POINT('',(3.99999999999867,19.,16.75));
#4407=CARTESIAN_POINT('Origin',(5.00000000003638,0.,57.4269105235222));
#4408=CARTESIAN_POINT('',(4.99999999999303,0.,-11.));
#4409=CARTESIAN_POINT('',(5.00000000000697,13.8541019662497,11.));
#4410=CARTESIAN_POINT('',(5.00000000000697,0.,11.));
#4411=CARTESIAN_POINT('Origin',(5.,10.5,-4.44089209850063E-15));
#4412=CARTESIAN_POINT('',(5.00000000003637,10.5,4.24999999999999));
#4413=CARTESIAN_POINT('Origin',(5.00000000003637,10.5,-3.63906435850121E-15));
#4414=CARTESIAN_POINT('Origin',(5.00000000003637,0.,-11.));
#4415=CARTESIAN_POINT('',(24.9999999999912,0.,-11.));
#4416=CARTESIAN_POINT('Origin',(24.9999999999636,0.,-45.4302323336206));
#4417=CARTESIAN_POINT('',(25.0000000000088,13.8541019662497,11.));
#4418=CARTESIAN_POINT('Origin',(24.9999999999636,10.5,-7.99360577729466E-15));
#4419=CARTESIAN_POINT('',(25.0000000000088,0.,11.));
#4420=CARTESIAN_POINT('Origin',(24.9999999999636,0.,-45.4302323336206));
#4421=CARTESIAN_POINT('Origin',(5.,10.5,1.58295598851055E-11));
#4422=CARTESIAN_POINT('',(30.,13.8541019662497,11.));
#4423=CARTESIAN_POINT('Origin',(24.9999999999636,0.,11.));
#4424=CARTESIAN_POINT('Origin',(-1.84297022087776E-12,10.5,1.89949936088632E-11));
#4425=CARTESIAN_POINT('',(-1.99999999998728,10.5,11.5000000000215));
#4426=CARTESIAN_POINT('Origin',(-2.00000000000184,10.5,2.15289051507694E-11));
#4427=CARTESIAN_POINT('',(1.27270211450831E-11,10.5,11.500000000019));
#4428=CARTESIAN_POINT('Origin',(-2.00000000000184,10.5,2.15289051507694E-11));
#4429=CARTESIAN_POINT('',(-2.00000000000723,10.5,4.24999999999999));
#4430=CARTESIAN_POINT('Origin',(-2.00000000000184,10.5,2.15289051507694E-11));
#4431=CARTESIAN_POINT('Origin',(30.,10.5,-8.88178419700125E-15));
#4432=CARTESIAN_POINT('',(30.,10.5,4.24999999999999));
#4433=CARTESIAN_POINT('Origin',(24.9999999999636,0.,-45.4302323336206));
#4434=CARTESIAN_POINT('Origin',(50.,0.,-3.5527136788005E-14));
#4435=CARTESIAN_POINT('Origin',(73.3976747329457,0.,80.0000000000364));
#4436=CARTESIAN_POINT('Origin',(24.9999999999636,0.,45.4302323336206));
#4437=CARTESIAN_POINT('Origin',(24.9999999999636,0.,-45.4302323336206));
#4438=CARTESIAN_POINT('Origin',(73.3976747329457,0.,-80.0000000000364));
#4439=CARTESIAN_POINT('Origin',(95.0000000000727,0.,-80.0000000000728));
#4440=CARTESIAN_POINT('Origin',(75.0000000000364,0.,-107.426910523522));
#4441=CARTESIAN_POINT('Origin',(5.00000000003637,0.,-57.4269105235222));
#4442=CARTESIAN_POINT('Origin',(70.,0.,110.));
#4443=CARTESIAN_POINT('Origin',(70.,0.,125.));
#4444=CARTESIAN_POINT('',(70.,0.,125.));
#4445=CARTESIAN_POINT('Origin',(100.,0.,125.));
#4446=CARTESIAN_POINT('',(100.,0.,125.));
#4447=CARTESIAN_POINT('',(70.,-6.,125.));
#4448=CARTESIAN_POINT('Origin',(100.,0.,75.));
#4449=CARTESIAN_POINT('Origin',(75.,0.,75.));
#4450=CARTESIAN_POINT('Origin',(50.,-6.,-3.5527136788005E-14));
#4451=CARTESIAN_POINT('Origin',(32.,10.5,-8.88178419700125E-15));
#4452=CARTESIAN_POINT('',(32.,10.5,11.5));
#4453=CARTESIAN_POINT('Origin',(32.,10.5,-8.88178419700125E-15));
#4454=CARTESIAN_POINT('',(32.,10.5,-4.25000000000001));
#4455=CARTESIAN_POINT('Origin',(32.,10.5,-8.88178419700125E-15));
#4456=CARTESIAN_POINT('Origin',(30.,10.5,-8.88178419700125E-15));
#4457=CARTESIAN_POINT('',(30.,10.5,11.5));
#4458=CARTESIAN_POINT('',(30.,10.5,11.5));
#4459=CARTESIAN_POINT('',(30.,10.5,-11.5));
#4460=CARTESIAN_POINT('Origin',(30.,10.5,-8.88178419700125E-15));
#4461=CARTESIAN_POINT('',(30.,22.,-8.88178419700125E-15));
#4462=CARTESIAN_POINT('Origin',(30.,10.5,-8.88178419700125E-15));
#4463=CARTESIAN_POINT('Origin',(30.,10.5,-8.88178419700125E-15));
#4464=CARTESIAN_POINT('Origin',(30.,10.5,-8.88178419700125E-15));
#4465=CARTESIAN_POINT('',(30.,10.5,-4.25000000000001));
#4466=CARTESIAN_POINT('',(30.,10.5,-4.25000000000001));
#4467=CARTESIAN_POINT('Origin',(30.,10.5,-8.88178419700125E-15));
#4468=CARTESIAN_POINT('Origin',(30.,10.5,-8.88178419700125E-15));
#4469=UNCERTAINTY_MEASURE_WITH_UNIT(LENGTH_MEASURE(0.01),#4473,
'DISTANCE_ACCURACY_VALUE',
'Maximum model space distance between geometric entities at asserted c
onnectivities');
#4470=UNCERTAINTY_MEASURE_WITH_UNIT(LENGTH_MEASURE(0.01),#4473,
'DISTANCE_ACCURACY_VALUE',
'Maximum model space distance between geometric entities at asserted c
onnectivities');
#4471=(
GEOMETRIC_REPRESENTATION_CONTEXT(3)
GLOBAL_UNCERTAINTY_ASSIGNED_CONTEXT((#4469))
GLOBAL_UNIT_ASSIGNED_CONTEXT((#4473,#4475,#4476))
REPRESENTATION_CONTEXT('','3D')
);
#4472=(
GEOMETRIC_REPRESENTATION_CONTEXT(3)
GLOBAL_UNCERTAINTY_ASSIGNED_CONTEXT((#4470))
GLOBAL_UNIT_ASSIGNED_CONTEXT((#4473,#4475,#4476))
REPRESENTATION_CONTEXT('','3D')
);
#4473=(
LENGTH_UNIT()
NAMED_UNIT(*)
SI_UNIT(.MILLI.,.METRE.)
);
#4474=(
LENGTH_UNIT()
NAMED_UNIT(*)
SI_UNIT(.CENTI.,.METRE.)
);
#4475=(
NAMED_UNIT(*)
PLANE_ANGLE_UNIT()
SI_UNIT($,.RADIAN.)
);
#4476=(
NAMED_UNIT(*)
SI_UNIT($,.STERADIAN.)
SOLID_ANGLE_UNIT()
);
#4477=SHAPE_DEFINITION_REPRESENTATION(#4478,#4479);
#4478=PRODUCT_DEFINITION_SHAPE('',$,#4481);
#4479=SHAPE_REPRESENTATION('',(#2577),#4471);
#4480=PRODUCT_DEFINITION_CONTEXT('part definition',#4485,'design');
#4481=PRODUCT_DEFINITION('handler_back','handler_back',#4482,#4480);
#4482=PRODUCT_DEFINITION_FORMATION('',$,#4487);
#4483=PRODUCT_RELATED_PRODUCT_CATEGORY('handler_back','handler_back',(#4487));
#4484=APPLICATION_PROTOCOL_DEFINITION('international standard',
'automotive_design',2009,#4485);
#4485=APPLICATION_CONTEXT(
'Core Data for Automotive Mechanical Design Process');
#4486=PRODUCT_CONTEXT('part definition',#4485,'mechanical');
#4487=PRODUCT('handler_back','handler_back',$,(#4486));
#4488=PRESENTATION_STYLE_ASSIGNMENT((#4489));
#4489=SURFACE_STYLE_USAGE(.BOTH.,#4492);
#4490=SURFACE_STYLE_RENDERING_WITH_PROPERTIES($,#4496,(#4491));
#4491=SURFACE_STYLE_TRANSPARENT(0.);
#4492=SURFACE_SIDE_STYLE('',(#4493,#4490));
#4493=SURFACE_STYLE_FILL_AREA(#4494);
#4494=FILL_AREA_STYLE('',(#4495));
#4495=FILL_AREA_STYLE_COLOUR('',#4496);
#4496=COLOUR_RGB('',0.749019607843137,0.749019607843137,0.749019607843137);
ENDSEC;
END-ISO-10303-21;
