ISO-10303-21;
HEADER;
/* Generated by software containing ST-Developer
 * from STEP Tools, Inc. (www.steptools.com) 
 */

FILE_DESCRIPTION(
/* description */ (''),
/* implementation_level */ '2;1');

FILE_NAME(
/* name */ 'nakladka_back.stp',
/* time_stamp */ '2026-04-21T00:14:19+02:00',
/* author */ ('ksawe'),
/* organization */ (''),
/* preprocessor_version */ 'ST-DEVELOPER v20',
/* originating_system */ 'Autodesk Inventor 2025',
/* authorisation */ '');

FILE_SCHEMA (('AUTOMOTIVE_DESIGN { 1 0 10303 214 3 1 1 }'));
ENDSEC;

DATA;
#10=MECHANICAL_DESIGN_GEOMETRIC_PRESENTATION_REPRESENTATION('',(#13),#2814);
#11=SHAPE_REPRESENTATION_RELATIONSHIP('SRR','None',#2821,#12);
#12=ADVANCED_BREP_SHAPE_REPRESENTATION('',(#14),#2813);
#13=STYLED_ITEM('',(#2830),#14);
#14=MANIFOLD_SOLID_BREP('Bry\X2\0142\X0\a2',#1539);
#15=SPHERICAL_SURFACE('',#1675,4.);
#16=SPHERICAL_SURFACE('',#1680,4.);
#17=ELLIPSE('',#1666,5.7401412005187,4.);
#18=ELLIPSE('',#1667,5.74014120051869,4.);
#19=ELLIPSE('',#1671,4.91561443831007,4.);
#20=ELLIPSE('',#1672,5.74014120051868,4.);
#21=ELLIPSE('',#1673,5.7401412005187,4.);
#22=ELLIPSE('',#1679,4.75106960896094,4.);
#23=ELLIPSE('',#1684,4.75106960896093,3.99999999999999);
#24=ELLIPSE('',#1685,4.75106960896094,4.);
#25=ELLIPSE('',#1687,6.97517463756211,4.);
#26=ELLIPSE('',#1688,4.75106960896094,4.);
#27=ELLIPSE('',#1690,6.97517463756212,4.);
#28=ELLIPSE('',#1691,9.83122887662015,8.);
#29=ELLIPSE('',#1692,9.83122887662015,8.);
#30=ELLIPSE('',#1695,4.91561443831008,4.);
#31=B_SPLINE_SURFACE_WITH_KNOTS('',3,3,((#2583,#2584,#2585,#2586,#2587),
(#2588,#2589,#2590,#2591,#2592),(#2593,#2594,#2595,#2596,#2597),(#2598,
#2599,#2600,#2601,#2602)),.UNSPECIFIED.,.F.,.F.,.F.,(4,4),(4,1,4),(0.,1.),
(-1.5707963267949,-1.00588943894369,-0.252680255142078),.UNSPECIFIED.);
#32=B_SPLINE_SURFACE_WITH_KNOTS('',3,3,((#2622,#2623,#2624,#2625,#2626),
(#2627,#2628,#2629,#2630,#2631),(#2632,#2633,#2634,#2635,#2636),(#2637,
#2638,#2639,#2640,#2641)),.UNSPECIFIED.,.F.,.F.,.F.,(4,4),(4,1,4),(0.,1.),
(-1.5707963267949,-1.00588943894369,-0.252680255142078),.UNSPECIFIED.);
#33=B_SPLINE_SURFACE_WITH_KNOTS('',3,3,((#2655,#2656,#2657,#2658,#2659),
(#2660,#2661,#2662,#2663,#2664),(#2665,#2666,#2667,#2668,#2669),(#2670,
#2671,#2672,#2673,#2674)),.UNSPECIFIED.,.F.,.F.,.F.,(4,4),(4,1,4),(0.,1.),
(-1.5707963267949,-1.00588943894369,-0.252680255142078),.UNSPECIFIED.);
#34=B_SPLINE_SURFACE_WITH_KNOTS('',3,3,((#2678,#2679,#2680,#2681,#2682),
(#2683,#2684,#2685,#2686,#2687),(#2688,#2689,#2690,#2691,#2692),(#2693,
#2694,#2695,#2696,#2697)),.UNSPECIFIED.,.F.,.F.,.F.,(4,4),(4,1,4),(0.,1.),
(-1.5707963267949,-1.00588943894369,-0.252680255142079),.UNSPECIFIED.);
#35=B_SPLINE_SURFACE_WITH_KNOTS('',3,3,((#2701,#2702,#2703,#2704,#2705,
#2706),(#2707,#2708,#2709,#2710,#2711,#2712),(#2713,#2714,#2715,#2716,#2717,
#2718),(#2719,#2720,#2721,#2722,#2723,#2724),(#2725,#2726,#2727,#2728,#2729,
#2730)),.UNSPECIFIED.,.F.,.F.,.F.,(4,1,4),(4,1,1,4),(0.,0.571428571428571,
1.),(-1.5707963267949,-0.951309828669112,-0.538318829918589,-0.125327831168065),
 .UNSPECIFIED.);
#36=B_SPLINE_SURFACE_WITH_KNOTS('',3,3,((#2732,#2733,#2734,#2735,#2736,
#2737),(#2738,#2739,#2740,#2741,#2742,#2743),(#2744,#2745,#2746,#2747,#2748,
#2749),(#2750,#2751,#2752,#2753,#2754,#2755),(#2756,#2757,#2758,#2759,#2760,
#2761)),.UNSPECIFIED.,.F.,.F.,.F.,(4,1,4),(4,1,1,4),(0.,0.571428571428571,
1.),(-1.5707963267949,-1.15780532804438,-0.744814329293851,-0.125327831168065),
 .UNSPECIFIED.);
#37=FACE_BOUND('',#182,.T.);
#38=FACE_BOUND('',#183,.T.);
#39=FACE_BOUND('',#184,.T.);
#40=FACE_BOUND('',#185,.T.);
#41=FACE_BOUND('',#186,.T.);
#42=FACE_BOUND('',#187,.T.);
#43=FACE_BOUND('',#188,.T.);
#44=FACE_BOUND('',#189,.T.);
#45=FACE_BOUND('',#190,.T.);
#46=FACE_BOUND('',#191,.T.);
#47=FACE_BOUND('',#192,.T.);
#48=FACE_BOUND('',#193,.T.);
#49=FACE_BOUND('',#197,.T.);
#50=FACE_BOUND('',#198,.T.);
#51=FACE_BOUND('',#199,.T.);
#52=FACE_BOUND('',#200,.T.);
#53=FACE_BOUND('',#201,.T.);
#54=FACE_BOUND('',#202,.T.);
#55=FACE_BOUND('',#203,.T.);
#56=FACE_BOUND('',#204,.T.);
#57=FACE_BOUND('',#205,.T.);
#58=FACE_BOUND('',#206,.T.);
#59=FACE_BOUND('',#207,.T.);
#60=FACE_BOUND('',#208,.T.);
#61=B_SPLINE_CURVE_WITH_KNOTS('',3,(#2182,#2183,#2184,#2185,#2186,#2187),
 .UNSPECIFIED.,.F.,.F.,(4,2,4),(0.,0.120412995093249,0.24086405668131),
 .UNSPECIFIED.);
#62=B_SPLINE_CURVE_WITH_KNOTS('',3,(#2191,#2192,#2193,#2194,#2195,#2196,
#2197,#2198),.UNSPECIFIED.,.F.,.F.,(4,2,2,4),(0.,0.161108101384634,0.277733195845789,
0.396574347524359),.UNSPECIFIED.);
#63=B_SPLINE_CURVE_WITH_KNOTS('',3,(#2202,#2203,#2204,#2205,#2206,#2207,
#2208,#2209),.UNSPECIFIED.,.F.,.F.,(4,2,2,4),(0.,0.0797674176472729,0.24130216905538,
0.396476491146624),.UNSPECIFIED.);
#64=B_SPLINE_CURVE_WITH_KNOTS('',3,(#2213,#2214,#2215,#2216,#2217,#2218),
 .UNSPECIFIED.,.F.,.F.,(4,2,4),(0.,0.120412995093255,0.240864056681324),
 .UNSPECIFIED.);
#65=B_SPLINE_CURVE_WITH_KNOTS('',3,(#2242,#2243,#2244,#2245,#2246,#2247,
#2248,#2249),.UNSPECIFIED.,.F.,.F.,(4,2,2,4),(0.,0.153512310194568,0.260445911380507,
0.369235946198922),.UNSPECIFIED.);
#66=B_SPLINE_CURVE_WITH_KNOTS('',3,(#2261,#2262,#2263,#2264,#2265,#2266,
#2267,#2268),.UNSPECIFIED.,.F.,.F.,(4,2,2,4),(0.,0.153512310194556,0.260445911380472,
0.369235946198855),.UNSPECIFIED.);
#67=B_SPLINE_CURVE_WITH_KNOTS('',3,(#2403,#2404,#2405,#2406,#2407,#2408,
#2409,#2410),.UNSPECIFIED.,.F.,.F.,(4,2,2,4),(0.,0.188798658266567,0.866562263099784,
0.868579364827429),.UNSPECIFIED.);
#68=B_SPLINE_CURVE_WITH_KNOTS('',3,(#2414,#2415,#2416,#2417,#2418,#2419,
#2420,#2421),.UNSPECIFIED.,.F.,.F.,(4,2,2,4),(-0.00249930144069585,0.,0.735592570459575,
1.02715695473006),.UNSPECIFIED.);
#69=B_SPLINE_CURVE_WITH_KNOTS('',3,(#2609,#2610,#2611,#2612,#2613,#2614,
#2615,#2616,#2617,#2618,#2619,#2620),.UNSPECIFIED.,.F.,.F.,(4,2,2,2,2,4),
(0.,0.0591951058173057,0.118390211634611,0.236780423269223,0.473560846538445,
0.473814826863348),.UNSPECIFIED.);
#70=B_SPLINE_CURVE_WITH_KNOTS('',3,(#2774,#2775,#2776,#2777,#2778,#2779,
#2780,#2781,#2782,#2783,#2784,#2785),.UNSPECIFIED.,.F.,.F.,(4,2,2,2,2,4),
(-0.47381482686333,-0.473560846538446,-0.236780423269224,-0.118390211634612,
-0.0591951058173059,0.),.UNSPECIFIED.);
#71=PLANE('',#1565);
#72=PLANE('',#1566);
#73=PLANE('',#1600);
#74=PLANE('',#1601);
#75=PLANE('',#1629);
#76=PLANE('',#1632);
#77=PLANE('',#1635);
#78=PLANE('',#1637);
#79=PLANE('',#1639);
#80=PLANE('',#1641);
#81=PLANE('',#1643);
#82=PLANE('',#1645);
#83=PLANE('',#1647);
#84=PLANE('',#1649);
#85=PLANE('',#1651);
#86=PLANE('',#1653);
#87=PLANE('',#1655);
#88=PLANE('',#1657);
#89=PLANE('',#1659);
#90=PLANE('',#1661);
#91=PLANE('',#1663);
#92=PLANE('',#1665);
#93=PLANE('',#1693);
#94=PLANE('',#1694);
#95=PLANE('',#1710);
#96=PLANE('',#1711);
#97=PLANE('',#1712);
#98=PLANE('',#1713);
#99=PLANE('',#1714);
#100=PLANE('',#1715);
#101=FACE_OUTER_BOUND('',#179,.T.);
#102=FACE_OUTER_BOUND('',#180,.T.);
#103=FACE_OUTER_BOUND('',#181,.T.);
#104=FACE_OUTER_BOUND('',#194,.T.);
#105=FACE_OUTER_BOUND('',#195,.T.);
#106=FACE_OUTER_BOUND('',#196,.T.);
#107=FACE_OUTER_BOUND('',#209,.T.);
#108=FACE_OUTER_BOUND('',#210,.T.);
#109=FACE_OUTER_BOUND('',#211,.T.);
#110=FACE_OUTER_BOUND('',#212,.T.);
#111=FACE_OUTER_BOUND('',#213,.T.);
#112=FACE_OUTER_BOUND('',#214,.T.);
#113=FACE_OUTER_BOUND('',#215,.T.);
#114=FACE_OUTER_BOUND('',#216,.T.);
#115=FACE_OUTER_BOUND('',#217,.T.);
#116=FACE_OUTER_BOUND('',#218,.T.);
#117=FACE_OUTER_BOUND('',#219,.T.);
#118=FACE_OUTER_BOUND('',#220,.T.);
#119=FACE_OUTER_BOUND('',#221,.T.);
#120=FACE_OUTER_BOUND('',#222,.T.);
#121=FACE_OUTER_BOUND('',#223,.T.);
#122=FACE_OUTER_BOUND('',#224,.T.);
#123=FACE_OUTER_BOUND('',#225,.T.);
#124=FACE_OUTER_BOUND('',#226,.T.);
#125=FACE_OUTER_BOUND('',#227,.T.);
#126=FACE_OUTER_BOUND('',#228,.T.);
#127=FACE_OUTER_BOUND('',#229,.T.);
#128=FACE_OUTER_BOUND('',#230,.T.);
#129=FACE_OUTER_BOUND('',#231,.T.);
#130=FACE_OUTER_BOUND('',#232,.T.);
#131=FACE_OUTER_BOUND('',#233,.T.);
#132=FACE_OUTER_BOUND('',#234,.T.);
#133=FACE_OUTER_BOUND('',#235,.T.);
#134=FACE_OUTER_BOUND('',#236,.T.);
#135=FACE_OUTER_BOUND('',#237,.T.);
#136=FACE_OUTER_BOUND('',#238,.T.);
#137=FACE_OUTER_BOUND('',#239,.T.);
#138=FACE_OUTER_BOUND('',#240,.T.);
#139=FACE_OUTER_BOUND('',#241,.T.);
#140=FACE_OUTER_BOUND('',#242,.T.);
#141=FACE_OUTER_BOUND('',#243,.T.);
#142=FACE_OUTER_BOUND('',#244,.T.);
#143=FACE_OUTER_BOUND('',#245,.T.);
#144=FACE_OUTER_BOUND('',#246,.T.);
#145=FACE_OUTER_BOUND('',#247,.T.);
#146=FACE_OUTER_BOUND('',#248,.T.);
#147=FACE_OUTER_BOUND('',#249,.T.);
#148=FACE_OUTER_BOUND('',#250,.T.);
#149=FACE_OUTER_BOUND('',#251,.T.);
#150=FACE_OUTER_BOUND('',#252,.T.);
#151=FACE_OUTER_BOUND('',#253,.T.);
#152=FACE_OUTER_BOUND('',#254,.T.);
#153=FACE_OUTER_BOUND('',#255,.T.);
#154=FACE_OUTER_BOUND('',#256,.T.);
#155=FACE_OUTER_BOUND('',#257,.T.);
#156=FACE_OUTER_BOUND('',#258,.T.);
#157=FACE_OUTER_BOUND('',#259,.T.);
#158=FACE_OUTER_BOUND('',#260,.T.);
#159=FACE_OUTER_BOUND('',#261,.T.);
#160=FACE_OUTER_BOUND('',#262,.T.);
#161=FACE_OUTER_BOUND('',#263,.T.);
#162=FACE_OUTER_BOUND('',#264,.T.);
#163=FACE_OUTER_BOUND('',#265,.T.);
#164=FACE_OUTER_BOUND('',#266,.T.);
#165=FACE_OUTER_BOUND('',#267,.T.);
#166=FACE_OUTER_BOUND('',#268,.T.);
#167=FACE_OUTER_BOUND('',#269,.T.);
#168=FACE_OUTER_BOUND('',#270,.T.);
#169=FACE_OUTER_BOUND('',#271,.T.);
#170=FACE_OUTER_BOUND('',#272,.T.);
#171=FACE_OUTER_BOUND('',#273,.T.);
#172=FACE_OUTER_BOUND('',#274,.T.);
#173=FACE_OUTER_BOUND('',#275,.T.);
#174=FACE_OUTER_BOUND('',#276,.T.);
#175=FACE_OUTER_BOUND('',#277,.T.);
#176=FACE_OUTER_BOUND('',#278,.T.);
#177=FACE_OUTER_BOUND('',#279,.T.);
#178=FACE_OUTER_BOUND('',#280,.T.);
#179=EDGE_LOOP('',(#977,#978,#979,#980));
#180=EDGE_LOOP('',(#981,#982,#983,#984));
#181=EDGE_LOOP('',(#985,#986,#987,#988,#989,#990,#991,#992,#993,#994,#995,
#996,#997,#998,#999,#1000,#1001,#1002,#1003,#1004,#1005,#1006,#1007,#1008,
#1009,#1010,#1011,#1012,#1013,#1014,#1015,#1016,#1017,#1018,#1019,#1020));
#182=EDGE_LOOP('',(#1021));
#183=EDGE_LOOP('',(#1022));
#184=EDGE_LOOP('',(#1023));
#185=EDGE_LOOP('',(#1024));
#186=EDGE_LOOP('',(#1025));
#187=EDGE_LOOP('',(#1026));
#188=EDGE_LOOP('',(#1027));
#189=EDGE_LOOP('',(#1028));
#190=EDGE_LOOP('',(#1029,#1030,#1031,#1032,#1033,#1034,#1035,#1036));
#191=EDGE_LOOP('',(#1037,#1038,#1039,#1040,#1041,#1042,#1043,#1044));
#192=EDGE_LOOP('',(#1045,#1046,#1047,#1048,#1049,#1050,#1051,#1052));
#193=EDGE_LOOP('',(#1053,#1054,#1055,#1056,#1057,#1058,#1059,#1060));
#194=EDGE_LOOP('',(#1061,#1062,#1063,#1064));
#195=EDGE_LOOP('',(#1065,#1066,#1067,#1068));
#196=EDGE_LOOP('',(#1069,#1070,#1071,#1072,#1073,#1074,#1075,#1076,#1077,
#1078,#1079,#1080,#1081,#1082,#1083,#1084,#1085,#1086,#1087,#1088,#1089,
#1090,#1091,#1092,#1093,#1094,#1095,#1096));
#197=EDGE_LOOP('',(#1097,#1098,#1099,#1100,#1101,#1102,#1103,#1104));
#198=EDGE_LOOP('',(#1105,#1106,#1107,#1108,#1109,#1110,#1111,#1112));
#199=EDGE_LOOP('',(#1113,#1114,#1115,#1116,#1117,#1118,#1119,#1120));
#200=EDGE_LOOP('',(#1121,#1122,#1123,#1124,#1125,#1126,#1127,#1128));
#201=EDGE_LOOP('',(#1129));
#202=EDGE_LOOP('',(#1130));
#203=EDGE_LOOP('',(#1131));
#204=EDGE_LOOP('',(#1132));
#205=EDGE_LOOP('',(#1133));
#206=EDGE_LOOP('',(#1134));
#207=EDGE_LOOP('',(#1135));
#208=EDGE_LOOP('',(#1136));
#209=EDGE_LOOP('',(#1137,#1138,#1139,#1140));
#210=EDGE_LOOP('',(#1141,#1142,#1143,#1144));
#211=EDGE_LOOP('',(#1145,#1146,#1147,#1148));
#212=EDGE_LOOP('',(#1149,#1150,#1151,#1152));
#213=EDGE_LOOP('',(#1153,#1154,#1155,#1156));
#214=EDGE_LOOP('',(#1157,#1158,#1159,#1160));
#215=EDGE_LOOP('',(#1161,#1162,#1163,#1164));
#216=EDGE_LOOP('',(#1165,#1166,#1167,#1168));
#217=EDGE_LOOP('',(#1169,#1170,#1171,#1172));
#218=EDGE_LOOP('',(#1173,#1174,#1175,#1176));
#219=EDGE_LOOP('',(#1177,#1178,#1179,#1180));
#220=EDGE_LOOP('',(#1181,#1182,#1183,#1184));
#221=EDGE_LOOP('',(#1185,#1186,#1187,#1188));
#222=EDGE_LOOP('',(#1189,#1190,#1191,#1192));
#223=EDGE_LOOP('',(#1193,#1194,#1195,#1196));
#224=EDGE_LOOP('',(#1197,#1198,#1199,#1200));
#225=EDGE_LOOP('',(#1201,#1202,#1203,#1204));
#226=EDGE_LOOP('',(#1205,#1206,#1207,#1208));
#227=EDGE_LOOP('',(#1209,#1210,#1211,#1212));
#228=EDGE_LOOP('',(#1213,#1214,#1215,#1216));
#229=EDGE_LOOP('',(#1217,#1218,#1219,#1220));
#230=EDGE_LOOP('',(#1221,#1222,#1223,#1224));
#231=EDGE_LOOP('',(#1225,#1226,#1227,#1228));
#232=EDGE_LOOP('',(#1229,#1230,#1231,#1232));
#233=EDGE_LOOP('',(#1233,#1234,#1235,#1236));
#234=EDGE_LOOP('',(#1237,#1238,#1239,#1240));
#235=EDGE_LOOP('',(#1241,#1242,#1243,#1244));
#236=EDGE_LOOP('',(#1245,#1246,#1247,#1248));
#237=EDGE_LOOP('',(#1249,#1250,#1251,#1252));
#238=EDGE_LOOP('',(#1253,#1254,#1255,#1256));
#239=EDGE_LOOP('',(#1257,#1258,#1259,#1260));
#240=EDGE_LOOP('',(#1261,#1262,#1263,#1264));
#241=EDGE_LOOP('',(#1265,#1266,#1267,#1268));
#242=EDGE_LOOP('',(#1269,#1270,#1271,#1272));
#243=EDGE_LOOP('',(#1273,#1274,#1275,#1276));
#244=EDGE_LOOP('',(#1277,#1278,#1279,#1280));
#245=EDGE_LOOP('',(#1281,#1282,#1283));
#246=EDGE_LOOP('',(#1284,#1285,#1286,#1287));
#247=EDGE_LOOP('',(#1288,#1289,#1290,#1291,#1292));
#248=EDGE_LOOP('',(#1293,#1294,#1295));
#249=EDGE_LOOP('',(#1296,#1297,#1298,#1299));
#250=EDGE_LOOP('',(#1300,#1301,#1302));
#251=EDGE_LOOP('',(#1303,#1304,#1305,#1306));
#252=EDGE_LOOP('',(#1307,#1308,#1309));
#253=EDGE_LOOP('',(#1310,#1311,#1312,#1313));
#254=EDGE_LOOP('',(#1314,#1315,#1316));
#255=EDGE_LOOP('',(#1317,#1318,#1319,#1320));
#256=EDGE_LOOP('',(#1321,#1322,#1323));
#257=EDGE_LOOP('',(#1324,#1325,#1326,#1327));
#258=EDGE_LOOP('',(#1328,#1329,#1330,#1331));
#259=EDGE_LOOP('',(#1332,#1333,#1334,#1335));
#260=EDGE_LOOP('',(#1336,#1337,#1338,#1339));
#261=EDGE_LOOP('',(#1340,#1341,#1342,#1343,#1344,#1345));
#262=EDGE_LOOP('',(#1346,#1347,#1348));
#263=EDGE_LOOP('',(#1349,#1350,#1351,#1352));
#264=EDGE_LOOP('',(#1353,#1354,#1355,#1356));
#265=EDGE_LOOP('',(#1357,#1358,#1359,#1360,#1361));
#266=EDGE_LOOP('',(#1362,#1363,#1364));
#267=EDGE_LOOP('',(#1365,#1366,#1367,#1368));
#268=EDGE_LOOP('',(#1369,#1370,#1371,#1372));
#269=EDGE_LOOP('',(#1373,#1374,#1375,#1376));
#270=EDGE_LOOP('',(#1377,#1378,#1379,#1380));
#271=EDGE_LOOP('',(#1381,#1382,#1383,#1384));
#272=EDGE_LOOP('',(#1385,#1386,#1387,#1388));
#273=EDGE_LOOP('',(#1389,#1390,#1391,#1392));
#274=EDGE_LOOP('',(#1393,#1394,#1395,#1396));
#275=EDGE_LOOP('',(#1397,#1398,#1399,#1400));
#276=EDGE_LOOP('',(#1401,#1402,#1403,#1404));
#277=EDGE_LOOP('',(#1405,#1406,#1407,#1408));
#278=EDGE_LOOP('',(#1409,#1410,#1411,#1412));
#279=EDGE_LOOP('',(#1413,#1414,#1415,#1416));
#280=EDGE_LOOP('',(#1417,#1418,#1419,#1420));
#281=LINE('',#2162,#411);
#282=LINE('',#2165,#412);
#283=LINE('',#2168,#413);
#284=LINE('',#2170,#414);
#285=LINE('',#2171,#415);
#286=LINE('',#2174,#416);
#287=LINE('',#2176,#417);
#288=LINE('',#2180,#418);
#289=LINE('',#2189,#419);
#290=LINE('',#2200,#420);
#291=LINE('',#2211,#421);
#292=LINE('',#2220,#422);
#293=LINE('',#2224,#423);
#294=LINE('',#2226,#424);
#295=LINE('',#2230,#425);
#296=LINE('',#2232,#426);
#297=LINE('',#2234,#427);
#298=LINE('',#2238,#428);
#299=LINE('',#2240,#429);
#300=LINE('',#2251,#430);
#301=LINE('',#2255,#431);
#302=LINE('',#2259,#432);
#303=LINE('',#2270,#433);
#304=LINE('',#2272,#434);
#305=LINE('',#2276,#435);
#306=LINE('',#2277,#436);
#307=LINE('',#2298,#437);
#308=LINE('',#2302,#438);
#309=LINE('',#2306,#439);
#310=LINE('',#2309,#440);
#311=LINE('',#2314,#441);
#312=LINE('',#2318,#442);
#313=LINE('',#2322,#443);
#314=LINE('',#2325,#444);
#315=LINE('',#2330,#445);
#316=LINE('',#2334,#446);
#317=LINE('',#2338,#447);
#318=LINE('',#2341,#448);
#319=LINE('',#2346,#449);
#320=LINE('',#2350,#450);
#321=LINE('',#2354,#451);
#322=LINE('',#2357,#452);
#323=LINE('',#2362,#453);
#324=LINE('',#2363,#454);
#325=LINE('',#2366,#455);
#326=LINE('',#2367,#456);
#327=LINE('',#2369,#457);
#328=LINE('',#2371,#458);
#329=LINE('',#2373,#459);
#330=LINE('',#2375,#460);
#331=LINE('',#2377,#461);
#332=LINE('',#2379,#462);
#333=LINE('',#2381,#463);
#334=LINE('',#2383,#464);
#335=LINE('',#2387,#465);
#336=LINE('',#2389,#466);
#337=LINE('',#2391,#467);
#338=LINE('',#2395,#468);
#339=LINE('',#2397,#469);
#340=LINE('',#2399,#470);
#341=LINE('',#2401,#471);
#342=LINE('',#2412,#472);
#343=LINE('',#2423,#473);
#344=LINE('',#2425,#474);
#345=LINE('',#2427,#475);
#346=LINE('',#2428,#476);
#347=LINE('',#2431,#477);
#348=LINE('',#2435,#478);
#349=LINE('',#2439,#479);
#350=LINE('',#2443,#480);
#351=LINE('',#2447,#481);
#352=LINE('',#2451,#482);
#353=LINE('',#2455,#483);
#354=LINE('',#2459,#484);
#355=LINE('',#2463,#485);
#356=LINE('',#2467,#486);
#357=LINE('',#2471,#487);
#358=LINE('',#2475,#488);
#359=LINE('',#2479,#489);
#360=LINE('',#2483,#490);
#361=LINE('',#2487,#491);
#362=LINE('',#2491,#492);
#363=LINE('',#2510,#493);
#364=LINE('',#2511,#494);
#365=LINE('',#2515,#495);
#366=LINE('',#2516,#496);
#367=LINE('',#2520,#497);
#368=LINE('',#2521,#498);
#369=LINE('',#2523,#499);
#370=LINE('',#2525,#500);
#371=LINE('',#2527,#501);
#372=LINE('',#2529,#502);
#373=LINE('',#2530,#503);
#374=LINE('',#2533,#504);
#375=LINE('',#2536,#505);
#376=LINE('',#2537,#506);
#377=LINE('',#2539,#507);
#378=LINE('',#2541,#508);
#379=LINE('',#2543,#509);
#380=LINE('',#2545,#510);
#381=LINE('',#2547,#511);
#382=LINE('',#2549,#512);
#383=LINE('',#2552,#513);
#384=LINE('',#2553,#514);
#385=LINE('',#2555,#515);
#386=LINE('',#2557,#516);
#387=LINE('',#2558,#517);
#388=LINE('',#2561,#518);
#389=LINE('',#2562,#519);
#390=LINE('',#2565,#520);
#391=LINE('',#2568,#521);
#392=LINE('',#2569,#522);
#393=LINE('',#2571,#523);
#394=LINE('',#2573,#524);
#395=LINE('',#2574,#525);
#396=LINE('',#2577,#526);
#397=LINE('',#2578,#527);
#398=LINE('',#2581,#528);
#399=LINE('',#2765,#529);
#400=LINE('',#2767,#530);
#401=LINE('',#2788,#531);
#402=LINE('',#2790,#532);
#403=LINE('',#2792,#533);
#404=LINE('',#2794,#534);
#405=LINE('',#2796,#535);
#406=LINE('',#2798,#536);
#407=LINE('',#2800,#537);
#408=LINE('',#2802,#538);
#409=LINE('',#2804,#539);
#410=LINE('',#2806,#540);
#411=VECTOR('',#1722,10.);
#412=VECTOR('',#1725,10.);
#413=VECTOR('',#1728,10.);
#414=VECTOR('',#1729,10.);
#415=VECTOR('',#1730,10.);
#416=VECTOR('',#1733,10.);
#417=VECTOR('',#1734,10.);
#418=VECTOR('',#1737,10.);
#419=VECTOR('',#1738,10.);
#420=VECTOR('',#1739,10.);
#421=VECTOR('',#1740,10.);
#422=VECTOR('',#1741,10.);
#423=VECTOR('',#1744,10.);
#424=VECTOR('',#1745,10.);
#425=VECTOR('',#1748,10.);
#426=VECTOR('',#1749,10.);
#427=VECTOR('',#1750,10.);
#428=VECTOR('',#1753,10.);
#429=VECTOR('',#1754,10.);
#430=VECTOR('',#1755,10.);
#431=VECTOR('',#1758,10.);
#432=VECTOR('',#1761,10.);
#433=VECTOR('',#1762,10.);
#434=VECTOR('',#1763,10.);
#435=VECTOR('',#1766,10.);
#436=VECTOR('',#1767,10.);
#437=VECTOR('',#1786,10.);
#438=VECTOR('',#1789,10.);
#439=VECTOR('',#1792,10.);
#440=VECTOR('',#1795,10.);
#441=VECTOR('',#1798,10.);
#442=VECTOR('',#1801,10.);
#443=VECTOR('',#1804,10.);
#444=VECTOR('',#1807,10.);
#445=VECTOR('',#1810,10.);
#446=VECTOR('',#1813,10.);
#447=VECTOR('',#1816,10.);
#448=VECTOR('',#1819,10.);
#449=VECTOR('',#1822,10.);
#450=VECTOR('',#1825,10.);
#451=VECTOR('',#1828,10.);
#452=VECTOR('',#1831,10.);
#453=VECTOR('',#1836,10.);
#454=VECTOR('',#1837,10.);
#455=VECTOR('',#1840,10.);
#456=VECTOR('',#1841,10.);
#457=VECTOR('',#1844,10.);
#458=VECTOR('',#1845,10.);
#459=VECTOR('',#1846,10.);
#460=VECTOR('',#1847,4.);
#461=VECTOR('',#1848,10.);
#462=VECTOR('',#1849,4.);
#463=VECTOR('',#1850,10.);
#464=VECTOR('',#1851,10.);
#465=VECTOR('',#1854,10.);
#466=VECTOR('',#1855,10.);
#467=VECTOR('',#1856,10.);
#468=VECTOR('',#1859,10.);
#469=VECTOR('',#1860,4.);
#470=VECTOR('',#1861,4.);
#471=VECTOR('',#1862,4.);
#472=VECTOR('',#1863,10.);
#473=VECTOR('',#1864,4.);
#474=VECTOR('',#1865,4.);
#475=VECTOR('',#1866,4.);
#476=VECTOR('',#1867,10.);
#477=VECTOR('',#1868,10.);
#478=VECTOR('',#1871,10.);
#479=VECTOR('',#1874,10.);
#480=VECTOR('',#1877,10.);
#481=VECTOR('',#1880,10.);
#482=VECTOR('',#1883,10.);
#483=VECTOR('',#1886,10.);
#484=VECTOR('',#1889,10.);
#485=VECTOR('',#1892,10.);
#486=VECTOR('',#1895,10.);
#487=VECTOR('',#1898,10.);
#488=VECTOR('',#1901,10.);
#489=VECTOR('',#1904,10.);
#490=VECTOR('',#1907,10.);
#491=VECTOR('',#1910,10.);
#492=VECTOR('',#1913,10.);
#493=VECTOR('',#1934,10.);
#494=VECTOR('',#1935,10.);
#495=VECTOR('',#1942,10.);
#496=VECTOR('',#1943,10.);
#497=VECTOR('',#1950,10.);
#498=VECTOR('',#1951,10.);
#499=VECTOR('',#1954,10.);
#500=VECTOR('',#1957,10.);
#501=VECTOR('',#1960,10.);
#502=VECTOR('',#1963,10.);
#503=VECTOR('',#1964,10.);
#504=VECTOR('',#1969,10.);
#505=VECTOR('',#1974,10.);
#506=VECTOR('',#1975,10.);
#507=VECTOR('',#1978,10.);
#508=VECTOR('',#1981,10.);
#509=VECTOR('',#1984,10.);
#510=VECTOR('',#1987,10.);
#511=VECTOR('',#1990,10.);
#512=VECTOR('',#1993,10.);
#513=VECTOR('',#1998,10.);
#514=VECTOR('',#1999,10.);
#515=VECTOR('',#2002,10.);
#516=VECTOR('',#2005,10.);
#517=VECTOR('',#2006,10.);
#518=VECTOR('',#2011,10.);
#519=VECTOR('',#2012,10.);
#520=VECTOR('',#2017,10.);
#521=VECTOR('',#2022,10.);
#522=VECTOR('',#2023,10.);
#523=VECTOR('',#2026,10.);
#524=VECTOR('',#2029,10.);
#525=VECTOR('',#2030,10.);
#526=VECTOR('',#2035,10.);
#527=VECTOR('',#2036,10.);
#528=VECTOR('',#2041,10.);
#529=VECTOR('',#2102,10.);
#530=VECTOR('',#2103,10.);
#531=VECTOR('',#2120,1.5);
#532=VECTOR('',#2123,1.5);
#533=VECTOR('',#2126,1.5);
#534=VECTOR('',#2129,1.5);
#535=VECTOR('',#2132,1.5);
#536=VECTOR('',#2135,1.5);
#537=VECTOR('',#2138,1.5);
#538=VECTOR('',#2141,1.5);
#539=VECTOR('',#2144,10.);
#540=VECTOR('',#2147,10.);
#541=CIRCLE('',#1563,3.);
#542=CIRCLE('',#1564,3.);
#543=CIRCLE('',#1567,3.87298334620742);
#544=CIRCLE('',#1568,3.87298334620742);
#545=CIRCLE('',#1569,3.);
#546=CIRCLE('',#1570,3.);
#547=CIRCLE('',#1571,4.);
#548=CIRCLE('',#1572,4.);
#549=CIRCLE('',#1573,3.);
#550=CIRCLE('',#1574,1.5);
#551=CIRCLE('',#1575,1.5);
#552=CIRCLE('',#1576,1.5);
#553=CIRCLE('',#1577,1.5);
#554=CIRCLE('',#1578,1.5);
#555=CIRCLE('',#1579,1.5);
#556=CIRCLE('',#1580,1.5);
#557=CIRCLE('',#1581,1.5);
#558=CIRCLE('',#1582,4.);
#559=CIRCLE('',#1583,4.);
#560=CIRCLE('',#1584,4.);
#561=CIRCLE('',#1585,4.);
#562=CIRCLE('',#1586,4.);
#563=CIRCLE('',#1587,4.);
#564=CIRCLE('',#1588,4.);
#565=CIRCLE('',#1589,4.);
#566=CIRCLE('',#1590,4.);
#567=CIRCLE('',#1591,4.);
#568=CIRCLE('',#1592,4.);
#569=CIRCLE('',#1593,4.);
#570=CIRCLE('',#1594,4.);
#571=CIRCLE('',#1595,4.);
#572=CIRCLE('',#1596,4.);
#573=CIRCLE('',#1597,4.);
#574=CIRCLE('',#1599,3.);
#575=CIRCLE('',#1602,3.);
#576=CIRCLE('',#1603,3.);
#577=CIRCLE('',#1604,4.);
#578=CIRCLE('',#1605,4.);
#579=CIRCLE('',#1606,4.);
#580=CIRCLE('',#1607,4.);
#581=CIRCLE('',#1608,4.);
#582=CIRCLE('',#1609,4.);
#583=CIRCLE('',#1610,4.);
#584=CIRCLE('',#1611,4.);
#585=CIRCLE('',#1612,4.);
#586=CIRCLE('',#1613,4.);
#587=CIRCLE('',#1614,4.);
#588=CIRCLE('',#1615,4.);
#589=CIRCLE('',#1616,4.);
#590=CIRCLE('',#1617,4.);
#591=CIRCLE('',#1618,4.);
#592=CIRCLE('',#1619,4.);
#593=CIRCLE('',#1620,1.5);
#594=CIRCLE('',#1621,1.5);
#595=CIRCLE('',#1622,1.5);
#596=CIRCLE('',#1623,1.5);
#597=CIRCLE('',#1624,1.5);
#598=CIRCLE('',#1625,1.5);
#599=CIRCLE('',#1626,1.5);
#600=CIRCLE('',#1627,1.5);
#601=CIRCLE('',#1630,4.);
#602=CIRCLE('',#1633,4.);
#603=CIRCLE('',#1669,4.);
#604=CIRCLE('',#1676,4.);
#605=CIRCLE('',#1677,4.);
#606=CIRCLE('',#1681,4.);
#607=CIRCLE('',#1682,4.);
#608=CIRCLE('',#1698,4.);
#609=VERTEX_POINT('',#2158);
#610=VERTEX_POINT('',#2159);
#611=VERTEX_POINT('',#2161);
#612=VERTEX_POINT('',#2163);
#613=VERTEX_POINT('',#2167);
#614=VERTEX_POINT('',#2169);
#615=VERTEX_POINT('',#2173);
#616=VERTEX_POINT('',#2175);
#617=VERTEX_POINT('',#2177);
#618=VERTEX_POINT('',#2179);
#619=VERTEX_POINT('',#2181);
#620=VERTEX_POINT('',#2188);
#621=VERTEX_POINT('',#2190);
#622=VERTEX_POINT('',#2199);
#623=VERTEX_POINT('',#2201);
#624=VERTEX_POINT('',#2210);
#625=VERTEX_POINT('',#2212);
#626=VERTEX_POINT('',#2219);
#627=VERTEX_POINT('',#2221);
#628=VERTEX_POINT('',#2223);
#629=VERTEX_POINT('',#2225);
#630=VERTEX_POINT('',#2227);
#631=VERTEX_POINT('',#2229);
#632=VERTEX_POINT('',#2231);
#633=VERTEX_POINT('',#2233);
#634=VERTEX_POINT('',#2235);
#635=VERTEX_POINT('',#2237);
#636=VERTEX_POINT('',#2239);
#637=VERTEX_POINT('',#2241);
#638=VERTEX_POINT('',#2250);
#639=VERTEX_POINT('',#2252);
#640=VERTEX_POINT('',#2254);
#641=VERTEX_POINT('',#2256);
#642=VERTEX_POINT('',#2258);
#643=VERTEX_POINT('',#2260);
#644=VERTEX_POINT('',#2269);
#645=VERTEX_POINT('',#2271);
#646=VERTEX_POINT('',#2273);
#647=VERTEX_POINT('',#2275);
#648=VERTEX_POINT('',#2278);
#649=VERTEX_POINT('',#2280);
#650=VERTEX_POINT('',#2282);
#651=VERTEX_POINT('',#2284);
#652=VERTEX_POINT('',#2286);
#653=VERTEX_POINT('',#2288);
#654=VERTEX_POINT('',#2290);
#655=VERTEX_POINT('',#2292);
#656=VERTEX_POINT('',#2294);
#657=VERTEX_POINT('',#2295);
#658=VERTEX_POINT('',#2297);
#659=VERTEX_POINT('',#2299);
#660=VERTEX_POINT('',#2301);
#661=VERTEX_POINT('',#2303);
#662=VERTEX_POINT('',#2305);
#663=VERTEX_POINT('',#2307);
#664=VERTEX_POINT('',#2310);
#665=VERTEX_POINT('',#2311);
#666=VERTEX_POINT('',#2313);
#667=VERTEX_POINT('',#2315);
#668=VERTEX_POINT('',#2317);
#669=VERTEX_POINT('',#2319);
#670=VERTEX_POINT('',#2321);
#671=VERTEX_POINT('',#2323);
#672=VERTEX_POINT('',#2326);
#673=VERTEX_POINT('',#2327);
#674=VERTEX_POINT('',#2329);
#675=VERTEX_POINT('',#2331);
#676=VERTEX_POINT('',#2333);
#677=VERTEX_POINT('',#2335);
#678=VERTEX_POINT('',#2337);
#679=VERTEX_POINT('',#2339);
#680=VERTEX_POINT('',#2342);
#681=VERTEX_POINT('',#2343);
#682=VERTEX_POINT('',#2345);
#683=VERTEX_POINT('',#2347);
#684=VERTEX_POINT('',#2349);
#685=VERTEX_POINT('',#2351);
#686=VERTEX_POINT('',#2353);
#687=VERTEX_POINT('',#2355);
#688=VERTEX_POINT('',#2359);
#689=VERTEX_POINT('',#2360);
#690=VERTEX_POINT('',#2365);
#691=VERTEX_POINT('',#2370);
#692=VERTEX_POINT('',#2372);
#693=VERTEX_POINT('',#2374);
#694=VERTEX_POINT('',#2376);
#695=VERTEX_POINT('',#2378);
#696=VERTEX_POINT('',#2380);
#697=VERTEX_POINT('',#2382);
#698=VERTEX_POINT('',#2384);
#699=VERTEX_POINT('',#2386);
#700=VERTEX_POINT('',#2388);
#701=VERTEX_POINT('',#2390);
#702=VERTEX_POINT('',#2392);
#703=VERTEX_POINT('',#2394);
#704=VERTEX_POINT('',#2396);
#705=VERTEX_POINT('',#2398);
#706=VERTEX_POINT('',#2400);
#707=VERTEX_POINT('',#2402);
#708=VERTEX_POINT('',#2411);
#709=VERTEX_POINT('',#2413);
#710=VERTEX_POINT('',#2422);
#711=VERTEX_POINT('',#2424);
#712=VERTEX_POINT('',#2426);
#713=VERTEX_POINT('',#2429);
#714=VERTEX_POINT('',#2430);
#715=VERTEX_POINT('',#2432);
#716=VERTEX_POINT('',#2434);
#717=VERTEX_POINT('',#2436);
#718=VERTEX_POINT('',#2438);
#719=VERTEX_POINT('',#2440);
#720=VERTEX_POINT('',#2442);
#721=VERTEX_POINT('',#2445);
#722=VERTEX_POINT('',#2446);
#723=VERTEX_POINT('',#2448);
#724=VERTEX_POINT('',#2450);
#725=VERTEX_POINT('',#2452);
#726=VERTEX_POINT('',#2454);
#727=VERTEX_POINT('',#2456);
#728=VERTEX_POINT('',#2458);
#729=VERTEX_POINT('',#2461);
#730=VERTEX_POINT('',#2462);
#731=VERTEX_POINT('',#2464);
#732=VERTEX_POINT('',#2466);
#733=VERTEX_POINT('',#2468);
#734=VERTEX_POINT('',#2470);
#735=VERTEX_POINT('',#2472);
#736=VERTEX_POINT('',#2474);
#737=VERTEX_POINT('',#2477);
#738=VERTEX_POINT('',#2478);
#739=VERTEX_POINT('',#2480);
#740=VERTEX_POINT('',#2482);
#741=VERTEX_POINT('',#2484);
#742=VERTEX_POINT('',#2486);
#743=VERTEX_POINT('',#2488);
#744=VERTEX_POINT('',#2490);
#745=VERTEX_POINT('',#2493);
#746=VERTEX_POINT('',#2495);
#747=VERTEX_POINT('',#2497);
#748=VERTEX_POINT('',#2499);
#749=VERTEX_POINT('',#2501);
#750=VERTEX_POINT('',#2503);
#751=VERTEX_POINT('',#2505);
#752=VERTEX_POINT('',#2507);
#753=VERTEX_POINT('',#2608);
#754=VERTEX_POINT('',#2766);
#755=EDGE_CURVE('',#609,#610,#541,.T.);
#756=EDGE_CURVE('',#610,#611,#281,.T.);
#757=EDGE_CURVE('',#611,#612,#542,.T.);
#758=EDGE_CURVE('',#612,#609,#282,.T.);
#759=EDGE_CURVE('',#612,#613,#283,.T.);
#760=EDGE_CURVE('',#613,#614,#284,.T.);
#761=EDGE_CURVE('',#609,#614,#285,.T.);
#762=EDGE_CURVE('',#615,#611,#286,.T.);
#763=EDGE_CURVE('',#616,#615,#287,.T.);
#764=EDGE_CURVE('',#617,#616,#543,.T.);
#765=EDGE_CURVE('',#618,#617,#288,.T.);
#766=EDGE_CURVE('',#619,#618,#61,.T.);
#767=EDGE_CURVE('',#620,#619,#289,.T.);
#768=EDGE_CURVE('',#621,#620,#62,.T.);
#769=EDGE_CURVE('',#622,#621,#290,.T.);
#770=EDGE_CURVE('',#623,#622,#63,.T.);
#771=EDGE_CURVE('',#624,#623,#291,.T.);
#772=EDGE_CURVE('',#625,#624,#64,.T.);
#773=EDGE_CURVE('',#626,#625,#292,.T.);
#774=EDGE_CURVE('',#627,#626,#544,.T.);
#775=EDGE_CURVE('',#628,#627,#293,.T.);
#776=EDGE_CURVE('',#629,#628,#294,.T.);
#777=EDGE_CURVE('',#630,#629,#545,.T.);
#778=EDGE_CURVE('',#631,#630,#295,.T.);
#779=EDGE_CURVE('',#632,#631,#296,.T.);
#780=EDGE_CURVE('',#633,#632,#297,.T.);
#781=EDGE_CURVE('',#634,#633,#546,.T.);
#782=EDGE_CURVE('',#635,#634,#298,.T.);
#783=EDGE_CURVE('',#636,#635,#299,.T.);
#784=EDGE_CURVE('',#637,#636,#65,.T.);
#785=EDGE_CURVE('',#638,#637,#300,.T.);
#786=EDGE_CURVE('',#639,#638,#547,.T.);
#787=EDGE_CURVE('',#640,#639,#301,.T.);
#788=EDGE_CURVE('',#641,#640,#548,.T.);
#789=EDGE_CURVE('',#642,#641,#302,.T.);
#790=EDGE_CURVE('',#643,#642,#66,.T.);
#791=EDGE_CURVE('',#644,#643,#303,.T.);
#792=EDGE_CURVE('',#645,#644,#304,.T.);
#793=EDGE_CURVE('',#646,#645,#549,.T.);
#794=EDGE_CURVE('',#647,#646,#305,.T.);
#795=EDGE_CURVE('',#613,#647,#306,.T.);
#796=EDGE_CURVE('',#648,#648,#550,.T.);
#797=EDGE_CURVE('',#649,#649,#551,.T.);
#798=EDGE_CURVE('',#650,#650,#552,.T.);
#799=EDGE_CURVE('',#651,#651,#553,.T.);
#800=EDGE_CURVE('',#652,#652,#554,.T.);
#801=EDGE_CURVE('',#653,#653,#555,.T.);
#802=EDGE_CURVE('',#654,#654,#556,.T.);
#803=EDGE_CURVE('',#655,#655,#557,.T.);
#804=EDGE_CURVE('',#656,#657,#558,.T.);
#805=EDGE_CURVE('',#658,#656,#307,.T.);
#806=EDGE_CURVE('',#659,#658,#559,.T.);
#807=EDGE_CURVE('',#660,#659,#308,.T.);
#808=EDGE_CURVE('',#661,#660,#560,.T.);
#809=EDGE_CURVE('',#662,#661,#309,.T.);
#810=EDGE_CURVE('',#663,#662,#561,.T.);
#811=EDGE_CURVE('',#657,#663,#310,.T.);
#812=EDGE_CURVE('',#664,#665,#562,.T.);
#813=EDGE_CURVE('',#666,#664,#311,.T.);
#814=EDGE_CURVE('',#667,#666,#563,.T.);
#815=EDGE_CURVE('',#668,#667,#312,.T.);
#816=EDGE_CURVE('',#669,#668,#564,.T.);
#817=EDGE_CURVE('',#670,#669,#313,.T.);
#818=EDGE_CURVE('',#671,#670,#565,.T.);
#819=EDGE_CURVE('',#665,#671,#314,.T.);
#820=EDGE_CURVE('',#672,#673,#566,.T.);
#821=EDGE_CURVE('',#674,#672,#315,.T.);
#822=EDGE_CURVE('',#675,#674,#567,.T.);
#823=EDGE_CURVE('',#676,#675,#316,.T.);
#824=EDGE_CURVE('',#677,#676,#568,.T.);
#825=EDGE_CURVE('',#678,#677,#317,.T.);
#826=EDGE_CURVE('',#679,#678,#569,.T.);
#827=EDGE_CURVE('',#673,#679,#318,.T.);
#828=EDGE_CURVE('',#680,#681,#570,.T.);
#829=EDGE_CURVE('',#682,#680,#319,.T.);
#830=EDGE_CURVE('',#683,#682,#571,.T.);
#831=EDGE_CURVE('',#684,#683,#320,.T.);
#832=EDGE_CURVE('',#685,#684,#572,.T.);
#833=EDGE_CURVE('',#686,#685,#321,.T.);
#834=EDGE_CURVE('',#687,#686,#573,.T.);
#835=EDGE_CURVE('',#681,#687,#322,.T.);
#836=EDGE_CURVE('',#688,#689,#574,.T.);
#837=EDGE_CURVE('',#689,#646,#323,.T.);
#838=EDGE_CURVE('',#645,#688,#324,.T.);
#839=EDGE_CURVE('',#690,#689,#325,.T.);
#840=EDGE_CURVE('',#647,#690,#326,.T.);
#841=EDGE_CURVE('',#614,#690,#327,.T.);
#842=EDGE_CURVE('',#688,#691,#328,.T.);
#843=EDGE_CURVE('',#692,#691,#329,.T.);
#844=EDGE_CURVE('',#693,#692,#330,.T.);
#845=EDGE_CURVE('',#693,#694,#331,.T.);
#846=EDGE_CURVE('',#695,#694,#332,.T.);
#847=EDGE_CURVE('',#696,#695,#333,.T.);
#848=EDGE_CURVE('',#697,#696,#334,.T.);
#849=EDGE_CURVE('',#698,#697,#575,.T.);
#850=EDGE_CURVE('',#698,#699,#335,.T.);
#851=EDGE_CURVE('',#699,#700,#336,.T.);
#852=EDGE_CURVE('',#700,#701,#337,.T.);
#853=EDGE_CURVE('',#702,#701,#576,.T.);
#854=EDGE_CURVE('',#702,#703,#338,.T.);
#855=EDGE_CURVE('',#704,#703,#339,.T.);
#856=EDGE_CURVE('',#705,#704,#340,.T.);
#857=EDGE_CURVE('',#706,#705,#341,.T.);
#858=EDGE_CURVE('',#707,#706,#67,.T.);
#859=EDGE_CURVE('',#708,#707,#342,.T.);
#860=EDGE_CURVE('',#709,#708,#68,.T.);
#861=EDGE_CURVE('',#710,#709,#343,.T.);
#862=EDGE_CURVE('',#711,#710,#344,.T.);
#863=EDGE_CURVE('',#712,#711,#345,.T.);
#864=EDGE_CURVE('',#610,#712,#346,.T.);
#865=EDGE_CURVE('',#713,#714,#347,.T.);
#866=EDGE_CURVE('',#715,#714,#577,.T.);
#867=EDGE_CURVE('',#715,#716,#348,.T.);
#868=EDGE_CURVE('',#717,#716,#578,.T.);
#869=EDGE_CURVE('',#717,#718,#349,.T.);
#870=EDGE_CURVE('',#719,#718,#579,.T.);
#871=EDGE_CURVE('',#719,#720,#350,.T.);
#872=EDGE_CURVE('',#713,#720,#580,.T.);
#873=EDGE_CURVE('',#721,#722,#351,.T.);
#874=EDGE_CURVE('',#723,#722,#581,.T.);
#875=EDGE_CURVE('',#723,#724,#352,.T.);
#876=EDGE_CURVE('',#725,#724,#582,.T.);
#877=EDGE_CURVE('',#725,#726,#353,.T.);
#878=EDGE_CURVE('',#727,#726,#583,.T.);
#879=EDGE_CURVE('',#727,#728,#354,.T.);
#880=EDGE_CURVE('',#721,#728,#584,.T.);
#881=EDGE_CURVE('',#729,#730,#355,.T.);
#882=EDGE_CURVE('',#731,#730,#585,.T.);
#883=EDGE_CURVE('',#731,#732,#356,.T.);
#884=EDGE_CURVE('',#733,#732,#586,.T.);
#885=EDGE_CURVE('',#733,#734,#357,.T.);
#886=EDGE_CURVE('',#735,#734,#587,.T.);
#887=EDGE_CURVE('',#735,#736,#358,.T.);
#888=EDGE_CURVE('',#729,#736,#588,.T.);
#889=EDGE_CURVE('',#737,#738,#359,.T.);
#890=EDGE_CURVE('',#739,#738,#589,.T.);
#891=EDGE_CURVE('',#739,#740,#360,.T.);
#892=EDGE_CURVE('',#741,#740,#590,.T.);
#893=EDGE_CURVE('',#741,#742,#361,.T.);
#894=EDGE_CURVE('',#743,#742,#591,.T.);
#895=EDGE_CURVE('',#743,#744,#362,.T.);
#896=EDGE_CURVE('',#737,#744,#592,.T.);
#897=EDGE_CURVE('',#745,#745,#593,.T.);
#898=EDGE_CURVE('',#746,#746,#594,.T.);
#899=EDGE_CURVE('',#747,#747,#595,.T.);
#900=EDGE_CURVE('',#748,#748,#596,.T.);
#901=EDGE_CURVE('',#749,#749,#597,.T.);
#902=EDGE_CURVE('',#750,#750,#598,.T.);
#903=EDGE_CURVE('',#751,#751,#599,.T.);
#904=EDGE_CURVE('',#752,#752,#600,.T.);
#905=EDGE_CURVE('',#701,#630,#363,.T.);
#906=EDGE_CURVE('',#629,#702,#364,.T.);
#907=EDGE_CURVE('',#703,#628,#601,.F.);
#908=EDGE_CURVE('',#697,#634,#365,.T.);
#909=EDGE_CURVE('',#633,#698,#366,.T.);
#910=EDGE_CURVE('',#696,#635,#602,.T.);
#911=EDGE_CURVE('',#662,#739,#367,.T.);
#912=EDGE_CURVE('',#738,#663,#368,.T.);
#913=EDGE_CURVE('',#740,#661,#369,.T.);
#914=EDGE_CURVE('',#660,#741,#370,.T.);
#915=EDGE_CURVE('',#742,#659,#371,.T.);
#916=EDGE_CURVE('',#657,#737,#372,.T.);
#917=EDGE_CURVE('',#744,#656,#373,.T.);
#918=EDGE_CURVE('',#658,#743,#374,.T.);
#919=EDGE_CURVE('',#670,#731,#375,.T.);
#920=EDGE_CURVE('',#730,#671,#376,.T.);
#921=EDGE_CURVE('',#732,#669,#377,.T.);
#922=EDGE_CURVE('',#668,#733,#378,.T.);
#923=EDGE_CURVE('',#734,#667,#379,.T.);
#924=EDGE_CURVE('',#666,#735,#380,.T.);
#925=EDGE_CURVE('',#736,#664,#381,.T.);
#926=EDGE_CURVE('',#665,#729,#382,.T.);
#927=EDGE_CURVE('',#678,#723,#383,.T.);
#928=EDGE_CURVE('',#722,#679,#384,.T.);
#929=EDGE_CURVE('',#724,#677,#385,.T.);
#930=EDGE_CURVE('',#673,#721,#386,.T.);
#931=EDGE_CURVE('',#728,#672,#387,.T.);
#932=EDGE_CURVE('',#674,#727,#388,.T.);
#933=EDGE_CURVE('',#726,#675,#389,.T.);
#934=EDGE_CURVE('',#676,#725,#390,.T.);
#935=EDGE_CURVE('',#681,#713,#391,.T.);
#936=EDGE_CURVE('',#720,#680,#392,.T.);
#937=EDGE_CURVE('',#714,#687,#393,.T.);
#938=EDGE_CURVE('',#682,#719,#394,.T.);
#939=EDGE_CURVE('',#718,#683,#395,.T.);
#940=EDGE_CURVE('',#684,#717,#396,.T.);
#941=EDGE_CURVE('',#716,#685,#397,.T.);
#942=EDGE_CURVE('',#686,#715,#398,.T.);
#943=EDGE_CURVE('',#642,#692,#17,.T.);
#944=EDGE_CURVE('',#692,#643,#18,.T.);
#945=EDGE_CURVE('',#691,#644,#603,.F.);
#946=EDGE_CURVE('',#641,#753,#69,.T.);
#947=EDGE_CURVE('',#753,#693,#19,.T.);
#948=EDGE_CURVE('',#636,#695,#20,.T.);
#949=EDGE_CURVE('',#695,#637,#21,.T.);
#950=EDGE_CURVE('',#626,#704,#604,.T.);
#951=EDGE_CURVE('',#704,#627,#605,.T.);
#952=EDGE_CURVE('',#705,#625,#22,.T.);
#953=EDGE_CURVE('',#616,#711,#606,.T.);
#954=EDGE_CURVE('',#711,#617,#607,.T.);
#955=EDGE_CURVE('',#618,#710,#23,.T.);
#956=EDGE_CURVE('',#710,#619,#24,.T.);
#957=EDGE_CURVE('',#620,#709,#25,.T.);
#958=EDGE_CURVE('',#624,#705,#26,.T.);
#959=EDGE_CURVE('',#706,#623,#27,.T.);
#960=EDGE_CURVE('',#622,#707,#28,.T.);
#961=EDGE_CURVE('',#708,#621,#29,.T.);
#962=EDGE_CURVE('',#640,#753,#399,.T.);
#963=EDGE_CURVE('',#754,#639,#400,.T.);
#964=EDGE_CURVE('',#694,#754,#30,.T.);
#965=EDGE_CURVE('',#712,#615,#608,.T.);
#966=EDGE_CURVE('',#754,#638,#70,.T.);
#967=EDGE_CURVE('',#745,#655,#401,.T.);
#968=EDGE_CURVE('',#746,#654,#402,.T.);
#969=EDGE_CURVE('',#747,#653,#403,.T.);
#970=EDGE_CURVE('',#748,#652,#404,.T.);
#971=EDGE_CURVE('',#749,#651,#405,.T.);
#972=EDGE_CURVE('',#750,#650,#406,.T.);
#973=EDGE_CURVE('',#751,#649,#407,.T.);
#974=EDGE_CURVE('',#752,#648,#408,.T.);
#975=EDGE_CURVE('',#631,#700,#409,.T.);
#976=EDGE_CURVE('',#632,#699,#410,.T.);
#977=ORIENTED_EDGE('',*,*,#755,.T.);
#978=ORIENTED_EDGE('',*,*,#756,.T.);
#979=ORIENTED_EDGE('',*,*,#757,.T.);
#980=ORIENTED_EDGE('',*,*,#758,.T.);
#981=ORIENTED_EDGE('',*,*,#758,.F.);
#982=ORIENTED_EDGE('',*,*,#759,.T.);
#983=ORIENTED_EDGE('',*,*,#760,.T.);
#984=ORIENTED_EDGE('',*,*,#761,.F.);
#985=ORIENTED_EDGE('',*,*,#757,.F.);
#986=ORIENTED_EDGE('',*,*,#762,.F.);
#987=ORIENTED_EDGE('',*,*,#763,.F.);
#988=ORIENTED_EDGE('',*,*,#764,.F.);
#989=ORIENTED_EDGE('',*,*,#765,.F.);
#990=ORIENTED_EDGE('',*,*,#766,.F.);
#991=ORIENTED_EDGE('',*,*,#767,.F.);
#992=ORIENTED_EDGE('',*,*,#768,.F.);
#993=ORIENTED_EDGE('',*,*,#769,.F.);
#994=ORIENTED_EDGE('',*,*,#770,.F.);
#995=ORIENTED_EDGE('',*,*,#771,.F.);
#996=ORIENTED_EDGE('',*,*,#772,.F.);
#997=ORIENTED_EDGE('',*,*,#773,.F.);
#998=ORIENTED_EDGE('',*,*,#774,.F.);
#999=ORIENTED_EDGE('',*,*,#775,.F.);
#1000=ORIENTED_EDGE('',*,*,#776,.F.);
#1001=ORIENTED_EDGE('',*,*,#777,.F.);
#1002=ORIENTED_EDGE('',*,*,#778,.F.);
#1003=ORIENTED_EDGE('',*,*,#779,.F.);
#1004=ORIENTED_EDGE('',*,*,#780,.F.);
#1005=ORIENTED_EDGE('',*,*,#781,.F.);
#1006=ORIENTED_EDGE('',*,*,#782,.F.);
#1007=ORIENTED_EDGE('',*,*,#783,.F.);
#1008=ORIENTED_EDGE('',*,*,#784,.F.);
#1009=ORIENTED_EDGE('',*,*,#785,.F.);
#1010=ORIENTED_EDGE('',*,*,#786,.F.);
#1011=ORIENTED_EDGE('',*,*,#787,.F.);
#1012=ORIENTED_EDGE('',*,*,#788,.F.);
#1013=ORIENTED_EDGE('',*,*,#789,.F.);
#1014=ORIENTED_EDGE('',*,*,#790,.F.);
#1015=ORIENTED_EDGE('',*,*,#791,.F.);
#1016=ORIENTED_EDGE('',*,*,#792,.F.);
#1017=ORIENTED_EDGE('',*,*,#793,.F.);
#1018=ORIENTED_EDGE('',*,*,#794,.F.);
#1019=ORIENTED_EDGE('',*,*,#795,.F.);
#1020=ORIENTED_EDGE('',*,*,#759,.F.);
#1021=ORIENTED_EDGE('',*,*,#796,.F.);
#1022=ORIENTED_EDGE('',*,*,#797,.F.);
#1023=ORIENTED_EDGE('',*,*,#798,.F.);
#1024=ORIENTED_EDGE('',*,*,#799,.F.);
#1025=ORIENTED_EDGE('',*,*,#800,.F.);
#1026=ORIENTED_EDGE('',*,*,#801,.F.);
#1027=ORIENTED_EDGE('',*,*,#802,.F.);
#1028=ORIENTED_EDGE('',*,*,#803,.F.);
#1029=ORIENTED_EDGE('',*,*,#804,.F.);
#1030=ORIENTED_EDGE('',*,*,#805,.F.);
#1031=ORIENTED_EDGE('',*,*,#806,.F.);
#1032=ORIENTED_EDGE('',*,*,#807,.F.);
#1033=ORIENTED_EDGE('',*,*,#808,.F.);
#1034=ORIENTED_EDGE('',*,*,#809,.F.);
#1035=ORIENTED_EDGE('',*,*,#810,.F.);
#1036=ORIENTED_EDGE('',*,*,#811,.F.);
#1037=ORIENTED_EDGE('',*,*,#812,.F.);
#1038=ORIENTED_EDGE('',*,*,#813,.F.);
#1039=ORIENTED_EDGE('',*,*,#814,.F.);
#1040=ORIENTED_EDGE('',*,*,#815,.F.);
#1041=ORIENTED_EDGE('',*,*,#816,.F.);
#1042=ORIENTED_EDGE('',*,*,#817,.F.);
#1043=ORIENTED_EDGE('',*,*,#818,.F.);
#1044=ORIENTED_EDGE('',*,*,#819,.F.);
#1045=ORIENTED_EDGE('',*,*,#820,.F.);
#1046=ORIENTED_EDGE('',*,*,#821,.F.);
#1047=ORIENTED_EDGE('',*,*,#822,.F.);
#1048=ORIENTED_EDGE('',*,*,#823,.F.);
#1049=ORIENTED_EDGE('',*,*,#824,.F.);
#1050=ORIENTED_EDGE('',*,*,#825,.F.);
#1051=ORIENTED_EDGE('',*,*,#826,.F.);
#1052=ORIENTED_EDGE('',*,*,#827,.F.);
#1053=ORIENTED_EDGE('',*,*,#828,.F.);
#1054=ORIENTED_EDGE('',*,*,#829,.F.);
#1055=ORIENTED_EDGE('',*,*,#830,.F.);
#1056=ORIENTED_EDGE('',*,*,#831,.F.);
#1057=ORIENTED_EDGE('',*,*,#832,.F.);
#1058=ORIENTED_EDGE('',*,*,#833,.F.);
#1059=ORIENTED_EDGE('',*,*,#834,.F.);
#1060=ORIENTED_EDGE('',*,*,#835,.F.);
#1061=ORIENTED_EDGE('',*,*,#836,.T.);
#1062=ORIENTED_EDGE('',*,*,#837,.T.);
#1063=ORIENTED_EDGE('',*,*,#793,.T.);
#1064=ORIENTED_EDGE('',*,*,#838,.T.);
#1065=ORIENTED_EDGE('',*,*,#837,.F.);
#1066=ORIENTED_EDGE('',*,*,#839,.F.);
#1067=ORIENTED_EDGE('',*,*,#840,.F.);
#1068=ORIENTED_EDGE('',*,*,#794,.T.);
#1069=ORIENTED_EDGE('',*,*,#755,.F.);
#1070=ORIENTED_EDGE('',*,*,#761,.T.);
#1071=ORIENTED_EDGE('',*,*,#841,.T.);
#1072=ORIENTED_EDGE('',*,*,#839,.T.);
#1073=ORIENTED_EDGE('',*,*,#836,.F.);
#1074=ORIENTED_EDGE('',*,*,#842,.T.);
#1075=ORIENTED_EDGE('',*,*,#843,.F.);
#1076=ORIENTED_EDGE('',*,*,#844,.F.);
#1077=ORIENTED_EDGE('',*,*,#845,.T.);
#1078=ORIENTED_EDGE('',*,*,#846,.F.);
#1079=ORIENTED_EDGE('',*,*,#847,.F.);
#1080=ORIENTED_EDGE('',*,*,#848,.F.);
#1081=ORIENTED_EDGE('',*,*,#849,.F.);
#1082=ORIENTED_EDGE('',*,*,#850,.T.);
#1083=ORIENTED_EDGE('',*,*,#851,.T.);
#1084=ORIENTED_EDGE('',*,*,#852,.T.);
#1085=ORIENTED_EDGE('',*,*,#853,.F.);
#1086=ORIENTED_EDGE('',*,*,#854,.T.);
#1087=ORIENTED_EDGE('',*,*,#855,.F.);
#1088=ORIENTED_EDGE('',*,*,#856,.F.);
#1089=ORIENTED_EDGE('',*,*,#857,.F.);
#1090=ORIENTED_EDGE('',*,*,#858,.F.);
#1091=ORIENTED_EDGE('',*,*,#859,.F.);
#1092=ORIENTED_EDGE('',*,*,#860,.F.);
#1093=ORIENTED_EDGE('',*,*,#861,.F.);
#1094=ORIENTED_EDGE('',*,*,#862,.F.);
#1095=ORIENTED_EDGE('',*,*,#863,.F.);
#1096=ORIENTED_EDGE('',*,*,#864,.F.);
#1097=ORIENTED_EDGE('',*,*,#865,.T.);
#1098=ORIENTED_EDGE('',*,*,#866,.F.);
#1099=ORIENTED_EDGE('',*,*,#867,.T.);
#1100=ORIENTED_EDGE('',*,*,#868,.F.);
#1101=ORIENTED_EDGE('',*,*,#869,.T.);
#1102=ORIENTED_EDGE('',*,*,#870,.F.);
#1103=ORIENTED_EDGE('',*,*,#871,.T.);
#1104=ORIENTED_EDGE('',*,*,#872,.F.);
#1105=ORIENTED_EDGE('',*,*,#873,.T.);
#1106=ORIENTED_EDGE('',*,*,#874,.F.);
#1107=ORIENTED_EDGE('',*,*,#875,.T.);
#1108=ORIENTED_EDGE('',*,*,#876,.F.);
#1109=ORIENTED_EDGE('',*,*,#877,.T.);
#1110=ORIENTED_EDGE('',*,*,#878,.F.);
#1111=ORIENTED_EDGE('',*,*,#879,.T.);
#1112=ORIENTED_EDGE('',*,*,#880,.F.);
#1113=ORIENTED_EDGE('',*,*,#881,.T.);
#1114=ORIENTED_EDGE('',*,*,#882,.F.);
#1115=ORIENTED_EDGE('',*,*,#883,.T.);
#1116=ORIENTED_EDGE('',*,*,#884,.F.);
#1117=ORIENTED_EDGE('',*,*,#885,.T.);
#1118=ORIENTED_EDGE('',*,*,#886,.F.);
#1119=ORIENTED_EDGE('',*,*,#887,.T.);
#1120=ORIENTED_EDGE('',*,*,#888,.F.);
#1121=ORIENTED_EDGE('',*,*,#889,.T.);
#1122=ORIENTED_EDGE('',*,*,#890,.F.);
#1123=ORIENTED_EDGE('',*,*,#891,.T.);
#1124=ORIENTED_EDGE('',*,*,#892,.F.);
#1125=ORIENTED_EDGE('',*,*,#893,.T.);
#1126=ORIENTED_EDGE('',*,*,#894,.F.);
#1127=ORIENTED_EDGE('',*,*,#895,.T.);
#1128=ORIENTED_EDGE('',*,*,#896,.F.);
#1129=ORIENTED_EDGE('',*,*,#897,.T.);
#1130=ORIENTED_EDGE('',*,*,#898,.T.);
#1131=ORIENTED_EDGE('',*,*,#899,.T.);
#1132=ORIENTED_EDGE('',*,*,#900,.T.);
#1133=ORIENTED_EDGE('',*,*,#901,.T.);
#1134=ORIENTED_EDGE('',*,*,#902,.T.);
#1135=ORIENTED_EDGE('',*,*,#903,.T.);
#1136=ORIENTED_EDGE('',*,*,#904,.T.);
#1137=ORIENTED_EDGE('',*,*,#853,.T.);
#1138=ORIENTED_EDGE('',*,*,#905,.T.);
#1139=ORIENTED_EDGE('',*,*,#777,.T.);
#1140=ORIENTED_EDGE('',*,*,#906,.T.);
#1141=ORIENTED_EDGE('',*,*,#906,.F.);
#1142=ORIENTED_EDGE('',*,*,#776,.T.);
#1143=ORIENTED_EDGE('',*,*,#907,.F.);
#1144=ORIENTED_EDGE('',*,*,#854,.F.);
#1145=ORIENTED_EDGE('',*,*,#849,.T.);
#1146=ORIENTED_EDGE('',*,*,#908,.T.);
#1147=ORIENTED_EDGE('',*,*,#781,.T.);
#1148=ORIENTED_EDGE('',*,*,#909,.T.);
#1149=ORIENTED_EDGE('',*,*,#908,.F.);
#1150=ORIENTED_EDGE('',*,*,#848,.T.);
#1151=ORIENTED_EDGE('',*,*,#910,.T.);
#1152=ORIENTED_EDGE('',*,*,#782,.T.);
#1153=ORIENTED_EDGE('',*,*,#810,.T.);
#1154=ORIENTED_EDGE('',*,*,#911,.T.);
#1155=ORIENTED_EDGE('',*,*,#890,.T.);
#1156=ORIENTED_EDGE('',*,*,#912,.T.);
#1157=ORIENTED_EDGE('',*,*,#911,.F.);
#1158=ORIENTED_EDGE('',*,*,#809,.T.);
#1159=ORIENTED_EDGE('',*,*,#913,.F.);
#1160=ORIENTED_EDGE('',*,*,#891,.F.);
#1161=ORIENTED_EDGE('',*,*,#808,.T.);
#1162=ORIENTED_EDGE('',*,*,#914,.T.);
#1163=ORIENTED_EDGE('',*,*,#892,.T.);
#1164=ORIENTED_EDGE('',*,*,#913,.T.);
#1165=ORIENTED_EDGE('',*,*,#914,.F.);
#1166=ORIENTED_EDGE('',*,*,#807,.T.);
#1167=ORIENTED_EDGE('',*,*,#915,.F.);
#1168=ORIENTED_EDGE('',*,*,#893,.F.);
#1169=ORIENTED_EDGE('',*,*,#804,.T.);
#1170=ORIENTED_EDGE('',*,*,#916,.T.);
#1171=ORIENTED_EDGE('',*,*,#896,.T.);
#1172=ORIENTED_EDGE('',*,*,#917,.T.);
#1173=ORIENTED_EDGE('',*,*,#912,.F.);
#1174=ORIENTED_EDGE('',*,*,#889,.F.);
#1175=ORIENTED_EDGE('',*,*,#916,.F.);
#1176=ORIENTED_EDGE('',*,*,#811,.T.);
#1177=ORIENTED_EDGE('',*,*,#806,.T.);
#1178=ORIENTED_EDGE('',*,*,#918,.T.);
#1179=ORIENTED_EDGE('',*,*,#894,.T.);
#1180=ORIENTED_EDGE('',*,*,#915,.T.);
#1181=ORIENTED_EDGE('',*,*,#917,.F.);
#1182=ORIENTED_EDGE('',*,*,#895,.F.);
#1183=ORIENTED_EDGE('',*,*,#918,.F.);
#1184=ORIENTED_EDGE('',*,*,#805,.T.);
#1185=ORIENTED_EDGE('',*,*,#818,.T.);
#1186=ORIENTED_EDGE('',*,*,#919,.T.);
#1187=ORIENTED_EDGE('',*,*,#882,.T.);
#1188=ORIENTED_EDGE('',*,*,#920,.T.);
#1189=ORIENTED_EDGE('',*,*,#919,.F.);
#1190=ORIENTED_EDGE('',*,*,#817,.T.);
#1191=ORIENTED_EDGE('',*,*,#921,.F.);
#1192=ORIENTED_EDGE('',*,*,#883,.F.);
#1193=ORIENTED_EDGE('',*,*,#816,.T.);
#1194=ORIENTED_EDGE('',*,*,#922,.T.);
#1195=ORIENTED_EDGE('',*,*,#884,.T.);
#1196=ORIENTED_EDGE('',*,*,#921,.T.);
#1197=ORIENTED_EDGE('',*,*,#922,.F.);
#1198=ORIENTED_EDGE('',*,*,#815,.T.);
#1199=ORIENTED_EDGE('',*,*,#923,.F.);
#1200=ORIENTED_EDGE('',*,*,#885,.F.);
#1201=ORIENTED_EDGE('',*,*,#814,.T.);
#1202=ORIENTED_EDGE('',*,*,#924,.T.);
#1203=ORIENTED_EDGE('',*,*,#886,.T.);
#1204=ORIENTED_EDGE('',*,*,#923,.T.);
#1205=ORIENTED_EDGE('',*,*,#924,.F.);
#1206=ORIENTED_EDGE('',*,*,#813,.T.);
#1207=ORIENTED_EDGE('',*,*,#925,.F.);
#1208=ORIENTED_EDGE('',*,*,#887,.F.);
#1209=ORIENTED_EDGE('',*,*,#812,.T.);
#1210=ORIENTED_EDGE('',*,*,#926,.T.);
#1211=ORIENTED_EDGE('',*,*,#888,.T.);
#1212=ORIENTED_EDGE('',*,*,#925,.T.);
#1213=ORIENTED_EDGE('',*,*,#920,.F.);
#1214=ORIENTED_EDGE('',*,*,#881,.F.);
#1215=ORIENTED_EDGE('',*,*,#926,.F.);
#1216=ORIENTED_EDGE('',*,*,#819,.T.);
#1217=ORIENTED_EDGE('',*,*,#826,.T.);
#1218=ORIENTED_EDGE('',*,*,#927,.T.);
#1219=ORIENTED_EDGE('',*,*,#874,.T.);
#1220=ORIENTED_EDGE('',*,*,#928,.T.);
#1221=ORIENTED_EDGE('',*,*,#927,.F.);
#1222=ORIENTED_EDGE('',*,*,#825,.T.);
#1223=ORIENTED_EDGE('',*,*,#929,.F.);
#1224=ORIENTED_EDGE('',*,*,#875,.F.);
#1225=ORIENTED_EDGE('',*,*,#820,.T.);
#1226=ORIENTED_EDGE('',*,*,#930,.T.);
#1227=ORIENTED_EDGE('',*,*,#880,.T.);
#1228=ORIENTED_EDGE('',*,*,#931,.T.);
#1229=ORIENTED_EDGE('',*,*,#928,.F.);
#1230=ORIENTED_EDGE('',*,*,#873,.F.);
#1231=ORIENTED_EDGE('',*,*,#930,.F.);
#1232=ORIENTED_EDGE('',*,*,#827,.T.);
#1233=ORIENTED_EDGE('',*,*,#822,.T.);
#1234=ORIENTED_EDGE('',*,*,#932,.T.);
#1235=ORIENTED_EDGE('',*,*,#878,.T.);
#1236=ORIENTED_EDGE('',*,*,#933,.T.);
#1237=ORIENTED_EDGE('',*,*,#931,.F.);
#1238=ORIENTED_EDGE('',*,*,#879,.F.);
#1239=ORIENTED_EDGE('',*,*,#932,.F.);
#1240=ORIENTED_EDGE('',*,*,#821,.T.);
#1241=ORIENTED_EDGE('',*,*,#824,.T.);
#1242=ORIENTED_EDGE('',*,*,#934,.T.);
#1243=ORIENTED_EDGE('',*,*,#876,.T.);
#1244=ORIENTED_EDGE('',*,*,#929,.T.);
#1245=ORIENTED_EDGE('',*,*,#933,.F.);
#1246=ORIENTED_EDGE('',*,*,#877,.F.);
#1247=ORIENTED_EDGE('',*,*,#934,.F.);
#1248=ORIENTED_EDGE('',*,*,#823,.T.);
#1249=ORIENTED_EDGE('',*,*,#828,.T.);
#1250=ORIENTED_EDGE('',*,*,#935,.T.);
#1251=ORIENTED_EDGE('',*,*,#872,.T.);
#1252=ORIENTED_EDGE('',*,*,#936,.T.);
#1253=ORIENTED_EDGE('',*,*,#935,.F.);
#1254=ORIENTED_EDGE('',*,*,#835,.T.);
#1255=ORIENTED_EDGE('',*,*,#937,.F.);
#1256=ORIENTED_EDGE('',*,*,#865,.F.);
#1257=ORIENTED_EDGE('',*,*,#830,.T.);
#1258=ORIENTED_EDGE('',*,*,#938,.T.);
#1259=ORIENTED_EDGE('',*,*,#870,.T.);
#1260=ORIENTED_EDGE('',*,*,#939,.T.);
#1261=ORIENTED_EDGE('',*,*,#936,.F.);
#1262=ORIENTED_EDGE('',*,*,#871,.F.);
#1263=ORIENTED_EDGE('',*,*,#938,.F.);
#1264=ORIENTED_EDGE('',*,*,#829,.T.);
#1265=ORIENTED_EDGE('',*,*,#832,.T.);
#1266=ORIENTED_EDGE('',*,*,#940,.T.);
#1267=ORIENTED_EDGE('',*,*,#868,.T.);
#1268=ORIENTED_EDGE('',*,*,#941,.T.);
#1269=ORIENTED_EDGE('',*,*,#939,.F.);
#1270=ORIENTED_EDGE('',*,*,#869,.F.);
#1271=ORIENTED_EDGE('',*,*,#940,.F.);
#1272=ORIENTED_EDGE('',*,*,#831,.T.);
#1273=ORIENTED_EDGE('',*,*,#834,.T.);
#1274=ORIENTED_EDGE('',*,*,#942,.T.);
#1275=ORIENTED_EDGE('',*,*,#866,.T.);
#1276=ORIENTED_EDGE('',*,*,#937,.T.);
#1277=ORIENTED_EDGE('',*,*,#941,.F.);
#1278=ORIENTED_EDGE('',*,*,#867,.F.);
#1279=ORIENTED_EDGE('',*,*,#942,.F.);
#1280=ORIENTED_EDGE('',*,*,#833,.T.);
#1281=ORIENTED_EDGE('',*,*,#790,.T.);
#1282=ORIENTED_EDGE('',*,*,#943,.T.);
#1283=ORIENTED_EDGE('',*,*,#944,.T.);
#1284=ORIENTED_EDGE('',*,*,#944,.F.);
#1285=ORIENTED_EDGE('',*,*,#843,.T.);
#1286=ORIENTED_EDGE('',*,*,#945,.T.);
#1287=ORIENTED_EDGE('',*,*,#791,.T.);
#1288=ORIENTED_EDGE('',*,*,#943,.F.);
#1289=ORIENTED_EDGE('',*,*,#789,.T.);
#1290=ORIENTED_EDGE('',*,*,#946,.T.);
#1291=ORIENTED_EDGE('',*,*,#947,.T.);
#1292=ORIENTED_EDGE('',*,*,#844,.T.);
#1293=ORIENTED_EDGE('',*,*,#784,.T.);
#1294=ORIENTED_EDGE('',*,*,#948,.T.);
#1295=ORIENTED_EDGE('',*,*,#949,.T.);
#1296=ORIENTED_EDGE('',*,*,#948,.F.);
#1297=ORIENTED_EDGE('',*,*,#783,.T.);
#1298=ORIENTED_EDGE('',*,*,#910,.F.);
#1299=ORIENTED_EDGE('',*,*,#847,.T.);
#1300=ORIENTED_EDGE('',*,*,#774,.T.);
#1301=ORIENTED_EDGE('',*,*,#950,.T.);
#1302=ORIENTED_EDGE('',*,*,#951,.T.);
#1303=ORIENTED_EDGE('',*,*,#950,.F.);
#1304=ORIENTED_EDGE('',*,*,#773,.T.);
#1305=ORIENTED_EDGE('',*,*,#952,.F.);
#1306=ORIENTED_EDGE('',*,*,#856,.T.);
#1307=ORIENTED_EDGE('',*,*,#764,.T.);
#1308=ORIENTED_EDGE('',*,*,#953,.T.);
#1309=ORIENTED_EDGE('',*,*,#954,.T.);
#1310=ORIENTED_EDGE('',*,*,#954,.F.);
#1311=ORIENTED_EDGE('',*,*,#862,.T.);
#1312=ORIENTED_EDGE('',*,*,#955,.F.);
#1313=ORIENTED_EDGE('',*,*,#765,.T.);
#1314=ORIENTED_EDGE('',*,*,#766,.T.);
#1315=ORIENTED_EDGE('',*,*,#955,.T.);
#1316=ORIENTED_EDGE('',*,*,#956,.T.);
#1317=ORIENTED_EDGE('',*,*,#956,.F.);
#1318=ORIENTED_EDGE('',*,*,#861,.T.);
#1319=ORIENTED_EDGE('',*,*,#957,.F.);
#1320=ORIENTED_EDGE('',*,*,#767,.T.);
#1321=ORIENTED_EDGE('',*,*,#772,.T.);
#1322=ORIENTED_EDGE('',*,*,#958,.T.);
#1323=ORIENTED_EDGE('',*,*,#952,.T.);
#1324=ORIENTED_EDGE('',*,*,#958,.F.);
#1325=ORIENTED_EDGE('',*,*,#771,.T.);
#1326=ORIENTED_EDGE('',*,*,#959,.F.);
#1327=ORIENTED_EDGE('',*,*,#857,.T.);
#1328=ORIENTED_EDGE('',*,*,#858,.T.);
#1329=ORIENTED_EDGE('',*,*,#959,.T.);
#1330=ORIENTED_EDGE('',*,*,#770,.T.);
#1331=ORIENTED_EDGE('',*,*,#960,.T.);
#1332=ORIENTED_EDGE('',*,*,#860,.T.);
#1333=ORIENTED_EDGE('',*,*,#961,.T.);
#1334=ORIENTED_EDGE('',*,*,#768,.T.);
#1335=ORIENTED_EDGE('',*,*,#957,.T.);
#1336=ORIENTED_EDGE('',*,*,#960,.F.);
#1337=ORIENTED_EDGE('',*,*,#769,.T.);
#1338=ORIENTED_EDGE('',*,*,#961,.F.);
#1339=ORIENTED_EDGE('',*,*,#859,.T.);
#1340=ORIENTED_EDGE('',*,*,#947,.F.);
#1341=ORIENTED_EDGE('',*,*,#962,.F.);
#1342=ORIENTED_EDGE('',*,*,#787,.T.);
#1343=ORIENTED_EDGE('',*,*,#963,.F.);
#1344=ORIENTED_EDGE('',*,*,#964,.F.);
#1345=ORIENTED_EDGE('',*,*,#845,.F.);
#1346=ORIENTED_EDGE('',*,*,#946,.F.);
#1347=ORIENTED_EDGE('',*,*,#788,.T.);
#1348=ORIENTED_EDGE('',*,*,#962,.T.);
#1349=ORIENTED_EDGE('',*,*,#953,.F.);
#1350=ORIENTED_EDGE('',*,*,#763,.T.);
#1351=ORIENTED_EDGE('',*,*,#965,.F.);
#1352=ORIENTED_EDGE('',*,*,#863,.T.);
#1353=ORIENTED_EDGE('',*,*,#951,.F.);
#1354=ORIENTED_EDGE('',*,*,#855,.T.);
#1355=ORIENTED_EDGE('',*,*,#907,.T.);
#1356=ORIENTED_EDGE('',*,*,#775,.T.);
#1357=ORIENTED_EDGE('',*,*,#949,.F.);
#1358=ORIENTED_EDGE('',*,*,#846,.T.);
#1359=ORIENTED_EDGE('',*,*,#964,.T.);
#1360=ORIENTED_EDGE('',*,*,#966,.T.);
#1361=ORIENTED_EDGE('',*,*,#785,.T.);
#1362=ORIENTED_EDGE('',*,*,#966,.F.);
#1363=ORIENTED_EDGE('',*,*,#963,.T.);
#1364=ORIENTED_EDGE('',*,*,#786,.T.);
#1365=ORIENTED_EDGE('',*,*,#897,.F.);
#1366=ORIENTED_EDGE('',*,*,#967,.T.);
#1367=ORIENTED_EDGE('',*,*,#803,.T.);
#1368=ORIENTED_EDGE('',*,*,#967,.F.);
#1369=ORIENTED_EDGE('',*,*,#898,.F.);
#1370=ORIENTED_EDGE('',*,*,#968,.T.);
#1371=ORIENTED_EDGE('',*,*,#802,.T.);
#1372=ORIENTED_EDGE('',*,*,#968,.F.);
#1373=ORIENTED_EDGE('',*,*,#899,.F.);
#1374=ORIENTED_EDGE('',*,*,#969,.T.);
#1375=ORIENTED_EDGE('',*,*,#801,.T.);
#1376=ORIENTED_EDGE('',*,*,#969,.F.);
#1377=ORIENTED_EDGE('',*,*,#900,.F.);
#1378=ORIENTED_EDGE('',*,*,#970,.T.);
#1379=ORIENTED_EDGE('',*,*,#800,.T.);
#1380=ORIENTED_EDGE('',*,*,#970,.F.);
#1381=ORIENTED_EDGE('',*,*,#901,.F.);
#1382=ORIENTED_EDGE('',*,*,#971,.T.);
#1383=ORIENTED_EDGE('',*,*,#799,.T.);
#1384=ORIENTED_EDGE('',*,*,#971,.F.);
#1385=ORIENTED_EDGE('',*,*,#902,.F.);
#1386=ORIENTED_EDGE('',*,*,#972,.T.);
#1387=ORIENTED_EDGE('',*,*,#798,.T.);
#1388=ORIENTED_EDGE('',*,*,#972,.F.);
#1389=ORIENTED_EDGE('',*,*,#903,.F.);
#1390=ORIENTED_EDGE('',*,*,#973,.T.);
#1391=ORIENTED_EDGE('',*,*,#797,.T.);
#1392=ORIENTED_EDGE('',*,*,#973,.F.);
#1393=ORIENTED_EDGE('',*,*,#904,.F.);
#1394=ORIENTED_EDGE('',*,*,#974,.T.);
#1395=ORIENTED_EDGE('',*,*,#796,.T.);
#1396=ORIENTED_EDGE('',*,*,#974,.F.);
#1397=ORIENTED_EDGE('',*,*,#905,.F.);
#1398=ORIENTED_EDGE('',*,*,#852,.F.);
#1399=ORIENTED_EDGE('',*,*,#975,.F.);
#1400=ORIENTED_EDGE('',*,*,#778,.T.);
#1401=ORIENTED_EDGE('',*,*,#779,.T.);
#1402=ORIENTED_EDGE('',*,*,#975,.T.);
#1403=ORIENTED_EDGE('',*,*,#851,.F.);
#1404=ORIENTED_EDGE('',*,*,#976,.F.);
#1405=ORIENTED_EDGE('',*,*,#909,.F.);
#1406=ORIENTED_EDGE('',*,*,#780,.T.);
#1407=ORIENTED_EDGE('',*,*,#976,.T.);
#1408=ORIENTED_EDGE('',*,*,#850,.F.);
#1409=ORIENTED_EDGE('',*,*,#838,.F.);
#1410=ORIENTED_EDGE('',*,*,#792,.T.);
#1411=ORIENTED_EDGE('',*,*,#945,.F.);
#1412=ORIENTED_EDGE('',*,*,#842,.F.);
#1413=ORIENTED_EDGE('',*,*,#795,.T.);
#1414=ORIENTED_EDGE('',*,*,#840,.T.);
#1415=ORIENTED_EDGE('',*,*,#841,.F.);
#1416=ORIENTED_EDGE('',*,*,#760,.F.);
#1417=ORIENTED_EDGE('',*,*,#756,.F.);
#1418=ORIENTED_EDGE('',*,*,#864,.T.);
#1419=ORIENTED_EDGE('',*,*,#965,.T.);
#1420=ORIENTED_EDGE('',*,*,#762,.T.);
#1421=CYLINDRICAL_SURFACE('',#1562,3.);
#1422=CYLINDRICAL_SURFACE('',#1598,3.);
#1423=CYLINDRICAL_SURFACE('',#1628,3.);
#1424=CYLINDRICAL_SURFACE('',#1631,3.);
#1425=CYLINDRICAL_SURFACE('',#1634,4.);
#1426=CYLINDRICAL_SURFACE('',#1636,4.);
#1427=CYLINDRICAL_SURFACE('',#1638,4.);
#1428=CYLINDRICAL_SURFACE('',#1640,4.);
#1429=CYLINDRICAL_SURFACE('',#1642,4.);
#1430=CYLINDRICAL_SURFACE('',#1644,4.);
#1431=CYLINDRICAL_SURFACE('',#1646,4.);
#1432=CYLINDRICAL_SURFACE('',#1648,4.);
#1433=CYLINDRICAL_SURFACE('',#1650,4.);
#1434=CYLINDRICAL_SURFACE('',#1652,4.);
#1435=CYLINDRICAL_SURFACE('',#1654,4.);
#1436=CYLINDRICAL_SURFACE('',#1656,4.);
#1437=CYLINDRICAL_SURFACE('',#1658,4.);
#1438=CYLINDRICAL_SURFACE('',#1660,4.);
#1439=CYLINDRICAL_SURFACE('',#1662,4.);
#1440=CYLINDRICAL_SURFACE('',#1664,4.);
#1441=CYLINDRICAL_SURFACE('',#1668,4.);
#1442=CYLINDRICAL_SURFACE('',#1670,4.);
#1443=CYLINDRICAL_SURFACE('',#1674,4.);
#1444=CYLINDRICAL_SURFACE('',#1678,4.);
#1445=CYLINDRICAL_SURFACE('',#1683,4.);
#1446=CYLINDRICAL_SURFACE('',#1686,4.);
#1447=CYLINDRICAL_SURFACE('',#1689,4.);
#1448=CYLINDRICAL_SURFACE('',#1696,4.);
#1449=CYLINDRICAL_SURFACE('',#1697,4.);
#1450=CYLINDRICAL_SURFACE('',#1699,4.);
#1451=CYLINDRICAL_SURFACE('',#1700,4.);
#1452=CYLINDRICAL_SURFACE('',#1701,4.);
#1453=CYLINDRICAL_SURFACE('',#1702,1.5);
#1454=CYLINDRICAL_SURFACE('',#1703,1.5);
#1455=CYLINDRICAL_SURFACE('',#1704,1.5);
#1456=CYLINDRICAL_SURFACE('',#1705,1.5);
#1457=CYLINDRICAL_SURFACE('',#1706,1.5);
#1458=CYLINDRICAL_SURFACE('',#1707,1.5);
#1459=CYLINDRICAL_SURFACE('',#1708,1.5);
#1460=CYLINDRICAL_SURFACE('',#1709,1.5);
#1461=ADVANCED_FACE('',(#101),#1421,.T.);
#1462=ADVANCED_FACE('',(#102),#71,.T.);
#1463=ADVANCED_FACE('',(#103,#37,#38,#39,#40,#41,#42,#43,#44,#45,#46,#47,
#48),#72,.F.);
#1464=ADVANCED_FACE('',(#104),#1422,.T.);
#1465=ADVANCED_FACE('',(#105),#73,.T.);
#1466=ADVANCED_FACE('',(#106,#49,#50,#51,#52,#53,#54,#55,#56,#57,#58,#59,
#60),#74,.T.);
#1467=ADVANCED_FACE('',(#107),#1423,.T.);
#1468=ADVANCED_FACE('',(#108),#75,.T.);
#1469=ADVANCED_FACE('',(#109),#1424,.T.);
#1470=ADVANCED_FACE('',(#110),#76,.T.);
#1471=ADVANCED_FACE('',(#111),#1425,.F.);
#1472=ADVANCED_FACE('',(#112),#77,.T.);
#1473=ADVANCED_FACE('',(#113),#1426,.F.);
#1474=ADVANCED_FACE('',(#114),#78,.T.);
#1475=ADVANCED_FACE('',(#115),#1427,.F.);
#1476=ADVANCED_FACE('',(#116),#79,.T.);
#1477=ADVANCED_FACE('',(#117),#1428,.F.);
#1478=ADVANCED_FACE('',(#118),#80,.T.);
#1479=ADVANCED_FACE('',(#119),#1429,.F.);
#1480=ADVANCED_FACE('',(#120),#81,.T.);
#1481=ADVANCED_FACE('',(#121),#1430,.F.);
#1482=ADVANCED_FACE('',(#122),#82,.T.);
#1483=ADVANCED_FACE('',(#123),#1431,.F.);
#1484=ADVANCED_FACE('',(#124),#83,.T.);
#1485=ADVANCED_FACE('',(#125),#1432,.F.);
#1486=ADVANCED_FACE('',(#126),#84,.T.);
#1487=ADVANCED_FACE('',(#127),#1433,.F.);
#1488=ADVANCED_FACE('',(#128),#85,.T.);
#1489=ADVANCED_FACE('',(#129),#1434,.F.);
#1490=ADVANCED_FACE('',(#130),#86,.T.);
#1491=ADVANCED_FACE('',(#131),#1435,.F.);
#1492=ADVANCED_FACE('',(#132),#87,.T.);
#1493=ADVANCED_FACE('',(#133),#1436,.F.);
#1494=ADVANCED_FACE('',(#134),#88,.T.);
#1495=ADVANCED_FACE('',(#135),#1437,.F.);
#1496=ADVANCED_FACE('',(#136),#89,.T.);
#1497=ADVANCED_FACE('',(#137),#1438,.F.);
#1498=ADVANCED_FACE('',(#138),#90,.T.);
#1499=ADVANCED_FACE('',(#139),#1439,.F.);
#1500=ADVANCED_FACE('',(#140),#91,.T.);
#1501=ADVANCED_FACE('',(#141),#1440,.F.);
#1502=ADVANCED_FACE('',(#142),#92,.T.);
#1503=ADVANCED_FACE('',(#143),#31,.T.);
#1504=ADVANCED_FACE('',(#144),#1441,.T.);
#1505=ADVANCED_FACE('',(#145),#1442,.T.);
#1506=ADVANCED_FACE('',(#146),#32,.T.);
#1507=ADVANCED_FACE('',(#147),#1443,.T.);
#1508=ADVANCED_FACE('',(#148),#15,.T.);
#1509=ADVANCED_FACE('',(#149),#1444,.T.);
#1510=ADVANCED_FACE('',(#150),#16,.T.);
#1511=ADVANCED_FACE('',(#151),#1445,.T.);
#1512=ADVANCED_FACE('',(#152),#33,.T.);
#1513=ADVANCED_FACE('',(#153),#1446,.T.);
#1514=ADVANCED_FACE('',(#154),#34,.T.);
#1515=ADVANCED_FACE('',(#155),#1447,.T.);
#1516=ADVANCED_FACE('',(#156),#35,.T.);
#1517=ADVANCED_FACE('',(#157),#36,.T.);
#1518=ADVANCED_FACE('',(#158),#93,.T.);
#1519=ADVANCED_FACE('',(#159),#94,.T.);
#1520=ADVANCED_FACE('',(#160),#1448,.T.);
#1521=ADVANCED_FACE('',(#161),#1449,.T.);
#1522=ADVANCED_FACE('',(#162),#1450,.T.);
#1523=ADVANCED_FACE('',(#163),#1451,.T.);
#1524=ADVANCED_FACE('',(#164),#1452,.T.);
#1525=ADVANCED_FACE('',(#165),#1453,.F.);
#1526=ADVANCED_FACE('',(#166),#1454,.F.);
#1527=ADVANCED_FACE('',(#167),#1455,.F.);
#1528=ADVANCED_FACE('',(#168),#1456,.F.);
#1529=ADVANCED_FACE('',(#169),#1457,.F.);
#1530=ADVANCED_FACE('',(#170),#1458,.F.);
#1531=ADVANCED_FACE('',(#171),#1459,.F.);
#1532=ADVANCED_FACE('',(#172),#1460,.F.);
#1533=ADVANCED_FACE('',(#173),#95,.T.);
#1534=ADVANCED_FACE('',(#174),#96,.T.);
#1535=ADVANCED_FACE('',(#175),#97,.T.);
#1536=ADVANCED_FACE('',(#176),#98,.T.);
#1537=ADVANCED_FACE('',(#177),#99,.T.);
#1538=ADVANCED_FACE('',(#178),#100,.T.);
#1539=CLOSED_SHELL('',(#1461,#1462,#1463,#1464,#1465,#1466,#1467,#1468,
#1469,#1470,#1471,#1472,#1473,#1474,#1475,#1476,#1477,#1478,#1479,#1480,
#1481,#1482,#1483,#1484,#1485,#1486,#1487,#1488,#1489,#1490,#1491,#1492,
#1493,#1494,#1495,#1496,#1497,#1498,#1499,#1500,#1501,#1502,#1503,#1504,
#1505,#1506,#1507,#1508,#1509,#1510,#1511,#1512,#1513,#1514,#1515,#1516,
#1517,#1518,#1519,#1520,#1521,#1522,#1523,#1524,#1525,#1526,#1527,#1528,
#1529,#1530,#1531,#1532,#1533,#1534,#1535,#1536,#1537,#1538));
#1540=DERIVED_UNIT_ELEMENT(#1543,1.);
#1541=DERIVED_UNIT_ELEMENT(#2816,-3.);
#1542=DIMENSIONAL_EXPONENTS(0.,1.,0.,0.,0.,0.,0.);
#1543=(
CONVERSION_BASED_UNIT('gram',#1545)
MASS_UNIT()
NAMED_UNIT(#1542)
);
#1544=(
MASS_UNIT()
NAMED_UNIT(*)
SI_UNIT(.KILO.,.GRAM.)
);
#1545=MASS_MEASURE_WITH_UNIT(MASS_MEASURE(0.001),#1544);
#1546=DERIVED_UNIT((#1540,#1541));
#1547=MEASURE_REPRESENTATION_ITEM('density measure',
POSITIVE_RATIO_MEASURE(1.),#1546);
#1548=PROPERTY_DEFINITION_REPRESENTATION(#1553,#1550);
#1549=PROPERTY_DEFINITION_REPRESENTATION(#1554,#1551);
#1550=REPRESENTATION('material name',(#1552),#2813);
#1551=REPRESENTATION('density',(#1547),#2813);
#1552=DESCRIPTIVE_REPRESENTATION_ITEM('Generic','Generic');
#1553=PROPERTY_DEFINITION('material property','material name',#2823);
#1554=PROPERTY_DEFINITION('material property','density of part',#2823);
#1555=DATE_TIME_ROLE('creation_date');
#1556=APPLIED_DATE_AND_TIME_ASSIGNMENT(#1557,#1555,(#2823));
#1557=DATE_AND_TIME(#1558,#1559);
#1558=CALENDAR_DATE(2026,19,4);
#1559=LOCAL_TIME(0,0,0.,#1560);
#1560=COORDINATED_UNIVERSAL_TIME_OFFSET(0,0,.BEHIND.);
#1561=AXIS2_PLACEMENT_3D('',#2156,#1716,#1717);
#1562=AXIS2_PLACEMENT_3D('',#2157,#1718,#1719);
#1563=AXIS2_PLACEMENT_3D('',#2160,#1720,#1721);
#1564=AXIS2_PLACEMENT_3D('',#2164,#1723,#1724);
#1565=AXIS2_PLACEMENT_3D('',#2166,#1726,#1727);
#1566=AXIS2_PLACEMENT_3D('',#2172,#1731,#1732);
#1567=AXIS2_PLACEMENT_3D('',#2178,#1735,#1736);
#1568=AXIS2_PLACEMENT_3D('',#2222,#1742,#1743);
#1569=AXIS2_PLACEMENT_3D('',#2228,#1746,#1747);
#1570=AXIS2_PLACEMENT_3D('',#2236,#1751,#1752);
#1571=AXIS2_PLACEMENT_3D('',#2253,#1756,#1757);
#1572=AXIS2_PLACEMENT_3D('',#2257,#1759,#1760);
#1573=AXIS2_PLACEMENT_3D('',#2274,#1764,#1765);
#1574=AXIS2_PLACEMENT_3D('',#2279,#1768,#1769);
#1575=AXIS2_PLACEMENT_3D('',#2281,#1770,#1771);
#1576=AXIS2_PLACEMENT_3D('',#2283,#1772,#1773);
#1577=AXIS2_PLACEMENT_3D('',#2285,#1774,#1775);
#1578=AXIS2_PLACEMENT_3D('',#2287,#1776,#1777);
#1579=AXIS2_PLACEMENT_3D('',#2289,#1778,#1779);
#1580=AXIS2_PLACEMENT_3D('',#2291,#1780,#1781);
#1581=AXIS2_PLACEMENT_3D('',#2293,#1782,#1783);
#1582=AXIS2_PLACEMENT_3D('',#2296,#1784,#1785);
#1583=AXIS2_PLACEMENT_3D('',#2300,#1787,#1788);
#1584=AXIS2_PLACEMENT_3D('',#2304,#1790,#1791);
#1585=AXIS2_PLACEMENT_3D('',#2308,#1793,#1794);
#1586=AXIS2_PLACEMENT_3D('',#2312,#1796,#1797);
#1587=AXIS2_PLACEMENT_3D('',#2316,#1799,#1800);
#1588=AXIS2_PLACEMENT_3D('',#2320,#1802,#1803);
#1589=AXIS2_PLACEMENT_3D('',#2324,#1805,#1806);
#1590=AXIS2_PLACEMENT_3D('',#2328,#1808,#1809);
#1591=AXIS2_PLACEMENT_3D('',#2332,#1811,#1812);
#1592=AXIS2_PLACEMENT_3D('',#2336,#1814,#1815);
#1593=AXIS2_PLACEMENT_3D('',#2340,#1817,#1818);
#1594=AXIS2_PLACEMENT_3D('',#2344,#1820,#1821);
#1595=AXIS2_PLACEMENT_3D('',#2348,#1823,#1824);
#1596=AXIS2_PLACEMENT_3D('',#2352,#1826,#1827);
#1597=AXIS2_PLACEMENT_3D('',#2356,#1829,#1830);
#1598=AXIS2_PLACEMENT_3D('',#2358,#1832,#1833);
#1599=AXIS2_PLACEMENT_3D('',#2361,#1834,#1835);
#1600=AXIS2_PLACEMENT_3D('',#2364,#1838,#1839);
#1601=AXIS2_PLACEMENT_3D('',#2368,#1842,#1843);
#1602=AXIS2_PLACEMENT_3D('',#2385,#1852,#1853);
#1603=AXIS2_PLACEMENT_3D('',#2393,#1857,#1858);
#1604=AXIS2_PLACEMENT_3D('',#2433,#1869,#1870);
#1605=AXIS2_PLACEMENT_3D('',#2437,#1872,#1873);
#1606=AXIS2_PLACEMENT_3D('',#2441,#1875,#1876);
#1607=AXIS2_PLACEMENT_3D('',#2444,#1878,#1879);
#1608=AXIS2_PLACEMENT_3D('',#2449,#1881,#1882);
#1609=AXIS2_PLACEMENT_3D('',#2453,#1884,#1885);
#1610=AXIS2_PLACEMENT_3D('',#2457,#1887,#1888);
#1611=AXIS2_PLACEMENT_3D('',#2460,#1890,#1891);
#1612=AXIS2_PLACEMENT_3D('',#2465,#1893,#1894);
#1613=AXIS2_PLACEMENT_3D('',#2469,#1896,#1897);
#1614=AXIS2_PLACEMENT_3D('',#2473,#1899,#1900);
#1615=AXIS2_PLACEMENT_3D('',#2476,#1902,#1903);
#1616=AXIS2_PLACEMENT_3D('',#2481,#1905,#1906);
#1617=AXIS2_PLACEMENT_3D('',#2485,#1908,#1909);
#1618=AXIS2_PLACEMENT_3D('',#2489,#1911,#1912);
#1619=AXIS2_PLACEMENT_3D('',#2492,#1914,#1915);
#1620=AXIS2_PLACEMENT_3D('',#2494,#1916,#1917);
#1621=AXIS2_PLACEMENT_3D('',#2496,#1918,#1919);
#1622=AXIS2_PLACEMENT_3D('',#2498,#1920,#1921);
#1623=AXIS2_PLACEMENT_3D('',#2500,#1922,#1923);
#1624=AXIS2_PLACEMENT_3D('',#2502,#1924,#1925);
#1625=AXIS2_PLACEMENT_3D('',#2504,#1926,#1927);
#1626=AXIS2_PLACEMENT_3D('',#2506,#1928,#1929);
#1627=AXIS2_PLACEMENT_3D('',#2508,#1930,#1931);
#1628=AXIS2_PLACEMENT_3D('',#2509,#1932,#1933);
#1629=AXIS2_PLACEMENT_3D('',#2512,#1936,#1937);
#1630=AXIS2_PLACEMENT_3D('',#2513,#1938,#1939);
#1631=AXIS2_PLACEMENT_3D('',#2514,#1940,#1941);
#1632=AXIS2_PLACEMENT_3D('',#2517,#1944,#1945);
#1633=AXIS2_PLACEMENT_3D('',#2518,#1946,#1947);
#1634=AXIS2_PLACEMENT_3D('',#2519,#1948,#1949);
#1635=AXIS2_PLACEMENT_3D('',#2522,#1952,#1953);
#1636=AXIS2_PLACEMENT_3D('',#2524,#1955,#1956);
#1637=AXIS2_PLACEMENT_3D('',#2526,#1958,#1959);
#1638=AXIS2_PLACEMENT_3D('',#2528,#1961,#1962);
#1639=AXIS2_PLACEMENT_3D('',#2531,#1965,#1966);
#1640=AXIS2_PLACEMENT_3D('',#2532,#1967,#1968);
#1641=AXIS2_PLACEMENT_3D('',#2534,#1970,#1971);
#1642=AXIS2_PLACEMENT_3D('',#2535,#1972,#1973);
#1643=AXIS2_PLACEMENT_3D('',#2538,#1976,#1977);
#1644=AXIS2_PLACEMENT_3D('',#2540,#1979,#1980);
#1645=AXIS2_PLACEMENT_3D('',#2542,#1982,#1983);
#1646=AXIS2_PLACEMENT_3D('',#2544,#1985,#1986);
#1647=AXIS2_PLACEMENT_3D('',#2546,#1988,#1989);
#1648=AXIS2_PLACEMENT_3D('',#2548,#1991,#1992);
#1649=AXIS2_PLACEMENT_3D('',#2550,#1994,#1995);
#1650=AXIS2_PLACEMENT_3D('',#2551,#1996,#1997);
#1651=AXIS2_PLACEMENT_3D('',#2554,#2000,#2001);
#1652=AXIS2_PLACEMENT_3D('',#2556,#2003,#2004);
#1653=AXIS2_PLACEMENT_3D('',#2559,#2007,#2008);
#1654=AXIS2_PLACEMENT_3D('',#2560,#2009,#2010);
#1655=AXIS2_PLACEMENT_3D('',#2563,#2013,#2014);
#1656=AXIS2_PLACEMENT_3D('',#2564,#2015,#2016);
#1657=AXIS2_PLACEMENT_3D('',#2566,#2018,#2019);
#1658=AXIS2_PLACEMENT_3D('',#2567,#2020,#2021);
#1659=AXIS2_PLACEMENT_3D('',#2570,#2024,#2025);
#1660=AXIS2_PLACEMENT_3D('',#2572,#2027,#2028);
#1661=AXIS2_PLACEMENT_3D('',#2575,#2031,#2032);
#1662=AXIS2_PLACEMENT_3D('',#2576,#2033,#2034);
#1663=AXIS2_PLACEMENT_3D('',#2579,#2037,#2038);
#1664=AXIS2_PLACEMENT_3D('',#2580,#2039,#2040);
#1665=AXIS2_PLACEMENT_3D('',#2582,#2042,#2043);
#1666=AXIS2_PLACEMENT_3D('',#2603,#2044,#2045);
#1667=AXIS2_PLACEMENT_3D('',#2604,#2046,#2047);
#1668=AXIS2_PLACEMENT_3D('',#2605,#2048,#2049);
#1669=AXIS2_PLACEMENT_3D('',#2606,#2050,#2051);
#1670=AXIS2_PLACEMENT_3D('',#2607,#2052,#2053);
#1671=AXIS2_PLACEMENT_3D('',#2621,#2054,#2055);
#1672=AXIS2_PLACEMENT_3D('',#2642,#2056,#2057);
#1673=AXIS2_PLACEMENT_3D('',#2643,#2058,#2059);
#1674=AXIS2_PLACEMENT_3D('',#2644,#2060,#2061);
#1675=AXIS2_PLACEMENT_3D('',#2645,#2062,#2063);
#1676=AXIS2_PLACEMENT_3D('',#2646,#2064,#2065);
#1677=AXIS2_PLACEMENT_3D('',#2647,#2066,#2067);
#1678=AXIS2_PLACEMENT_3D('',#2648,#2068,#2069);
#1679=AXIS2_PLACEMENT_3D('',#2649,#2070,#2071);
#1680=AXIS2_PLACEMENT_3D('',#2650,#2072,#2073);
#1681=AXIS2_PLACEMENT_3D('',#2651,#2074,#2075);
#1682=AXIS2_PLACEMENT_3D('',#2652,#2076,#2077);
#1683=AXIS2_PLACEMENT_3D('',#2653,#2078,#2079);
#1684=AXIS2_PLACEMENT_3D('',#2654,#2080,#2081);
#1685=AXIS2_PLACEMENT_3D('',#2675,#2082,#2083);
#1686=AXIS2_PLACEMENT_3D('',#2676,#2084,#2085);
#1687=AXIS2_PLACEMENT_3D('',#2677,#2086,#2087);
#1688=AXIS2_PLACEMENT_3D('',#2698,#2088,#2089);
#1689=AXIS2_PLACEMENT_3D('',#2699,#2090,#2091);
#1690=AXIS2_PLACEMENT_3D('',#2700,#2092,#2093);
#1691=AXIS2_PLACEMENT_3D('',#2731,#2094,#2095);
#1692=AXIS2_PLACEMENT_3D('',#2762,#2096,#2097);
#1693=AXIS2_PLACEMENT_3D('',#2763,#2098,#2099);
#1694=AXIS2_PLACEMENT_3D('',#2764,#2100,#2101);
#1695=AXIS2_PLACEMENT_3D('',#2768,#2104,#2105);
#1696=AXIS2_PLACEMENT_3D('',#2769,#2106,#2107);
#1697=AXIS2_PLACEMENT_3D('',#2770,#2108,#2109);
#1698=AXIS2_PLACEMENT_3D('',#2771,#2110,#2111);
#1699=AXIS2_PLACEMENT_3D('',#2772,#2112,#2113);
#1700=AXIS2_PLACEMENT_3D('',#2773,#2114,#2115);
#1701=AXIS2_PLACEMENT_3D('',#2786,#2116,#2117);
#1702=AXIS2_PLACEMENT_3D('',#2787,#2118,#2119);
#1703=AXIS2_PLACEMENT_3D('',#2789,#2121,#2122);
#1704=AXIS2_PLACEMENT_3D('',#2791,#2124,#2125);
#1705=AXIS2_PLACEMENT_3D('',#2793,#2127,#2128);
#1706=AXIS2_PLACEMENT_3D('',#2795,#2130,#2131);
#1707=AXIS2_PLACEMENT_3D('',#2797,#2133,#2134);
#1708=AXIS2_PLACEMENT_3D('',#2799,#2136,#2137);
#1709=AXIS2_PLACEMENT_3D('',#2801,#2139,#2140);
#1710=AXIS2_PLACEMENT_3D('',#2803,#2142,#2143);
#1711=AXIS2_PLACEMENT_3D('',#2805,#2145,#2146);
#1712=AXIS2_PLACEMENT_3D('',#2807,#2148,#2149);
#1713=AXIS2_PLACEMENT_3D('',#2808,#2150,#2151);
#1714=AXIS2_PLACEMENT_3D('',#2809,#2152,#2153);
#1715=AXIS2_PLACEMENT_3D('',#2810,#2154,#2155);
#1716=DIRECTION('axis',(0.,0.,1.));
#1717=DIRECTION('refdir',(1.,0.,0.));
#1718=DIRECTION('center_axis',(0.,0.,1.));
#1719=DIRECTION('ref_axis',(-0.707106781186543,0.707106781186552,0.));
#1720=DIRECTION('center_axis',(0.,0.,-1.));
#1721=DIRECTION('ref_axis',(-0.707106781186543,0.707106781186552,0.));
#1722=DIRECTION('',(0.,0.,-1.));
#1723=DIRECTION('center_axis',(0.,0.,1.));
#1724=DIRECTION('ref_axis',(-0.707106781186543,0.707106781186552,0.));
#1725=DIRECTION('',(0.,0.,1.));
#1726=DIRECTION('center_axis',(-1.,8.88178419700127E-16,0.));
#1727=DIRECTION('ref_axis',(-8.88178419700127E-16,-1.,0.));
#1728=DIRECTION('',(-8.88178419700127E-16,-1.,0.));
#1729=DIRECTION('',(0.,0.,1.));
#1730=DIRECTION('',(-8.88178419700127E-16,-1.,0.));
#1731=DIRECTION('center_axis',(0.,0.,1.));
#1732=DIRECTION('ref_axis',(1.,0.,0.));
#1733=DIRECTION('',(-1.,4.44089209850062E-15,0.));
#1734=DIRECTION('',(3.5527136788005E-16,-1.,0.));
#1735=DIRECTION('center_axis',(0.,0.,1.));
#1736=DIRECTION('ref_axis',(0.,-1.,0.));
#1737=DIRECTION('',(-1.,-7.10542735760101E-16,0.));
#1738=DIRECTION('',(-0.813733471206735,-0.581238193719096,0.));
#1739=DIRECTION('',(2.07241631263362E-16,-1.,0.));
#1740=DIRECTION('',(0.813733471206735,-0.581238193719096,0.));
#1741=DIRECTION('',(1.,-7.10542735760101E-16,0.));
#1742=DIRECTION('center_axis',(0.,0.,1.));
#1743=DIRECTION('ref_axis',(0.,-1.,0.));
#1744=DIRECTION('',(0.,-1.,0.));
#1745=DIRECTION('',(1.,4.44089209850062E-15,0.));
#1746=DIRECTION('center_axis',(0.,0.,1.));
#1747=DIRECTION('ref_axis',(-0.707106781186543,-0.707106781186552,0.));
#1748=DIRECTION('',(8.88178419700127E-16,-1.,0.));
#1749=DIRECTION('',(-1.,0.,0.));
#1750=DIRECTION('',(-4.44089209850063E-16,1.,0.));
#1751=DIRECTION('center_axis',(0.,0.,1.));
#1752=DIRECTION('ref_axis',(0.707106781186548,-0.707106781186548,0.));
#1753=DIRECTION('',(1.,0.,0.));
#1754=DIRECTION('',(0.,1.,0.));
#1755=DIRECTION('',(-0.813733471206735,0.581238193719096,0.));
#1756=DIRECTION('center_axis',(0.,0.,1.));
#1757=DIRECTION('ref_axis',(0.889167642719611,0.45758158085794,0.));
#1758=DIRECTION('',(-1.48029736616688E-16,1.,0.));
#1759=DIRECTION('center_axis',(0.,0.,1.));
#1760=DIRECTION('ref_axis',(0.88916764271961,-0.457581580857941,0.));
#1761=DIRECTION('',(0.813733471206735,0.581238193719096,0.));
#1762=DIRECTION('',(0.,1.,0.));
#1763=DIRECTION('',(-1.,0.,0.));
#1764=DIRECTION('center_axis',(0.,0.,1.));
#1765=DIRECTION('ref_axis',(0.707106781186548,0.707106781186548,0.));
#1766=DIRECTION('',(0.,1.,0.));
#1767=DIRECTION('',(1.,0.,0.));
#1768=DIRECTION('center_axis',(0.,0.,-1.));
#1769=DIRECTION('ref_axis',(-1.,0.,0.));
#1770=DIRECTION('center_axis',(0.,0.,-1.));
#1771=DIRECTION('ref_axis',(-1.,0.,0.));
#1772=DIRECTION('center_axis',(0.,0.,-1.));
#1773=DIRECTION('ref_axis',(-1.,0.,0.));
#1774=DIRECTION('center_axis',(0.,0.,-1.));
#1775=DIRECTION('ref_axis',(-1.,0.,0.));
#1776=DIRECTION('center_axis',(0.,0.,-1.));
#1777=DIRECTION('ref_axis',(-1.,0.,0.));
#1778=DIRECTION('center_axis',(0.,0.,-1.));
#1779=DIRECTION('ref_axis',(-1.,0.,0.));
#1780=DIRECTION('center_axis',(0.,0.,-1.));
#1781=DIRECTION('ref_axis',(-1.,0.,0.));
#1782=DIRECTION('center_axis',(0.,0.,-1.));
#1783=DIRECTION('ref_axis',(-1.,0.,0.));
#1784=DIRECTION('center_axis',(0.,0.,-1.));
#1785=DIRECTION('ref_axis',(0.707106781186546,-0.707106781186549,0.));
#1786=DIRECTION('',(-7.06417258967728E-16,-1.,0.));
#1787=DIRECTION('center_axis',(0.,0.,-1.));
#1788=DIRECTION('ref_axis',(0.707106781186549,0.707106781186546,0.));
#1789=DIRECTION('',(1.,0.,0.));
#1790=DIRECTION('center_axis',(0.,0.,-1.));
#1791=DIRECTION('ref_axis',(-0.707106781186548,0.707106781186548,0.));
#1792=DIRECTION('',(-1.41283451793546E-15,1.,0.));
#1793=DIRECTION('center_axis',(0.,0.,-1.));
#1794=DIRECTION('ref_axis',(-0.707106781186551,-0.707106781186544,0.));
#1795=DIRECTION('',(-1.,0.,0.));
#1796=DIRECTION('center_axis',(0.,0.,-1.));
#1797=DIRECTION('ref_axis',(0.707106781186549,0.707106781186546,0.));
#1798=DIRECTION('',(1.,0.,0.));
#1799=DIRECTION('center_axis',(0.,0.,-1.));
#1800=DIRECTION('ref_axis',(-0.707106781186544,0.707106781186551,0.));
#1801=DIRECTION('',(0.,1.,0.));
#1802=DIRECTION('center_axis',(0.,0.,-1.));
#1803=DIRECTION('ref_axis',(-0.707106781186551,-0.707106781186544,0.));
#1804=DIRECTION('',(-1.,0.,0.));
#1805=DIRECTION('center_axis',(0.,0.,-1.));
#1806=DIRECTION('ref_axis',(0.707106781186546,-0.707106781186549,0.));
#1807=DIRECTION('',(7.06417258967728E-16,-1.,0.));
#1808=DIRECTION('center_axis',(0.,0.,-1.));
#1809=DIRECTION('ref_axis',(0.707106781186549,-0.707106781186546,0.));
#1810=DIRECTION('',(-1.90881789369163E-16,-1.,0.));
#1811=DIRECTION('center_axis',(0.,0.,-1.));
#1812=DIRECTION('ref_axis',(0.707106781186548,0.707106781186547,0.));
#1813=DIRECTION('',(1.,-2.22044604925031E-16,0.));
#1814=DIRECTION('center_axis',(0.,0.,-1.));
#1815=DIRECTION('ref_axis',(-0.707106781186548,0.707106781186548,0.));
#1816=DIRECTION('',(0.,1.,0.));
#1817=DIRECTION('center_axis',(0.,0.,-1.));
#1818=DIRECTION('ref_axis',(-0.707106781186548,-0.707106781186547,0.));
#1819=DIRECTION('',(-1.,-4.44089209850063E-16,0.));
#1820=DIRECTION('center_axis',(0.,0.,-1.));
#1821=DIRECTION('ref_axis',(0.707106781186547,0.707106781186548,0.));
#1822=DIRECTION('',(1.,0.,0.));
#1823=DIRECTION('center_axis',(0.,0.,-1.));
#1824=DIRECTION('ref_axis',(-0.707106781186548,0.707106781186547,0.));
#1825=DIRECTION('',(-2.181506164219E-16,1.,0.));
#1826=DIRECTION('center_axis',(0.,0.,-1.));
#1827=DIRECTION('ref_axis',(-0.707106781186548,-0.707106781186548,0.));
#1828=DIRECTION('',(-1.,-4.44089209850063E-16,0.));
#1829=DIRECTION('center_axis',(0.,0.,-1.));
#1830=DIRECTION('ref_axis',(0.707106781186548,-0.707106781186547,0.));
#1831=DIRECTION('',(4.36301232843801E-16,-1.,0.));
#1832=DIRECTION('center_axis',(0.,0.,1.));
#1833=DIRECTION('ref_axis',(0.707106781186548,0.707106781186548,0.));
#1834=DIRECTION('center_axis',(0.,0.,-1.));
#1835=DIRECTION('ref_axis',(0.707106781186548,0.707106781186548,0.));
#1836=DIRECTION('',(0.,0.,-1.));
#1837=DIRECTION('',(0.,0.,1.));
#1838=DIRECTION('center_axis',(1.,0.,0.));
#1839=DIRECTION('ref_axis',(0.,1.,0.));
#1840=DIRECTION('',(0.,1.,0.));
#1841=DIRECTION('',(0.,0.,1.));
#1842=DIRECTION('center_axis',(0.,0.,1.));
#1843=DIRECTION('ref_axis',(1.,0.,0.));
#1844=DIRECTION('',(1.,0.,0.));
#1845=DIRECTION('',(-1.,0.,0.));
#1846=DIRECTION('',(0.,-1.,0.));
#1847=DIRECTION('',(-0.813733471206735,-0.581238193719097,0.));
#1848=DIRECTION('',(-1.48029736616688E-16,1.,0.));
#1849=DIRECTION('',(0.813733471206735,-0.581238193719096,0.));
#1850=DIRECTION('',(0.,-1.,0.));
#1851=DIRECTION('',(-1.,0.,0.));
#1852=DIRECTION('center_axis',(0.,0.,-1.));
#1853=DIRECTION('ref_axis',(0.707106781186548,-0.707106781186548,0.));
#1854=DIRECTION('',(-4.44089209850063E-16,1.,0.));
#1855=DIRECTION('',(-1.,0.,0.));
#1856=DIRECTION('',(8.88178419700127E-16,-1.,0.));
#1857=DIRECTION('center_axis',(0.,0.,-1.));
#1858=DIRECTION('ref_axis',(-0.707106781186543,-0.707106781186552,0.));
#1859=DIRECTION('',(1.,4.44089209850062E-15,0.));
#1860=DIRECTION('',(0.,1.,0.));
#1861=DIRECTION('',(-1.,7.10542735760101E-16,0.));
#1862=DIRECTION('',(-0.813733471206735,0.581238193719096,0.));
#1863=DIRECTION('',(-2.07241631263362E-16,1.,0.));
#1864=DIRECTION('',(0.813733471206735,0.581238193719096,0.));
#1865=DIRECTION('',(1.,7.10542735760101E-16,0.));
#1866=DIRECTION('',(-3.5527136788005E-16,1.,0.));
#1867=DIRECTION('',(1.,-4.44089209850062E-15,0.));
#1868=DIRECTION('',(4.36301232843801E-16,-1.,0.));
#1869=DIRECTION('center_axis',(0.,0.,1.));
#1870=DIRECTION('ref_axis',(0.707106781186548,-0.707106781186547,0.));
#1871=DIRECTION('',(-1.,-4.44089209850063E-16,0.));
#1872=DIRECTION('center_axis',(0.,0.,1.));
#1873=DIRECTION('ref_axis',(-0.707106781186548,-0.707106781186548,0.));
#1874=DIRECTION('',(-2.181506164219E-16,1.,0.));
#1875=DIRECTION('center_axis',(0.,0.,1.));
#1876=DIRECTION('ref_axis',(-0.707106781186548,0.707106781186547,0.));
#1877=DIRECTION('',(1.,0.,0.));
#1878=DIRECTION('center_axis',(0.,0.,1.));
#1879=DIRECTION('ref_axis',(0.707106781186547,0.707106781186548,0.));
#1880=DIRECTION('',(-1.,-4.44089209850063E-16,0.));
#1881=DIRECTION('center_axis',(0.,0.,1.));
#1882=DIRECTION('ref_axis',(-0.707106781186548,-0.707106781186547,0.));
#1883=DIRECTION('',(0.,1.,0.));
#1884=DIRECTION('center_axis',(0.,0.,1.));
#1885=DIRECTION('ref_axis',(-0.707106781186548,0.707106781186548,0.));
#1886=DIRECTION('',(1.,-2.22044604925031E-16,0.));
#1887=DIRECTION('center_axis',(0.,0.,1.));
#1888=DIRECTION('ref_axis',(0.707106781186548,0.707106781186547,0.));
#1889=DIRECTION('',(-1.90881789369163E-16,-1.,0.));
#1890=DIRECTION('center_axis',(0.,0.,1.));
#1891=DIRECTION('ref_axis',(0.707106781186549,-0.707106781186546,0.));
#1892=DIRECTION('',(7.06417258967728E-16,-1.,0.));
#1893=DIRECTION('center_axis',(0.,0.,1.));
#1894=DIRECTION('ref_axis',(0.707106781186546,-0.707106781186549,0.));
#1895=DIRECTION('',(-1.,0.,0.));
#1896=DIRECTION('center_axis',(0.,0.,1.));
#1897=DIRECTION('ref_axis',(-0.707106781186551,-0.707106781186544,0.));
#1898=DIRECTION('',(0.,1.,0.));
#1899=DIRECTION('center_axis',(0.,0.,1.));
#1900=DIRECTION('ref_axis',(-0.707106781186544,0.707106781186551,0.));
#1901=DIRECTION('',(1.,0.,0.));
#1902=DIRECTION('center_axis',(0.,0.,1.));
#1903=DIRECTION('ref_axis',(0.707106781186549,0.707106781186546,0.));
#1904=DIRECTION('',(-1.,0.,0.));
#1905=DIRECTION('center_axis',(0.,0.,1.));
#1906=DIRECTION('ref_axis',(-0.707106781186551,-0.707106781186544,0.));
#1907=DIRECTION('',(-1.41283451793546E-15,1.,0.));
#1908=DIRECTION('center_axis',(0.,0.,1.));
#1909=DIRECTION('ref_axis',(-0.707106781186548,0.707106781186548,0.));
#1910=DIRECTION('',(1.,0.,0.));
#1911=DIRECTION('center_axis',(0.,0.,1.));
#1912=DIRECTION('ref_axis',(0.707106781186549,0.707106781186546,0.));
#1913=DIRECTION('',(-7.06417258967728E-16,-1.,0.));
#1914=DIRECTION('center_axis',(0.,0.,1.));
#1915=DIRECTION('ref_axis',(0.707106781186546,-0.707106781186549,0.));
#1916=DIRECTION('center_axis',(0.,0.,-1.));
#1917=DIRECTION('ref_axis',(-1.,0.,0.));
#1918=DIRECTION('center_axis',(0.,0.,-1.));
#1919=DIRECTION('ref_axis',(-1.,0.,0.));
#1920=DIRECTION('center_axis',(0.,0.,-1.));
#1921=DIRECTION('ref_axis',(-1.,0.,0.));
#1922=DIRECTION('center_axis',(0.,0.,-1.));
#1923=DIRECTION('ref_axis',(-1.,0.,0.));
#1924=DIRECTION('center_axis',(0.,0.,-1.));
#1925=DIRECTION('ref_axis',(-1.,0.,0.));
#1926=DIRECTION('center_axis',(0.,0.,-1.));
#1927=DIRECTION('ref_axis',(-1.,0.,0.));
#1928=DIRECTION('center_axis',(0.,0.,-1.));
#1929=DIRECTION('ref_axis',(-1.,0.,0.));
#1930=DIRECTION('center_axis',(0.,0.,-1.));
#1931=DIRECTION('ref_axis',(-1.,0.,0.));
#1932=DIRECTION('center_axis',(0.,0.,1.));
#1933=DIRECTION('ref_axis',(-0.707106781186543,-0.707106781186552,0.));
#1934=DIRECTION('',(0.,0.,-1.));
#1935=DIRECTION('',(0.,0.,1.));
#1936=DIRECTION('center_axis',(4.44089209850062E-15,-1.,0.));
#1937=DIRECTION('ref_axis',(1.,4.44089209850062E-15,0.));
#1938=DIRECTION('center_axis',(-4.44089209850062E-15,1.,0.));
#1939=DIRECTION('ref_axis',(-0.968245836551854,0.,0.25));
#1940=DIRECTION('center_axis',(0.,0.,1.));
#1941=DIRECTION('ref_axis',(0.707106781186548,-0.707106781186548,0.));
#1942=DIRECTION('',(0.,0.,-1.));
#1943=DIRECTION('',(0.,0.,1.));
#1944=DIRECTION('center_axis',(0.,-1.,0.));
#1945=DIRECTION('ref_axis',(1.,0.,0.));
#1946=DIRECTION('center_axis',(0.,1.,0.));
#1947=DIRECTION('ref_axis',(0.968245836551854,0.,0.25));
#1948=DIRECTION('center_axis',(0.,0.,1.));
#1949=DIRECTION('ref_axis',(-0.707106781186551,-0.707106781186544,0.));
#1950=DIRECTION('',(0.,0.,1.));
#1951=DIRECTION('',(0.,0.,-1.));
#1952=DIRECTION('center_axis',(1.,1.41283451793546E-15,0.));
#1953=DIRECTION('ref_axis',(-1.41283451793546E-15,1.,0.));
#1954=DIRECTION('',(0.,0.,-1.));
#1955=DIRECTION('center_axis',(0.,0.,1.));
#1956=DIRECTION('ref_axis',(-0.707106781186548,0.707106781186548,0.));
#1957=DIRECTION('',(0.,0.,1.));
#1958=DIRECTION('center_axis',(0.,-1.,0.));
#1959=DIRECTION('ref_axis',(1.,0.,0.));
#1960=DIRECTION('',(0.,0.,-1.));
#1961=DIRECTION('center_axis',(0.,0.,1.));
#1962=DIRECTION('ref_axis',(0.707106781186546,-0.707106781186549,0.));
#1963=DIRECTION('',(0.,0.,1.));
#1964=DIRECTION('',(0.,0.,-1.));
#1965=DIRECTION('center_axis',(0.,1.,0.));
#1966=DIRECTION('ref_axis',(-1.,0.,0.));
#1967=DIRECTION('center_axis',(0.,0.,1.));
#1968=DIRECTION('ref_axis',(0.707106781186549,0.707106781186546,0.));
#1969=DIRECTION('',(0.,0.,1.));
#1970=DIRECTION('center_axis',(-1.,7.06417258967728E-16,0.));
#1971=DIRECTION('ref_axis',(-7.06417258967728E-16,-1.,0.));
#1972=DIRECTION('center_axis',(0.,0.,1.));
#1973=DIRECTION('ref_axis',(0.707106781186546,-0.707106781186549,0.));
#1974=DIRECTION('',(0.,0.,1.));
#1975=DIRECTION('',(0.,0.,-1.));
#1976=DIRECTION('center_axis',(0.,1.,0.));
#1977=DIRECTION('ref_axis',(-1.,0.,0.));
#1978=DIRECTION('',(0.,0.,-1.));
#1979=DIRECTION('center_axis',(0.,0.,1.));
#1980=DIRECTION('ref_axis',(-0.707106781186551,-0.707106781186544,0.));
#1981=DIRECTION('',(0.,0.,1.));
#1982=DIRECTION('center_axis',(1.,0.,0.));
#1983=DIRECTION('ref_axis',(0.,1.,0.));
#1984=DIRECTION('',(0.,0.,-1.));
#1985=DIRECTION('center_axis',(0.,0.,1.));
#1986=DIRECTION('ref_axis',(-0.707106781186544,0.707106781186551,0.));
#1987=DIRECTION('',(0.,0.,1.));
#1988=DIRECTION('center_axis',(0.,-1.,0.));
#1989=DIRECTION('ref_axis',(1.,0.,0.));
#1990=DIRECTION('',(0.,0.,-1.));
#1991=DIRECTION('center_axis',(0.,0.,1.));
#1992=DIRECTION('ref_axis',(0.707106781186549,0.707106781186546,0.));
#1993=DIRECTION('',(0.,0.,1.));
#1994=DIRECTION('center_axis',(-1.,-7.06417258967728E-16,0.));
#1995=DIRECTION('ref_axis',(7.06417258967728E-16,-1.,0.));
#1996=DIRECTION('center_axis',(0.,0.,1.));
#1997=DIRECTION('ref_axis',(-0.707106781186548,-0.707106781186547,0.));
#1998=DIRECTION('',(0.,0.,1.));
#1999=DIRECTION('',(0.,0.,-1.));
#2000=DIRECTION('center_axis',(1.,0.,0.));
#2001=DIRECTION('ref_axis',(0.,1.,0.));
#2002=DIRECTION('',(0.,0.,-1.));
#2003=DIRECTION('center_axis',(0.,0.,1.));
#2004=DIRECTION('ref_axis',(0.707106781186549,-0.707106781186546,0.));
#2005=DIRECTION('',(0.,0.,1.));
#2006=DIRECTION('',(0.,0.,-1.));
#2007=DIRECTION('center_axis',(-4.44089209850063E-16,1.,0.));
#2008=DIRECTION('ref_axis',(-1.,-4.44089209850063E-16,0.));
#2009=DIRECTION('center_axis',(0.,0.,1.));
#2010=DIRECTION('ref_axis',(0.707106781186548,0.707106781186547,0.));
#2011=DIRECTION('',(0.,0.,1.));
#2012=DIRECTION('',(0.,0.,-1.));
#2013=DIRECTION('center_axis',(-1.,1.90881789369163E-16,0.));
#2014=DIRECTION('ref_axis',(-1.90881789369163E-16,-1.,0.));
#2015=DIRECTION('center_axis',(0.,0.,1.));
#2016=DIRECTION('ref_axis',(-0.707106781186548,0.707106781186548,0.));
#2017=DIRECTION('',(0.,0.,1.));
#2018=DIRECTION('center_axis',(-2.22044604925031E-16,-1.,0.));
#2019=DIRECTION('ref_axis',(1.,-2.22044604925031E-16,0.));
#2020=DIRECTION('center_axis',(0.,0.,1.));
#2021=DIRECTION('ref_axis',(0.707106781186547,0.707106781186548,0.));
#2022=DIRECTION('',(0.,0.,1.));
#2023=DIRECTION('',(0.,0.,-1.));
#2024=DIRECTION('center_axis',(-1.,-4.36301232843801E-16,0.));
#2025=DIRECTION('ref_axis',(4.36301232843801E-16,-1.,0.));
#2026=DIRECTION('',(0.,0.,-1.));
#2027=DIRECTION('center_axis',(0.,0.,1.));
#2028=DIRECTION('ref_axis',(-0.707106781186548,0.707106781186547,0.));
#2029=DIRECTION('',(0.,0.,1.));
#2030=DIRECTION('',(0.,0.,-1.));
#2031=DIRECTION('center_axis',(0.,-1.,0.));
#2032=DIRECTION('ref_axis',(1.,0.,0.));
#2033=DIRECTION('center_axis',(0.,0.,1.));
#2034=DIRECTION('ref_axis',(-0.707106781186548,-0.707106781186548,0.));
#2035=DIRECTION('',(0.,0.,1.));
#2036=DIRECTION('',(0.,0.,-1.));
#2037=DIRECTION('center_axis',(1.,2.181506164219E-16,0.));
#2038=DIRECTION('ref_axis',(-2.181506164219E-16,1.,0.));
#2039=DIRECTION('center_axis',(0.,0.,1.));
#2040=DIRECTION('ref_axis',(0.707106781186548,-0.707106781186547,0.));
#2041=DIRECTION('',(0.,0.,1.));
#2042=DIRECTION('center_axis',(-4.44089209850063E-16,1.,0.));
#2043=DIRECTION('ref_axis',(-1.,-4.44089209850063E-16,0.));
#2044=DIRECTION('center_axis',(-0.150172138174855,-0.988659865128545,0.));
#2045=DIRECTION('ref_axis',(0.988659865128545,-0.150172138174855,-4.83534718851878E-17));
#2046=DIRECTION('center_axis',(0.717219841554142,0.696846969485447,0.));
#2047=DIRECTION('ref_axis',(0.696846969485447,-0.717219841554142,-4.83534718851879E-17));
#2048=DIRECTION('center_axis',(0.,-1.,0.));
#2049=DIRECTION('ref_axis',(0.968245836551854,0.,0.25));
#2050=DIRECTION('center_axis',(0.,-1.,0.));
#2051=DIRECTION('ref_axis',(0.968245836551854,0.,0.25));
#2052=DIRECTION('center_axis',(-0.813733471206735,-0.581238193719097,0.));
#2053=DIRECTION('ref_axis',(0.562781461113436,-0.787894045558809,0.25));
#2054=DIRECTION('center_axis',(-1.,-1.48029736616688E-16,0.));
#2055=DIRECTION('ref_axis',(2.32800553143017E-16,-1.,-2.54088460024276E-16));
#2056=DIRECTION('center_axis',(0.717219841554143,-0.696846969485446,0.));
#2057=DIRECTION('ref_axis',(0.696846969485446,0.717219841554143,0.));
#2058=DIRECTION('center_axis',(-0.150172138174861,0.988659865128544,4.0570826522362E-15));
#2059=DIRECTION('ref_axis',(0.988659865128544,0.150172138174861,0.));
#2060=DIRECTION('center_axis',(0.,-1.,0.));
#2061=DIRECTION('ref_axis',(0.968245836551854,0.,0.25));
#2062=DIRECTION('center_axis',(0.258543844997508,-0.879049072991533,-0.400534402375915));
#2063=DIRECTION('ref_axis',(-0.476731294622795,-0.476731294622795,0.738548945875998));
#2064=DIRECTION('center_axis',(-1.,7.10542735760101E-16,0.));
#2065=DIRECTION('ref_axis',(0.,-0.968245836551854,0.25));
#2066=DIRECTION('center_axis',(0.,-1.,0.));
#2067=DIRECTION('ref_axis',(-0.968245836551854,0.,0.25));
#2068=DIRECTION('center_axis',(-1.,7.10542735760101E-16,0.));
#2069=DIRECTION('ref_axis',(0.,-0.968245836551854,0.25));
#2070=DIRECTION('center_axis',(0.841915679883039,-0.539609106638389,0.));
#2071=DIRECTION('ref_axis',(-0.539609106638388,-0.841915679883039,-2.33678543149774E-16));
#2072=DIRECTION('center_axis',(-0.258543844997508,-0.879049072991533,0.400534402375915));
#2073=DIRECTION('ref_axis',(-0.476731294622795,0.476731294622795,0.738548945875998));
#2074=DIRECTION('center_axis',(-3.5527136788005E-16,1.,0.));
#2075=DIRECTION('ref_axis',(-0.968245836551854,0.,0.25));
#2076=DIRECTION('center_axis',(-1.,-7.10542735760101E-16,0.));
#2077=DIRECTION('ref_axis',(0.,0.968245836551854,0.25));
#2078=DIRECTION('center_axis',(1.,7.10542735760101E-16,0.));
#2079=DIRECTION('ref_axis',(0.,0.968245836551854,0.25));
#2080=DIRECTION('center_axis',(0.84191567988304,0.539609106638387,0.));
#2081=DIRECTION('ref_axis',(-0.539609106638387,0.84191567988304,2.62888361043496E-16));
#2082=DIRECTION('center_axis',(-0.998736391111476,-0.0502555575993856,0.));
#2083=DIRECTION('ref_axis',(-0.0502555575993856,0.998736391111476,2.62888361043495E-16));
#2084=DIRECTION('center_axis',(0.813733471206735,0.581238193719096,0.));
#2085=DIRECTION('ref_axis',(-0.562781461113435,0.78789404555881,0.25));
#2086=DIRECTION('center_axis',(0.942814385804637,-0.333318217203659,0.));
#2087=DIRECTION('ref_axis',(0.333318217203659,0.942814385804637,-3.97919436542305E-17));
#2088=DIRECTION('center_axis',(-0.998736391111476,0.0502555575993837,-2.21764027388599E-15));
#2089=DIRECTION('ref_axis',(-0.0502555575993837,-0.998736391111476,-2.33678543149774E-16));
#2090=DIRECTION('center_axis',(-0.813733471206735,0.581238193719096,0.));
#2091=DIRECTION('ref_axis',(-0.562781461113435,-0.78789404555881,0.25));
#2092=DIRECTION('center_axis',(0.942814385804636,0.333318217203661,-1.04673423906813E-15));
#2093=DIRECTION('ref_axis',(0.333318217203661,-0.942814385804636,0.));
#2094=DIRECTION('center_axis',(-1.,-2.07241631263362E-16,0.));
#2095=DIRECTION('ref_axis',(2.07241631263362E-16,-1.,0.));
#2096=DIRECTION('center_axis',(-1.,-2.07241631263362E-16,0.));
#2097=DIRECTION('ref_axis',(-2.07241631263362E-16,1.,-5.64641022276168E-17));
#2098=DIRECTION('center_axis',(-1.,-2.07241631263362E-16,0.));
#2099=DIRECTION('ref_axis',(2.07241631263362E-16,-1.,0.));
#2100=DIRECTION('center_axis',(1.,1.48029736616688E-16,0.));
#2101=DIRECTION('ref_axis',(-1.48029736616688E-16,1.,0.));
#2102=DIRECTION('',(0.,0.,1.));
#2103=DIRECTION('',(0.,0.,-1.));
#2104=DIRECTION('center_axis',(-1.,-1.48029736616688E-16,0.));
#2105=DIRECTION('ref_axis',(-1.78129421246489E-16,1.,-2.82320511138084E-17));
#2106=DIRECTION('center_axis',(0.,0.,1.));
#2107=DIRECTION('ref_axis',(0.88916764271961,-0.457581580857941,0.));
#2108=DIRECTION('center_axis',(-3.5527136788005E-16,1.,0.));
#2109=DIRECTION('ref_axis',(-0.968245836551854,0.,0.25));
#2110=DIRECTION('center_axis',(-4.44089209850062E-15,-1.,0.));
#2111=DIRECTION('ref_axis',(-0.968245836551854,0.,0.25));
#2112=DIRECTION('center_axis',(0.,1.,0.));
#2113=DIRECTION('ref_axis',(-0.968245836551854,0.,0.25));
#2114=DIRECTION('center_axis',(0.813733471206735,-0.581238193719096,0.));
#2115=DIRECTION('ref_axis',(0.562781461113435,0.78789404555881,0.25));
#2116=DIRECTION('center_axis',(0.,0.,1.));
#2117=DIRECTION('ref_axis',(0.889167642719611,0.45758158085794,0.));
#2118=DIRECTION('center_axis',(0.,0.,1.));
#2119=DIRECTION('ref_axis',(-1.,0.,0.));
#2120=DIRECTION('',(0.,0.,-1.));
#2121=DIRECTION('center_axis',(0.,0.,1.));
#2122=DIRECTION('ref_axis',(-1.,0.,0.));
#2123=DIRECTION('',(0.,0.,-1.));
#2124=DIRECTION('center_axis',(0.,0.,1.));
#2125=DIRECTION('ref_axis',(-1.,0.,0.));
#2126=DIRECTION('',(0.,0.,-1.));
#2127=DIRECTION('center_axis',(0.,0.,1.));
#2128=DIRECTION('ref_axis',(-1.,0.,0.));
#2129=DIRECTION('',(0.,0.,-1.));
#2130=DIRECTION('center_axis',(0.,0.,1.));
#2131=DIRECTION('ref_axis',(-1.,0.,0.));
#2132=DIRECTION('',(0.,0.,-1.));
#2133=DIRECTION('center_axis',(0.,0.,1.));
#2134=DIRECTION('ref_axis',(-1.,0.,0.));
#2135=DIRECTION('',(0.,0.,-1.));
#2136=DIRECTION('center_axis',(0.,0.,1.));
#2137=DIRECTION('ref_axis',(-1.,0.,0.));
#2138=DIRECTION('',(0.,0.,-1.));
#2139=DIRECTION('center_axis',(0.,0.,1.));
#2140=DIRECTION('ref_axis',(-1.,0.,0.));
#2141=DIRECTION('',(0.,0.,-1.));
#2142=DIRECTION('center_axis',(-1.,-8.88178419700127E-16,0.));
#2143=DIRECTION('ref_axis',(8.88178419700127E-16,-1.,0.));
#2144=DIRECTION('',(0.,0.,1.));
#2145=DIRECTION('center_axis',(0.,1.,0.));
#2146=DIRECTION('ref_axis',(-1.,0.,0.));
#2147=DIRECTION('',(0.,0.,1.));
#2148=DIRECTION('center_axis',(1.,4.44089209850063E-16,0.));
#2149=DIRECTION('ref_axis',(-4.44089209850063E-16,1.,0.));
#2150=DIRECTION('center_axis',(0.,1.,0.));
#2151=DIRECTION('ref_axis',(-1.,0.,0.));
#2152=DIRECTION('center_axis',(0.,-1.,0.));
#2153=DIRECTION('ref_axis',(1.,0.,0.));
#2154=DIRECTION('center_axis',(4.44089209850062E-15,1.,0.));
#2155=DIRECTION('ref_axis',(-1.,4.44089209850062E-15,0.));
#2156=CARTESIAN_POINT('',(0.,0.,0.));
#2157=CARTESIAN_POINT('Origin',(-101.,-128.,0.));
#2158=CARTESIAN_POINT('',(-104.,-128.,3.));
#2159=CARTESIAN_POINT('',(-101.,-125.,3.));
#2160=CARTESIAN_POINT('Origin',(-101.,-128.,3.));
#2161=CARTESIAN_POINT('',(-101.,-125.,0.));
#2162=CARTESIAN_POINT('',(-101.,-125.,0.));
#2163=CARTESIAN_POINT('',(-104.,-128.,0.));
#2164=CARTESIAN_POINT('Origin',(-101.,-128.,0.));
#2165=CARTESIAN_POINT('',(-104.,-128.,0.));
#2166=CARTESIAN_POINT('Origin',(-104.,-125.,0.));
#2167=CARTESIAN_POINT('',(-104.,-145.,0.));
#2168=CARTESIAN_POINT('',(-104.,-125.,0.));
#2169=CARTESIAN_POINT('',(-104.,-145.,3.));
#2170=CARTESIAN_POINT('',(-104.,-145.,0.));
#2171=CARTESIAN_POINT('',(-104.,-125.,3.));
#2172=CARTESIAN_POINT('Origin',(-52.,0.,0.));
#2173=CARTESIAN_POINT('',(-99.9999999999999,-125.,0.));
#2174=CARTESIAN_POINT('',(-99.9999999999999,-125.,0.));
#2175=CARTESIAN_POINT('',(-100.,-78.8729833462074,0.));
#2176=CARTESIAN_POINT('',(-100.,-75.,0.));
#2177=CARTESIAN_POINT('',(-96.1270166537926,-75.,0.));
#2178=CARTESIAN_POINT('Origin',(-96.1270166537926,-78.8729833462074,0.));
#2179=CARTESIAN_POINT('',(-76.2411558148927,-75.,0.));
#2180=CARTESIAN_POINT('',(-75.,-75.,0.));
#2181=CARTESIAN_POINT('',(-73.9900299704389,-74.2785928360278,0.));
#2182=CARTESIAN_POINT('Ctrl Pts',(-73.9900299704389,-74.2785928360278,1.75113592219701E-16));
#2183=CARTESIAN_POINT('Ctrl Pts',(-74.3166435853577,-74.5118882752555,1.75812733977868E-16));
#2184=CARTESIAN_POINT('Ctrl Pts',(-74.6765441841397,-74.6932545324535,-1.11022373556473E-15));
#2185=CARTESIAN_POINT('Ctrl Pts',(-75.441248389165,-74.9383568798625,-1.11022231346083E-15));
#2186=CARTESIAN_POINT('Ctrl Pts',(-75.8396523288464,-75.,-2.86882351416386E-16));
#2187=CARTESIAN_POINT('Ctrl Pts',(-76.2411558148927,-75.,-2.86848657220195E-16));
#2188=CARTESIAN_POINT('',(-31.7488741555462,-44.1063386825331,0.));
#2189=CARTESIAN_POINT('',(-30.,-42.8571428571429,0.));
#2190=CARTESIAN_POINT('',(-30.,-40.7196889196385,0.));
#2191=CARTESIAN_POINT('Ctrl Pts',(-30.,-40.7196889196385,-5.19792825003451E-16));
#2192=CARTESIAN_POINT('Ctrl Pts',(-30.,-41.2567159242539,-5.20561114878702E-16));
#2193=CARTESIAN_POINT('Ctrl Pts',(-30.1055875207411,-41.7884313852876,-1.42088634099078E-9));
#2194=CARTESIAN_POINT('Ctrl Pts',(-30.4563583202615,-42.6454031050579,-1.42088637369105E-9));
#2195=CARTESIAN_POINT('Ctrl Pts',(-30.6533626454533,-42.9832200017061,-5.08204589522165E-13));
#2196=CARTESIAN_POINT('Ctrl Pts',(-31.1384997775307,-43.6002619275119,-5.08204589522165E-13));
#2197=CARTESIAN_POINT('Ctrl Pts',(-31.4266799263703,-43.8761999474074,-8.42101784743512E-17));
#2198=CARTESIAN_POINT('Ctrl Pts',(-31.7488741555462,-44.1063386825331,-8.42799801628112E-17));
#2199=CARTESIAN_POINT('',(-30.,40.7196889196385,0.));
#2200=CARTESIAN_POINT('',(-30.,42.8571428571429,0.));
#2201=CARTESIAN_POINT('',(-31.7488741555463,44.1063386825331,0.));
#2202=CARTESIAN_POINT('Ctrl Pts',(-31.7488741555463,44.1063386825331,-1.3236007270316E-16));
#2203=CARTESIAN_POINT('Ctrl Pts',(-31.5325094300419,43.9517924500299,-1.32109794567198E-16));
#2204=CARTESIAN_POINT('Ctrl Pts',(-31.3313374756212,43.7764733768036,2.68384776111868E-16));
#2205=CARTESIAN_POINT('Ctrl Pts',(-30.7776767181903,43.1928332855567,2.9612764961027E-16));
#2206=CARTESIAN_POINT('Ctrl Pts',(-30.4846740749882,42.7332737057601,-2.08166817117217E-16));
#2207=CARTESIAN_POINT('Ctrl Pts',(-30.0980684898245,41.7500236176568,-2.08166817117217E-16));
#2208=CARTESIAN_POINT('Ctrl Pts',(-30.,41.2372365561573,9.63263545850001E-17));
#2209=CARTESIAN_POINT('Ctrl Pts',(-30.,40.7196889196385,9.68096542390802E-17));
#2210=CARTESIAN_POINT('',(-73.990029970439,74.2785928360278,0.));
#2211=CARTESIAN_POINT('',(-75.,75.,0.));
#2212=CARTESIAN_POINT('',(-76.2411558148927,75.,0.));
#2213=CARTESIAN_POINT('Ctrl Pts',(-76.2411558148927,75.,1.38950600523083E-16));
#2214=CARTESIAN_POINT('Ctrl Pts',(-75.8397791645818,75.,1.3865014043628E-16));
#2215=CARTESIAN_POINT('Ctrl Pts',(-75.4414990053103,74.938395820075,4.16334345174005E-16));
#2216=CARTESIAN_POINT('Ctrl Pts',(-74.6767707524242,74.6933685131748,4.16332923070111E-16));
#2217=CARTESIAN_POINT('Ctrl Pts',(-74.316746795841,74.5119619970293,3.53073754606911E-16));
#2218=CARTESIAN_POINT('Ctrl Pts',(-73.990029970439,74.2785928360278,3.53135332898207E-16));
#2219=CARTESIAN_POINT('',(-96.1270166537926,75.,0.));
#2220=CARTESIAN_POINT('',(-100.,75.,0.));
#2221=CARTESIAN_POINT('',(-100.,78.8729833462074,0.));
#2222=CARTESIAN_POINT('Origin',(-96.1270166537926,78.8729833462074,0.));
#2223=CARTESIAN_POINT('',(-100.,125.,0.));
#2224=CARTESIAN_POINT('',(-100.,125.,0.));
#2225=CARTESIAN_POINT('',(-101.,125.,0.));
#2226=CARTESIAN_POINT('',(-104.,125.,0.));
#2227=CARTESIAN_POINT('',(-104.,128.,0.));
#2228=CARTESIAN_POINT('Origin',(-101.,128.,0.));
#2229=CARTESIAN_POINT('',(-104.,145.,0.));
#2230=CARTESIAN_POINT('',(-104.,145.,0.));
#2231=CARTESIAN_POINT('',(-66.,145.,0.));
#2232=CARTESIAN_POINT('',(-66.,145.,0.));
#2233=CARTESIAN_POINT('',(-66.,128.,0.));
#2234=CARTESIAN_POINT('',(-66.,125.,0.));
#2235=CARTESIAN_POINT('',(-69.,125.,0.));
#2236=CARTESIAN_POINT('Origin',(-69.,128.,0.));
#2237=CARTESIAN_POINT('',(-70.,125.,0.));
#2238=CARTESIAN_POINT('',(-70.,125.,0.));
#2239=CARTESIAN_POINT('',(-70.,111.993106538125,0.));
#2240=CARTESIAN_POINT('',(-70.,110.,0.));
#2241=CARTESIAN_POINT('',(-68.3781424982463,108.84153035589,0.));
#2242=CARTESIAN_POINT('Ctrl Pts',(-68.3781424982463,108.84153035589,-2.4166717943845E-16));
#2243=CARTESIAN_POINT('Ctrl Pts',(-68.7945361817383,109.138954415527,-2.41960323377817E-16));
#2244=CARTESIAN_POINT('Ctrl Pts',(-69.1496565092613,109.513244016112,2.75116217534444E-16));
#2245=CARTESIAN_POINT('Ctrl Pts',(-69.609142931193,110.250472059306,2.79255089908321E-16));
#2246=CARTESIAN_POINT('Ctrl Pts',(-69.753745177268,110.577271318351,2.39946951197112E-13));
#2247=CARTESIAN_POINT('Ctrl Pts',(-69.9506666885612,111.26925727531,2.39946951197112E-13));
#2248=CARTESIAN_POINT('Ctrl Pts',(-70.,111.63034659123,4.09790399692217E-17));
#2249=CARTESIAN_POINT('Ctrl Pts',(-70.,111.993106538125,4.13331135483919E-17));
#2250=CARTESIAN_POINT('',(-1.67504722512363,61.1964623036597,0.));
#2251=CARTESIAN_POINT('',(-8.88178419700125E-15,60.,0.));
#2252=CARTESIAN_POINT('',(-8.57706919100814E-15,57.9415284188328,0.));
#2253=CARTESIAN_POINT('Origin',(-4.00000000000001,57.9415284188328,0.));
#2254=CARTESIAN_POINT('',(8.57706919100813E-15,-57.9415284188328,0.));
#2255=CARTESIAN_POINT('',(8.88178419700125E-15,-60.,0.));
#2256=CARTESIAN_POINT('',(-1.6750472251236,-61.1964623036597,0.));
#2257=CARTESIAN_POINT('Origin',(-3.99999999999999,-57.9415284188328,0.));
#2258=CARTESIAN_POINT('',(-68.3781424982463,-108.84153035589,0.));
#2259=CARTESIAN_POINT('',(-70.,-110.,0.));
#2260=CARTESIAN_POINT('',(-70.,-111.993106538125,0.));
#2261=CARTESIAN_POINT('Ctrl Pts',(-70.,-111.993106538125,-2.06331052095675E-16));
#2262=CARTESIAN_POINT('Ctrl Pts',(-70.,-111.481398837477,-1.99031248602892E-16));
#2263=CARTESIAN_POINT('Ctrl Pts',(-69.9018375218022,-110.974874129294,9.69005607925167E-16));
#2264=CARTESIAN_POINT('Ctrl Pts',(-69.569001445065,-110.172469552018,9.73144480299044E-16));
#2265=CARTESIAN_POINT('Ctrl Pts',(-69.387122297931,-109.864853653339,2.43138842392909E-13));
#2266=CARTESIAN_POINT('Ctrl Pts',(-68.9384884666766,-109.302403360697,2.43138842392909E-13));
#2267=CARTESIAN_POINT('Ctrl Pts',(-68.6733324090485,-109.052380292177,-1.23533128151724E-16));
#2268=CARTESIAN_POINT('Ctrl Pts',(-68.3781424982463,-108.84153035589,-1.2405782521887E-16));
#2269=CARTESIAN_POINT('',(-70.,-125.,0.));
#2270=CARTESIAN_POINT('',(-70.,-125.,0.));
#2271=CARTESIAN_POINT('',(-69.,-125.,0.));
#2272=CARTESIAN_POINT('',(-66.,-125.,0.));
#2273=CARTESIAN_POINT('',(-66.,-128.,0.));
#2274=CARTESIAN_POINT('Origin',(-69.,-128.,0.));
#2275=CARTESIAN_POINT('',(-66.,-145.,0.));
#2276=CARTESIAN_POINT('',(-66.,-145.,0.));
#2277=CARTESIAN_POINT('',(-104.,-145.,0.));
#2278=CARTESIAN_POINT('',(-99.5,-141.,0.));
#2279=CARTESIAN_POINT('Origin',(-101.,-141.,0.));
#2280=CARTESIAN_POINT('',(-67.5,-141.,0.));
#2281=CARTESIAN_POINT('Origin',(-69.,-141.,0.));
#2282=CARTESIAN_POINT('',(-99.5,141.,0.));
#2283=CARTESIAN_POINT('Origin',(-101.,141.,0.));
#2284=CARTESIAN_POINT('',(-67.5,141.,0.));
#2285=CARTESIAN_POINT('Origin',(-69.,141.,0.));
#2286=CARTESIAN_POINT('',(-23.5,-16.75,0.));
#2287=CARTESIAN_POINT('Origin',(-25.,-16.75,0.));
#2288=CARTESIAN_POINT('',(-23.5,16.75,0.));
#2289=CARTESIAN_POINT('Origin',(-25.,16.75,0.));
#2290=CARTESIAN_POINT('',(-3.49999999999999,-16.75,0.));
#2291=CARTESIAN_POINT('Origin',(-4.99999999999999,-16.75,0.));
#2292=CARTESIAN_POINT('',(-3.49999999999999,16.75,0.));
#2293=CARTESIAN_POINT('Origin',(-4.99999999999999,16.75,0.));
#2294=CARTESIAN_POINT('',(-75.,-116.,0.));
#2295=CARTESIAN_POINT('',(-79.,-120.,0.));
#2296=CARTESIAN_POINT('Origin',(-79.,-116.,0.));
#2297=CARTESIAN_POINT('',(-75.,-111.427,0.));
#2298=CARTESIAN_POINT('',(-75.,-107.427,0.));
#2299=CARTESIAN_POINT('',(-79.,-107.427,0.));
#2300=CARTESIAN_POINT('Origin',(-79.,-111.427,0.));
#2301=CARTESIAN_POINT('',(-91.,-107.427,0.));
#2302=CARTESIAN_POINT('',(-95.,-107.427,0.));
#2303=CARTESIAN_POINT('',(-95.,-111.427,0.));
#2304=CARTESIAN_POINT('Origin',(-91.,-111.427,0.));
#2305=CARTESIAN_POINT('',(-95.,-116.,0.));
#2306=CARTESIAN_POINT('',(-95.,-120.,0.));
#2307=CARTESIAN_POINT('',(-91.,-120.,0.));
#2308=CARTESIAN_POINT('Origin',(-91.,-116.,0.));
#2309=CARTESIAN_POINT('',(-75.,-120.,0.));
#2310=CARTESIAN_POINT('',(-79.0000000000001,120.,0.));
#2311=CARTESIAN_POINT('',(-75.0000000000001,116.,0.));
#2312=CARTESIAN_POINT('Origin',(-79.0000000000001,116.,0.));
#2313=CARTESIAN_POINT('',(-91.0000000000001,120.,0.));
#2314=CARTESIAN_POINT('',(-95.,120.,0.));
#2315=CARTESIAN_POINT('',(-95.,116.,0.));
#2316=CARTESIAN_POINT('Origin',(-91.0000000000001,116.,0.));
#2317=CARTESIAN_POINT('',(-95.,111.427,0.));
#2318=CARTESIAN_POINT('',(-95.,107.427,0.));
#2319=CARTESIAN_POINT('',(-91.,107.427,0.));
#2320=CARTESIAN_POINT('Origin',(-91.,111.427,0.));
#2321=CARTESIAN_POINT('',(-79.,107.427,0.));
#2322=CARTESIAN_POINT('',(-75.,107.427,0.));
#2323=CARTESIAN_POINT('',(-75.,111.427,0.));
#2324=CARTESIAN_POINT('Origin',(-79.,111.427,0.));
#2325=CARTESIAN_POINT('',(-75.0000000000001,120.,0.));
#2326=CARTESIAN_POINT('',(-4.99999999999998,-38.857,0.));
#2327=CARTESIAN_POINT('',(-8.99999999999998,-42.857,0.));
#2328=CARTESIAN_POINT('Origin',(-8.99999999999998,-38.857,0.));
#2329=CARTESIAN_POINT('',(-4.99999999999998,-26.5,0.));
#2330=CARTESIAN_POINT('',(-4.99999999999998,-22.5,0.));
#2331=CARTESIAN_POINT('',(-8.99999999999998,-22.5,0.));
#2332=CARTESIAN_POINT('Origin',(-8.99999999999998,-26.5,0.));
#2333=CARTESIAN_POINT('',(-21.,-22.5,0.));
#2334=CARTESIAN_POINT('',(-25.,-22.5,0.));
#2335=CARTESIAN_POINT('',(-25.,-26.5,0.));
#2336=CARTESIAN_POINT('Origin',(-21.,-26.5,0.));
#2337=CARTESIAN_POINT('',(-25.,-38.857,0.));
#2338=CARTESIAN_POINT('',(-25.,-42.857,0.));
#2339=CARTESIAN_POINT('',(-21.,-42.857,0.));
#2340=CARTESIAN_POINT('Origin',(-21.,-38.857,0.));
#2341=CARTESIAN_POINT('',(-4.99999999999998,-42.857,0.));
#2342=CARTESIAN_POINT('',(-8.99999999999999,42.857,0.));
#2343=CARTESIAN_POINT('',(-4.99999999999999,38.857,0.));
#2344=CARTESIAN_POINT('Origin',(-8.99999999999999,38.857,0.));
#2345=CARTESIAN_POINT('',(-21.,42.857,0.));
#2346=CARTESIAN_POINT('',(-25.,42.857,0.));
#2347=CARTESIAN_POINT('',(-25.,38.857,0.));
#2348=CARTESIAN_POINT('Origin',(-21.,38.857,0.));
#2349=CARTESIAN_POINT('',(-25.,26.5,0.));
#2350=CARTESIAN_POINT('',(-25.,22.5,0.));
#2351=CARTESIAN_POINT('',(-21.,22.5,0.));
#2352=CARTESIAN_POINT('Origin',(-21.,26.5,0.));
#2353=CARTESIAN_POINT('',(-8.99999999999999,22.5,0.));
#2354=CARTESIAN_POINT('',(-4.99999999999999,22.5,0.));
#2355=CARTESIAN_POINT('',(-4.99999999999999,26.5,0.));
#2356=CARTESIAN_POINT('Origin',(-8.99999999999999,26.5,0.));
#2357=CARTESIAN_POINT('',(-5.,42.857,0.));
#2358=CARTESIAN_POINT('Origin',(-69.,-128.,0.));
#2359=CARTESIAN_POINT('',(-69.,-125.,3.));
#2360=CARTESIAN_POINT('',(-66.,-128.,3.));
#2361=CARTESIAN_POINT('Origin',(-69.,-128.,3.));
#2362=CARTESIAN_POINT('',(-66.,-128.,0.));
#2363=CARTESIAN_POINT('',(-69.,-125.,0.));
#2364=CARTESIAN_POINT('Origin',(-66.,-145.,0.));
#2365=CARTESIAN_POINT('',(-66.,-145.,3.));
#2366=CARTESIAN_POINT('',(-66.,-145.,3.));
#2367=CARTESIAN_POINT('',(-66.,-145.,0.));
#2368=CARTESIAN_POINT('Origin',(-52.,0.,3.));
#2369=CARTESIAN_POINT('',(-104.,-145.,3.));
#2370=CARTESIAN_POINT('',(-73.8729833462074,-125.,3.));
#2371=CARTESIAN_POINT('',(-66.,-125.,3.));
#2372=CARTESIAN_POINT('',(-73.8729833462074,-108.006893461875,3.));
#2373=CARTESIAN_POINT('',(-73.8729833462074,-125.,3.));
#2374=CARTESIAN_POINT('',(8.17723322921361E-15,-55.2404767860121,3.));
#2375=CARTESIAN_POINT('',(-72.2511258444537,-106.848423817765,3.));
#2376=CARTESIAN_POINT('',(-8.17723322921361E-15,55.2404767860121,3.));
#2377=CARTESIAN_POINT('',(8.88178419700125E-15,-60.,3.));
#2378=CARTESIAN_POINT('',(-73.8729833462074,108.006893461875,3.));
#2379=CARTESIAN_POINT('',(-2.25112584445375,56.8484238177648,3.));
#2380=CARTESIAN_POINT('',(-73.8729833462074,125.,3.));
#2381=CARTESIAN_POINT('',(-73.8729833462074,110.,3.));
#2382=CARTESIAN_POINT('',(-69.,125.,3.));
#2383=CARTESIAN_POINT('',(-61.,125.,3.));
#2384=CARTESIAN_POINT('',(-66.,128.,3.));
#2385=CARTESIAN_POINT('Origin',(-69.,128.,3.));
#2386=CARTESIAN_POINT('',(-66.,145.,3.));
#2387=CARTESIAN_POINT('',(-66.,125.,3.));
#2388=CARTESIAN_POINT('',(-104.,145.,3.));
#2389=CARTESIAN_POINT('',(-66.,145.,3.));
#2390=CARTESIAN_POINT('',(-104.,128.,3.));
#2391=CARTESIAN_POINT('',(-104.,145.,3.));
#2392=CARTESIAN_POINT('',(-101.,125.,3.));
#2393=CARTESIAN_POINT('Origin',(-101.,128.,3.));
#2394=CARTESIAN_POINT('',(-96.1270166537926,125.,3.));
#2395=CARTESIAN_POINT('',(-104.,125.,3.));
#2396=CARTESIAN_POINT('',(-96.1270166537926,78.8729833462074,3.));
#2397=CARTESIAN_POINT('',(-96.1270166537926,125.,3.));
#2398=CARTESIAN_POINT('',(-73.7588441851073,78.8729833462074,3.));
#2399=CARTESIAN_POINT('',(-100.,78.8729833462074,3.));
#2400=CARTESIAN_POINT('',(-34.,50.4738089282736,3.));
#2401=CARTESIAN_POINT('',(-72.7488741555463,78.1515761822352,3.));
#2402=CARTESIAN_POINT('',(-30.,41.9597149707015,3.));
#2403=CARTESIAN_POINT('Ctrl Pts',(-30.,41.9597149707014,3.));
#2404=CARTESIAN_POINT('Ctrl Pts',(-30.,42.58904383159,3.));
#2405=CARTESIAN_POINT('Ctrl Pts',(-30.0984657702751,43.2134239683709,3.));
#2406=CARTESIAN_POINT('Ctrl Pts',(-30.8605926466896,46.0072692861117,3.));
#2407=CARTESIAN_POINT('Ctrl Pts',(-32.374834298887,48.1637686953813,3.));
#2408=CARTESIAN_POINT('Ctrl Pts',(-33.9904127546611,50.4601815158941,3.));
#2409=CARTESIAN_POINT('Ctrl Pts',(-33.9952061041591,50.4669948337929,2.99999999999999));
#2410=CARTESIAN_POINT('Ctrl Pts',(-34.,50.4738089282737,2.99999999999999));
#2411=CARTESIAN_POINT('',(-30.,-41.9597149707015,3.));
#2412=CARTESIAN_POINT('',(-30.,21.4285714285715,3.));
#2413=CARTESIAN_POINT('',(-34.,-50.4738089282737,3.));
#2414=CARTESIAN_POINT('Ctrl Pts',(-34.,-50.4738089282737,3.));
#2415=CARTESIAN_POINT('Ctrl Pts',(-33.9952063693654,-50.46699521076,3.));
#2416=CARTESIAN_POINT('Ctrl Pts',(-33.9904124894602,-50.4601811389288,3.));
#2417=CARTESIAN_POINT('Ctrl Pts',(-32.5747661287426,-48.4479554621385,3.));
#2418=CARTESIAN_POINT('Ctrl Pts',(-31.2361035860134,-46.5419797692905,3.));
#2419=CARTESIAN_POINT('Ctrl Pts',(-30.244308449844,-43.8732091277549,3.));
#2420=CARTESIAN_POINT('Ctrl Pts',(-30.,-42.9495701817606,3.));
#2421=CARTESIAN_POINT('Ctrl Pts',(-30.,-41.9597149707015,3.));
#2422=CARTESIAN_POINT('',(-73.7588441851073,-78.8729833462074,3.));
#2423=CARTESIAN_POINT('',(-27.7488741555462,-46.0087190393781,3.));
#2424=CARTESIAN_POINT('',(-96.1270166537926,-78.8729833462074,3.));
#2425=CARTESIAN_POINT('',(-75.,-78.8729833462074,3.));
#2426=CARTESIAN_POINT('',(-96.1270166537925,-125.,3.));
#2427=CARTESIAN_POINT('',(-96.1270166537926,-75.,3.));
#2428=CARTESIAN_POINT('',(-76.0000000000002,-125.,3.));
#2429=CARTESIAN_POINT('',(-4.99999999999999,38.857,3.));
#2430=CARTESIAN_POINT('',(-4.99999999999999,26.5,3.));
#2431=CARTESIAN_POINT('',(-5.,42.857,3.));
#2432=CARTESIAN_POINT('',(-8.99999999999999,22.5,3.));
#2433=CARTESIAN_POINT('Origin',(-8.99999999999999,26.5,3.));
#2434=CARTESIAN_POINT('',(-21.,22.5,3.));
#2435=CARTESIAN_POINT('',(-4.99999999999999,22.5,3.));
#2436=CARTESIAN_POINT('',(-25.,26.5,3.));
#2437=CARTESIAN_POINT('Origin',(-21.,26.5,3.));
#2438=CARTESIAN_POINT('',(-25.,38.857,3.));
#2439=CARTESIAN_POINT('',(-25.,22.5,3.));
#2440=CARTESIAN_POINT('',(-21.,42.857,3.));
#2441=CARTESIAN_POINT('Origin',(-21.,38.857,3.));
#2442=CARTESIAN_POINT('',(-8.99999999999999,42.857,3.));
#2443=CARTESIAN_POINT('',(-25.,42.857,3.));
#2444=CARTESIAN_POINT('Origin',(-8.99999999999999,38.857,3.));
#2445=CARTESIAN_POINT('',(-8.99999999999998,-42.857,3.));
#2446=CARTESIAN_POINT('',(-21.,-42.857,3.));
#2447=CARTESIAN_POINT('',(-4.99999999999998,-42.857,3.));
#2448=CARTESIAN_POINT('',(-25.,-38.857,3.));
#2449=CARTESIAN_POINT('Origin',(-21.,-38.857,3.));
#2450=CARTESIAN_POINT('',(-25.,-26.5,3.));
#2451=CARTESIAN_POINT('',(-25.,-42.857,3.));
#2452=CARTESIAN_POINT('',(-21.,-22.5,3.));
#2453=CARTESIAN_POINT('Origin',(-21.,-26.5,3.));
#2454=CARTESIAN_POINT('',(-8.99999999999998,-22.5,3.));
#2455=CARTESIAN_POINT('',(-25.,-22.5,3.));
#2456=CARTESIAN_POINT('',(-4.99999999999998,-26.5,3.));
#2457=CARTESIAN_POINT('Origin',(-8.99999999999998,-26.5,3.));
#2458=CARTESIAN_POINT('',(-4.99999999999998,-38.857,3.));
#2459=CARTESIAN_POINT('',(-4.99999999999998,-22.5,3.));
#2460=CARTESIAN_POINT('Origin',(-8.99999999999998,-38.857,3.));
#2461=CARTESIAN_POINT('',(-75.0000000000001,116.,3.));
#2462=CARTESIAN_POINT('',(-75.,111.427,3.));
#2463=CARTESIAN_POINT('',(-75.0000000000001,120.,3.));
#2464=CARTESIAN_POINT('',(-79.,107.427,3.));
#2465=CARTESIAN_POINT('Origin',(-79.,111.427,3.));
#2466=CARTESIAN_POINT('',(-91.,107.427,3.));
#2467=CARTESIAN_POINT('',(-75.,107.427,3.));
#2468=CARTESIAN_POINT('',(-95.,111.427,3.));
#2469=CARTESIAN_POINT('Origin',(-91.,111.427,3.));
#2470=CARTESIAN_POINT('',(-95.,116.,3.));
#2471=CARTESIAN_POINT('',(-95.,107.427,3.));
#2472=CARTESIAN_POINT('',(-91.0000000000001,120.,3.));
#2473=CARTESIAN_POINT('Origin',(-91.0000000000001,116.,3.));
#2474=CARTESIAN_POINT('',(-79.0000000000001,120.,3.));
#2475=CARTESIAN_POINT('',(-95.,120.,3.));
#2476=CARTESIAN_POINT('Origin',(-79.0000000000001,116.,3.));
#2477=CARTESIAN_POINT('',(-79.,-120.,3.));
#2478=CARTESIAN_POINT('',(-91.,-120.,3.));
#2479=CARTESIAN_POINT('',(-75.,-120.,3.));
#2480=CARTESIAN_POINT('',(-95.,-116.,3.));
#2481=CARTESIAN_POINT('Origin',(-91.,-116.,3.));
#2482=CARTESIAN_POINT('',(-95.,-111.427,3.));
#2483=CARTESIAN_POINT('',(-95.,-120.,3.));
#2484=CARTESIAN_POINT('',(-91.,-107.427,3.));
#2485=CARTESIAN_POINT('Origin',(-91.,-111.427,3.));
#2486=CARTESIAN_POINT('',(-79.,-107.427,3.));
#2487=CARTESIAN_POINT('',(-95.,-107.427,3.));
#2488=CARTESIAN_POINT('',(-75.,-111.427,3.));
#2489=CARTESIAN_POINT('Origin',(-79.,-111.427,3.));
#2490=CARTESIAN_POINT('',(-75.,-116.,3.));
#2491=CARTESIAN_POINT('',(-75.,-107.427,3.));
#2492=CARTESIAN_POINT('Origin',(-79.,-116.,3.));
#2493=CARTESIAN_POINT('',(-3.49999999999999,16.75,3.));
#2494=CARTESIAN_POINT('Origin',(-4.99999999999999,16.75,3.));
#2495=CARTESIAN_POINT('',(-3.49999999999999,-16.75,3.));
#2496=CARTESIAN_POINT('Origin',(-4.99999999999999,-16.75,3.));
#2497=CARTESIAN_POINT('',(-23.5,16.75,3.));
#2498=CARTESIAN_POINT('Origin',(-25.,16.75,3.));
#2499=CARTESIAN_POINT('',(-23.5,-16.75,3.));
#2500=CARTESIAN_POINT('Origin',(-25.,-16.75,3.));
#2501=CARTESIAN_POINT('',(-67.5,141.,3.));
#2502=CARTESIAN_POINT('Origin',(-69.,141.,3.));
#2503=CARTESIAN_POINT('',(-99.5,141.,3.));
#2504=CARTESIAN_POINT('Origin',(-101.,141.,3.));
#2505=CARTESIAN_POINT('',(-67.5,-141.,3.));
#2506=CARTESIAN_POINT('Origin',(-69.,-141.,3.));
#2507=CARTESIAN_POINT('',(-99.5,-141.,3.));
#2508=CARTESIAN_POINT('Origin',(-101.,-141.,3.));
#2509=CARTESIAN_POINT('Origin',(-101.,128.,0.));
#2510=CARTESIAN_POINT('',(-104.,128.,0.));
#2511=CARTESIAN_POINT('',(-101.,125.,0.));
#2512=CARTESIAN_POINT('Origin',(-104.,125.,0.));
#2513=CARTESIAN_POINT('Origin',(-96.1270166537926,125.,-1.));
#2514=CARTESIAN_POINT('Origin',(-69.,128.,0.));
#2515=CARTESIAN_POINT('',(-69.,125.,0.));
#2516=CARTESIAN_POINT('',(-66.,128.,0.));
#2517=CARTESIAN_POINT('Origin',(-70.,125.,0.));
#2518=CARTESIAN_POINT('Origin',(-73.8729833462074,125.,-1.));
#2519=CARTESIAN_POINT('Origin',(-91.,-116.,0.));
#2520=CARTESIAN_POINT('',(-95.,-116.,0.));
#2521=CARTESIAN_POINT('',(-91.,-120.,0.));
#2522=CARTESIAN_POINT('Origin',(-95.,-120.,0.));
#2523=CARTESIAN_POINT('',(-95.,-111.427,0.));
#2524=CARTESIAN_POINT('Origin',(-91.,-111.427,0.));
#2525=CARTESIAN_POINT('',(-91.,-107.427,0.));
#2526=CARTESIAN_POINT('Origin',(-95.,-107.427,0.));
#2527=CARTESIAN_POINT('',(-79.,-107.427,0.));
#2528=CARTESIAN_POINT('Origin',(-79.,-116.,0.));
#2529=CARTESIAN_POINT('',(-79.,-120.,0.));
#2530=CARTESIAN_POINT('',(-75.,-116.,0.));
#2531=CARTESIAN_POINT('Origin',(-75.,-120.,0.));
#2532=CARTESIAN_POINT('Origin',(-79.,-111.427,0.));
#2533=CARTESIAN_POINT('',(-75.,-111.427,0.));
#2534=CARTESIAN_POINT('Origin',(-75.,-107.427,0.));
#2535=CARTESIAN_POINT('Origin',(-79.,111.427,0.));
#2536=CARTESIAN_POINT('',(-79.,107.427,0.));
#2537=CARTESIAN_POINT('',(-75.,111.427,0.));
#2538=CARTESIAN_POINT('Origin',(-75.,107.427,0.));
#2539=CARTESIAN_POINT('',(-91.,107.427,0.));
#2540=CARTESIAN_POINT('Origin',(-91.,111.427,0.));
#2541=CARTESIAN_POINT('',(-95.,111.427,0.));
#2542=CARTESIAN_POINT('Origin',(-95.,107.427,0.));
#2543=CARTESIAN_POINT('',(-95.,116.,0.));
#2544=CARTESIAN_POINT('Origin',(-91.0000000000001,116.,0.));
#2545=CARTESIAN_POINT('',(-91.0000000000001,120.,0.));
#2546=CARTESIAN_POINT('Origin',(-95.,120.,0.));
#2547=CARTESIAN_POINT('',(-79.0000000000001,120.,0.));
#2548=CARTESIAN_POINT('Origin',(-79.0000000000001,116.,0.));
#2549=CARTESIAN_POINT('',(-75.0000000000001,116.,0.));
#2550=CARTESIAN_POINT('Origin',(-75.0000000000001,120.,0.));
#2551=CARTESIAN_POINT('Origin',(-21.,-38.857,0.));
#2552=CARTESIAN_POINT('',(-25.,-38.857,0.));
#2553=CARTESIAN_POINT('',(-21.,-42.857,0.));
#2554=CARTESIAN_POINT('Origin',(-25.,-42.857,0.));
#2555=CARTESIAN_POINT('',(-25.,-26.5,0.));
#2556=CARTESIAN_POINT('Origin',(-8.99999999999998,-38.857,0.));
#2557=CARTESIAN_POINT('',(-8.99999999999998,-42.857,0.));
#2558=CARTESIAN_POINT('',(-4.99999999999998,-38.857,0.));
#2559=CARTESIAN_POINT('Origin',(-4.99999999999998,-42.857,0.));
#2560=CARTESIAN_POINT('Origin',(-8.99999999999998,-26.5,0.));
#2561=CARTESIAN_POINT('',(-4.99999999999998,-26.5,0.));
#2562=CARTESIAN_POINT('',(-8.99999999999998,-22.5,0.));
#2563=CARTESIAN_POINT('Origin',(-4.99999999999998,-22.5,0.));
#2564=CARTESIAN_POINT('Origin',(-21.,-26.5,0.));
#2565=CARTESIAN_POINT('',(-21.,-22.5,0.));
#2566=CARTESIAN_POINT('Origin',(-25.,-22.5,0.));
#2567=CARTESIAN_POINT('Origin',(-8.99999999999999,38.857,0.));
#2568=CARTESIAN_POINT('',(-4.99999999999999,38.857,0.));
#2569=CARTESIAN_POINT('',(-8.99999999999999,42.857,0.));
#2570=CARTESIAN_POINT('Origin',(-5.,42.857,0.));
#2571=CARTESIAN_POINT('',(-4.99999999999999,26.5,0.));
#2572=CARTESIAN_POINT('Origin',(-21.,38.857,0.));
#2573=CARTESIAN_POINT('',(-21.,42.857,0.));
#2574=CARTESIAN_POINT('',(-25.,38.857,0.));
#2575=CARTESIAN_POINT('Origin',(-25.,42.857,0.));
#2576=CARTESIAN_POINT('Origin',(-21.,26.5,0.));
#2577=CARTESIAN_POINT('',(-25.,26.5,0.));
#2578=CARTESIAN_POINT('',(-21.,22.5,0.));
#2579=CARTESIAN_POINT('Origin',(-25.,22.5,0.));
#2580=CARTESIAN_POINT('Origin',(-8.99999999999999,26.5,0.));
#2581=CARTESIAN_POINT('',(-8.99999999999999,22.5,0.));
#2582=CARTESIAN_POINT('Origin',(-4.99999999999999,22.5,0.));
#2583=CARTESIAN_POINT('Ctrl Pts',(-73.8729833462074,-108.006893461875,3.));
#2584=CARTESIAN_POINT('Ctrl Pts',(-72.8043589240897,-108.16921178796,3.));
#2585=CARTESIAN_POINT('Ctrl Pts',(-70.3087025237307,-108.548288628247,2.49107001778506));
#2586=CARTESIAN_POINT('Ctrl Pts',(-68.7343506389522,-108.787424247195,0.972388875024704));
#2587=CARTESIAN_POINT('Ctrl Pts',(-68.3781424982463,-108.84153035589,-2.77555756156289E-15));
#2588=CARTESIAN_POINT('Ctrl Pts',(-73.8729833462074,-108.006893461875,3.));
#2589=CARTESIAN_POINT('Ctrl Pts',(-72.9094973368617,-108.373515629186,3.));
#2590=CARTESIAN_POINT('Ctrl Pts',(-70.662075390603,-109.226121932315,2.30209442091943));
#2591=CARTESIAN_POINT('Ctrl Pts',(-69.5702588464908,-109.524989116115,0.695265776458332));
#2592=CARTESIAN_POINT('Ctrl Pts',(-69.3433140806894,-109.578922905747,-0.151226103516678));
#2593=CARTESIAN_POINT('Ctrl Pts',(-73.8729833462074,-108.006893461875,3.));
#2594=CARTESIAN_POINT('Ctrl Pts',(-73.0146357496337,-108.577819470413,3.));
#2595=CARTESIAN_POINT('Ctrl Pts',(-71.0145539904478,-109.911054584424,2.30209442091943));
#2596=CARTESIAN_POINT('Ctrl Pts',(-70.1367502835721,-110.625789228711,0.695265776458332));
#2597=CARTESIAN_POINT('Ctrl Pts',(-69.9609535879712,-110.779113402293,-0.151226103516678));
#2598=CARTESIAN_POINT('Ctrl Pts',(-73.8729833462074,-108.006893461875,3.));
#2599=CARTESIAN_POINT('Ctrl Pts',(-73.1197741624058,-108.782123311639,3.));
#2600=CARTESIAN_POINT('Ctrl Pts',(-71.3607358310167,-110.592588519314,2.49107001778506));
#2601=CARTESIAN_POINT('Ctrl Pts',(-70.2510697279338,-111.734696588204,0.972388875024702));
#2602=CARTESIAN_POINT('Ctrl Pts',(-70.,-111.993106538125,-3.33066907387547E-15));
#2603=CARTESIAN_POINT('Origin',(-73.8729833462074,-108.006893461875,-1.));
#2604=CARTESIAN_POINT('Origin',(-73.8729833462074,-108.006893461875,-1.));
#2605=CARTESIAN_POINT('Origin',(-73.8729833462074,-125.,-1.));
#2606=CARTESIAN_POINT('Origin',(-73.8729833462074,-125.,-1.));
#2607=CARTESIAN_POINT('Origin',(-72.2511258444537,-106.848423817765,-1.));
#2608=CARTESIAN_POINT('',(1.77635683940025E-14,-57.9415284188328,2.34201687722176));
#2609=CARTESIAN_POINT('Ctrl Pts',(-1.67504722512361,-61.1964623036597,-3.00107161343988E-15));
#2610=CARTESIAN_POINT('Ctrl Pts',(-1.51448376200639,-61.0817741157188,-4.72347723708056E-15));
#2611=CARTESIAN_POINT('Ctrl Pts',(-1.38835233064538,-60.9752674553383,0.0528157397099899));
#2612=CARTESIAN_POINT('Ctrl Pts',(-1.16027330643789,-60.7629168408475,0.190518008601522));
#2613=CARTESIAN_POINT('Ctrl Pts',(-1.05946092413453,-60.6571434464981,0.277384156425608));
#2614=CARTESIAN_POINT('Ctrl Pts',(-0.773850315972091,-60.3242859056587,
0.564250949677893));
#2615=CARTESIAN_POINT('Ctrl Pts',(-0.609296041036407,-60.0852168419654,
0.788023003806108));
#2616=CARTESIAN_POINT('Ctrl Pts',(-0.182039826116171,-59.2802866628671,
1.48318493850102));
#2617=CARTESIAN_POINT('Ctrl Pts',(-0.000390148169906715,-58.6395283982143,
1.96817716272089));
#2618=CARTESIAN_POINT('Ctrl Pts',(-2.0904664778082E-7,-57.9430215158841,
2.34121766484864));
#2619=CARTESIAN_POINT('Ctrl Pts',(1.49896086896652E-14,-57.9422750497049,
2.34161730567837));
#2620=CARTESIAN_POINT('Ctrl Pts',(1.49880108324396E-14,-57.9415284188328,
2.34201687722176));
#2621=CARTESIAN_POINT('Origin',(8.88178419700125E-15,-55.2404767860121,
-1.));
#2622=CARTESIAN_POINT('Ctrl Pts',(-73.8729833462074,108.006893461875,3.));
#2623=CARTESIAN_POINT('Ctrl Pts',(-73.1197741624058,108.782123311639,3.));
#2624=CARTESIAN_POINT('Ctrl Pts',(-71.3607358310167,110.592588519314,2.49107001778507));
#2625=CARTESIAN_POINT('Ctrl Pts',(-70.2510697279339,111.734696588204,0.972388875024702));
#2626=CARTESIAN_POINT('Ctrl Pts',(-70.,111.993106538125,-2.77555756156289E-15));
#2627=CARTESIAN_POINT('Ctrl Pts',(-73.8729833462074,108.006893461875,3.));
#2628=CARTESIAN_POINT('Ctrl Pts',(-73.0146357496338,108.577819470413,3.));
#2629=CARTESIAN_POINT('Ctrl Pts',(-71.0145539904478,109.911054584424,2.30209442091943));
#2630=CARTESIAN_POINT('Ctrl Pts',(-70.1367502835722,110.625789228711,0.695265776458333));
#2631=CARTESIAN_POINT('Ctrl Pts',(-69.9609535879712,110.779113402293,-0.151226103516677));
#2632=CARTESIAN_POINT('Ctrl Pts',(-73.8729833462074,108.006893461875,3.));
#2633=CARTESIAN_POINT('Ctrl Pts',(-72.9094973368617,108.373515629186,3.));
#2634=CARTESIAN_POINT('Ctrl Pts',(-70.6620753906031,109.226121932315,2.30209442091943));
#2635=CARTESIAN_POINT('Ctrl Pts',(-69.5702588464909,109.524989116115,0.695265776458332));
#2636=CARTESIAN_POINT('Ctrl Pts',(-69.3433140806895,109.578922905747,-0.151226103516677));
#2637=CARTESIAN_POINT('Ctrl Pts',(-73.8729833462074,108.006893461875,3.));
#2638=CARTESIAN_POINT('Ctrl Pts',(-72.8043589240897,108.16921178796,3.));
#2639=CARTESIAN_POINT('Ctrl Pts',(-70.3087025237307,108.548288628247,2.49107001778506));
#2640=CARTESIAN_POINT('Ctrl Pts',(-68.7343506389522,108.787424247195,0.972388875024703));
#2641=CARTESIAN_POINT('Ctrl Pts',(-68.3781424982463,108.84153035589,-2.4980018054066E-15));
#2642=CARTESIAN_POINT('Origin',(-73.8729833462074,108.006893461875,-1.));
#2643=CARTESIAN_POINT('Origin',(-73.8729833462074,108.006893461875,-1.));
#2644=CARTESIAN_POINT('Origin',(-73.8729833462074,110.,-1.));
#2645=CARTESIAN_POINT('Origin',(-96.1270166537926,78.8729833462074,-1.));
#2646=CARTESIAN_POINT('Origin',(-96.1270166537926,78.8729833462074,-1.));
#2647=CARTESIAN_POINT('Origin',(-96.1270166537926,78.8729833462074,-1.));
#2648=CARTESIAN_POINT('Origin',(-100.,78.8729833462074,-1.));
#2649=CARTESIAN_POINT('Origin',(-73.7588441851073,78.8729833462074,-1.));
#2650=CARTESIAN_POINT('Origin',(-96.1270166537926,-78.8729833462074,-1.));
#2651=CARTESIAN_POINT('Origin',(-96.1270166537926,-78.8729833462074,-1.));
#2652=CARTESIAN_POINT('Origin',(-96.1270166537926,-78.8729833462074,-1.));
#2653=CARTESIAN_POINT('Origin',(-75.,-78.8729833462074,-1.));
#2654=CARTESIAN_POINT('Origin',(-73.7588441851073,-78.8729833462074,-1.));
#2655=CARTESIAN_POINT('Ctrl Pts',(-73.7588441851073,-78.8729833462074,3.));
#2656=CARTESIAN_POINT('Ctrl Pts',(-74.2415986277368,-78.1197741624058,3.));
#2657=CARTESIAN_POINT('Ctrl Pts',(-75.3690361210773,-76.3607095134701,2.49110980608426));
#2658=CARTESIAN_POINT('Ctrl Pts',(-76.0802376673495,-75.2510697279339,0.972388875024704));
#2659=CARTESIAN_POINT('Ctrl Pts',(-76.2411558148927,-75.,-1.94289029309402E-15));
#2660=CARTESIAN_POINT('Ctrl Pts',(-73.7588441851073,-78.8729833462074,3.));
#2661=CARTESIAN_POINT('Ctrl Pts',(-74.095667312575,-78.0730082756985,3.));
#2662=CARTESIAN_POINT('Ctrl Pts',(-74.8810885155328,-76.2112599680933,2.40615334850167));
#2663=CARTESIAN_POINT('Ctrl Pts',(-75.341257423168,-75.2047240650185,0.858638614900767));
#2664=CARTESIAN_POINT('Ctrl Pts',(-75.4438039822832,-74.9840297876486,-0.0618523664724122));
#2665=CARTESIAN_POINT('Ctrl Pts',(-73.7588441851073,-78.8729833462074,3.));
#2666=CARTESIAN_POINT('Ctrl Pts',(-73.9497359974132,-78.0262423889912,3.));
#2667=CARTESIAN_POINT('Ctrl Pts',(-74.392731699043,-76.0547586748145,2.40615334850167));
#2668=CARTESIAN_POINT('Ctrl Pts',(-74.6033139667083,-74.9682389758317,0.858638614900769));
#2669=CARTESIAN_POINT('Ctrl Pts',(-74.6481443423417,-74.7290486786398,-0.0618523664724125));
#2670=CARTESIAN_POINT('Ctrl Pts',(-73.7588441851073,-78.8729833462074,3.));
#2671=CARTESIAN_POINT('Ctrl Pts',(-73.8038046822514,-77.9794765022839,3.));
#2672=CARTESIAN_POINT('Ctrl Pts',(-73.9088066164093,-75.8927569872679,2.49110980608426));
#2673=CARTESIAN_POINT('Ctrl Pts',(-73.9750431380576,-74.576428450669,0.972388875024702));
#2674=CARTESIAN_POINT('Ctrl Pts',(-73.9900299704389,-74.2785928360278,-2.77555756156289E-15));
#2675=CARTESIAN_POINT('Origin',(-73.7588441851073,-78.8729833462074,-1.));
#2676=CARTESIAN_POINT('Origin',(-27.7488741555462,-46.0087190393781,-1.));
#2677=CARTESIAN_POINT('Origin',(-34.,-50.4738089282737,-1.));
#2678=CARTESIAN_POINT('Ctrl Pts',(-73.7588441851073,78.8729833462074,3.));
#2679=CARTESIAN_POINT('Ctrl Pts',(-73.8038046822514,77.9794765022839,3.));
#2680=CARTESIAN_POINT('Ctrl Pts',(-73.9088066164093,75.8927569872679,2.49110980608427));
#2681=CARTESIAN_POINT('Ctrl Pts',(-73.9750431380576,74.576428450669,0.972388875024705));
#2682=CARTESIAN_POINT('Ctrl Pts',(-73.990029970439,74.2785928360278,-8.32667268468867E-16));
#2683=CARTESIAN_POINT('Ctrl Pts',(-73.7588441851073,78.8729833462074,3.));
#2684=CARTESIAN_POINT('Ctrl Pts',(-73.9497359974132,78.0262423889912,3.));
#2685=CARTESIAN_POINT('Ctrl Pts',(-74.392731699043,76.0547586748145,2.40615334850168));
#2686=CARTESIAN_POINT('Ctrl Pts',(-74.6033139667083,74.9682389758316,0.858638614900768));
#2687=CARTESIAN_POINT('Ctrl Pts',(-74.6481443423417,74.7290486786397,-0.0618523664724119));
#2688=CARTESIAN_POINT('Ctrl Pts',(-73.7588441851073,78.8729833462074,3.));
#2689=CARTESIAN_POINT('Ctrl Pts',(-74.095667312575,78.0730082756985,3.));
#2690=CARTESIAN_POINT('Ctrl Pts',(-74.8810885155328,76.2112599680933,2.40615334850168));
#2691=CARTESIAN_POINT('Ctrl Pts',(-75.341257423168,75.2047240650185,0.858638614900768));
#2692=CARTESIAN_POINT('Ctrl Pts',(-75.4438039822832,74.9840297876486,-0.0618523664724118));
#2693=CARTESIAN_POINT('Ctrl Pts',(-73.7588441851073,78.8729833462074,3.));
#2694=CARTESIAN_POINT('Ctrl Pts',(-74.2415986277368,78.1197741624058,3.));
#2695=CARTESIAN_POINT('Ctrl Pts',(-75.3690361210774,76.36070951347,2.49110980608427));
#2696=CARTESIAN_POINT('Ctrl Pts',(-76.0802376673495,75.2510697279339,0.972388875024706));
#2697=CARTESIAN_POINT('Ctrl Pts',(-76.2411558148927,75.,-2.77555756156289E-16));
#2698=CARTESIAN_POINT('Origin',(-73.7588441851073,78.8729833462074,-1.));
#2699=CARTESIAN_POINT('Origin',(-72.7488741555463,78.1515761822352,-1.));
#2700=CARTESIAN_POINT('Origin',(-34.,50.4738089282737,-1.));
#2701=CARTESIAN_POINT('Ctrl Pts',(-30.,50.4738089282737,7.));
#2702=CARTESIAN_POINT('Ctrl Pts',(-30.,48.4437044119235,7.00000000000001));
#2703=CARTESIAN_POINT('Ctrl Pts',(-30.,45.069043828829,6.11703900502144));
#2704=CARTESIAN_POINT('Ctrl Pts',(-30.,41.7906026663147,3.21734571505539));
#2705=CARTESIAN_POINT('Ctrl Pts',(-30.,40.888864296001,1.09267147640207));
#2706=CARTESIAN_POINT('Ctrl Pts',(-30.,40.7196889196385,-6.10622663543836E-15));
#2707=CARTESIAN_POINT('Ctrl Pts',(-30.,50.4738089282737,5.80320279863246));
#2708=CARTESIAN_POINT('Ctrl Pts',(-30.0034445722327,48.6456130551619,5.89648128773527));
#2709=CARTESIAN_POINT('Ctrl Pts',(-30.0004624277292,45.5276086064751,5.24429337347533));
#2710=CARTESIAN_POINT('Ctrl Pts',(-30.0025565148774,42.4509619986888,2.74162296712628));
#2711=CARTESIAN_POINT('Ctrl Pts',(-29.9999148559616,41.5992985452094,0.858884406430781));
#2712=CARTESIAN_POINT('Ctrl Pts',(-30.,41.4395974975486,-0.111461502606051));
#2713=CARTESIAN_POINT('Ctrl Pts',(-31.0041415619067,50.4738089282737,3.73100288461587));
#2714=CARTESIAN_POINT('Ctrl Pts',(-30.8409721664358,48.9927433695132,3.9734772609224));
#2715=CARTESIAN_POINT('Ctrl Pts',(-30.6104278602244,46.32551547147,3.721002935923));
#2716=CARTESIAN_POINT('Ctrl Pts',(-30.416266370772,43.603722612151,1.906890251626));
#2717=CARTESIAN_POINT('Ctrl Pts',(-30.3667928881642,42.8406061452874,0.450587937306132));
#2718=CARTESIAN_POINT('Ctrl Pts',(-30.3573951317665,42.6976018363329,-0.306234919937575));
#2719=CARTESIAN_POINT('Ctrl Pts',(-33.1024020989744,50.4738089282737,2.99999999999999));
#2720=CARTESIAN_POINT('Ctrl Pts',(-32.6895636852016,49.1163019230679,3.10856868458026));
#2721=CARTESIAN_POINT('Ctrl Pts',(-32.0408700162294,46.7655997651403,2.7940421805387));
#2722=CARTESIAN_POINT('Ctrl Pts',(-31.4387268879128,44.414713357484,1.30330276742074));
#2723=CARTESIAN_POINT('Ctrl Pts',(-31.2773655328053,43.7604060071393,0.146528794782365));
#2724=CARTESIAN_POINT('Ctrl Pts',(-31.2469186511618,43.6377261861212,-0.451791836300668));
#2725=CARTESIAN_POINT('Ctrl Pts',(-34.,50.4738089282737,2.99999999999999));
#2726=CARTESIAN_POINT('Ctrl Pts',(-33.519907715728,49.1158336099043,3.));
#2727=CARTESIAN_POINT('Ctrl Pts',(-32.7218460913476,46.8584593009424,2.55851950251071));
#2728=CARTESIAN_POINT('Ctrl Pts',(-31.9465390596719,44.6654479827741,1.10867285752769));
#2729=CARTESIAN_POINT('Ctrl Pts',(-31.7332901207463,44.0622581269561,0.0463357382010327));
#2730=CARTESIAN_POINT('Ctrl Pts',(-31.6932824303903,43.949093517092,-0.500000000000004));
#2731=CARTESIAN_POINT('Origin',(-30.,50.4738089282737,-1.));
#2732=CARTESIAN_POINT('Ctrl Pts',(-34.,-50.4738089282737,3.));
#2733=CARTESIAN_POINT('Ctrl Pts',(-33.679938477152,-49.5684920493608,3.));
#2734=CARTESIAN_POINT('Ctrl Pts',(-33.0406544352864,-47.7602314737983,2.76878238506692));
#2735=CARTESIAN_POINT('Ctrl Pts',(-32.1076443740215,-45.1211458719345,1.62658659535173));
#2736=CARTESIAN_POINT('Ctrl Pts',(-31.7532939659243,-44.1188404318882,0.319503607301554));
#2737=CARTESIAN_POINT('Ctrl Pts',(-31.6932824303903,-43.949093517092,-0.500000000000001));
#2738=CARTESIAN_POINT('Ctrl Pts',(-32.8032027986324,-50.4738089282737,3.));
#2739=CARTESIAN_POINT('Ctrl Pts',(-32.5443893570164,-49.5698046587986,3.09844335445915));
#2740=CARTESIAN_POINT('Ctrl Pts',(-32.0500390334208,-47.6964491564025,3.02494417439555));
#2741=CARTESIAN_POINT('Ctrl Pts',(-31.3797242653933,-44.8421365707322,1.94525777599305));
#2742=CARTESIAN_POINT('Ctrl Pts',(-31.1389124384221,-43.7227538862992,0.487560949973372));
#2743=CARTESIAN_POINT('Ctrl Pts',(-31.0981307247523,-43.5339370757975,-0.435722448400886));
#2744=CARTESIAN_POINT('Ctrl Pts',(-30.7310028846159,-50.4738089282737,4.00414156190673));
#2745=CARTESIAN_POINT('Ctrl Pts',(-30.6530949718206,-49.455786413173,4.15680908758792));
#2746=CARTESIAN_POINT('Ctrl Pts',(-30.5124292045646,-47.3197275420488,4.11015226261684));
#2747=CARTESIAN_POINT('Ctrl Pts',(-30.3338085879425,-44.0321731655899,2.75728211542202));
#2748=CARTESIAN_POINT('Ctrl Pts',(-30.274536727764,-42.7381190791987,0.901752054629721));
#2749=CARTESIAN_POINT('Ctrl Pts',(-30.2642352061989,-42.5199285276592,-0.278726240967182));
#2750=CARTESIAN_POINT('Ctrl Pts',(-30.,-50.4738089282737,6.10240209897435));
#2751=CARTESIAN_POINT('Ctrl Pts',(-30.0007969995443,-49.2206208902865,6.1474610189089));
#2752=CARTESIAN_POINT('Ctrl Pts',(-30.0005783850515,-46.6874027327827,5.8095390293772));
#2753=CARTESIAN_POINT('Ctrl Pts',(-30.0010647080675,-42.9395994777108,3.80362734034139));
#2754=CARTESIAN_POINT('Ctrl Pts',(-29.9999816105315,-41.5026919129826,1.41795411659192));
#2755=CARTESIAN_POINT('Ctrl Pts',(-30.,-41.259620353071,-0.0835961269545359));
#2756=CARTESIAN_POINT('Ctrl Pts',(-30.,-50.4738089282737,7.));
#2757=CARTESIAN_POINT('Ctrl Pts',(-30.,-49.1204059173736,7.00000000000001));
#2758=CARTESIAN_POINT('Ctrl Pts',(-30.,-46.4171476831993,6.53756477013384));
#2759=CARTESIAN_POINT('Ctrl Pts',(-30.,-42.4718479955647,4.25317319070346));
#2760=CARTESIAN_POINT('Ctrl Pts',(-30.,-40.9734519841822,1.63900721460311));
#2761=CARTESIAN_POINT('Ctrl Pts',(-30.,-40.7196889196385,-2.53269627492614E-15));
#2762=CARTESIAN_POINT('Origin',(-30.,-50.4738089282737,-1.));
#2763=CARTESIAN_POINT('Origin',(-30.,42.8571428571429,0.));
#2764=CARTESIAN_POINT('Origin',(8.88178419700125E-15,-60.,0.));
#2765=CARTESIAN_POINT('',(8.32667268468867E-15,-57.9415284188328,0.));
#2766=CARTESIAN_POINT('',(-1.01307850997046E-14,57.9415284188328,2.34201687722176));
#2767=CARTESIAN_POINT('',(-8.32667268468867E-15,57.9415284188328,0.));
#2768=CARTESIAN_POINT('Origin',(-8.04911692853238E-15,55.2404767860121,
-1.));
#2769=CARTESIAN_POINT('Origin',(-3.99999999999999,-57.9415284188328,0.));
#2770=CARTESIAN_POINT('Origin',(-96.1270166537926,-75.,-1.));
#2771=CARTESIAN_POINT('Origin',(-96.1270166537925,-125.,-1.));
#2772=CARTESIAN_POINT('Origin',(-96.1270166537926,125.,-1.));
#2773=CARTESIAN_POINT('Origin',(-2.25112584445375,56.8484238177648,-1.));
#2774=CARTESIAN_POINT('Ctrl Pts',(-8.88178419700125E-15,57.9415284188328,
2.34201687722176));
#2775=CARTESIAN_POINT('Ctrl Pts',(-8.88178419700125E-15,57.9422750497051,
2.34161730567831));
#2776=CARTESIAN_POINT('Ctrl Pts',(-2.09046670003712E-7,57.9430215158843,
2.34121766484857));
#2777=CARTESIAN_POINT('Ctrl Pts',(-0.000390148169941276,58.6395283982144,
1.96817716272084));
#2778=CARTESIAN_POINT('Ctrl Pts',(-0.182039826116223,59.2802866628672,1.48318493850095));
#2779=CARTESIAN_POINT('Ctrl Pts',(-0.609296041036469,60.0852168419655,0.788023003806041));
#2780=CARTESIAN_POINT('Ctrl Pts',(-0.773850315972151,60.3242859056588,0.564250949677793));
#2781=CARTESIAN_POINT('Ctrl Pts',(-1.05946092413459,60.6571434464981,0.277384156425524));
#2782=CARTESIAN_POINT('Ctrl Pts',(-1.16027330643795,60.7629168408476,0.190518008601444));
#2783=CARTESIAN_POINT('Ctrl Pts',(-1.38835233064543,60.9752674553384,0.0528157397099288));
#2784=CARTESIAN_POINT('Ctrl Pts',(-1.5144837620064,61.0817741157189,-4.08757136751017E-14));
#2785=CARTESIAN_POINT('Ctrl Pts',(-1.67504722512362,61.1964623036597,-4.10153681851266E-14));
#2786=CARTESIAN_POINT('Origin',(-4.00000000000001,57.9415284188328,0.));
#2787=CARTESIAN_POINT('Origin',(-4.99999999999999,16.75,0.));
#2788=CARTESIAN_POINT('',(-3.49999999999999,16.75,0.));
#2789=CARTESIAN_POINT('Origin',(-4.99999999999999,-16.75,0.));
#2790=CARTESIAN_POINT('',(-3.49999999999999,-16.75,0.));
#2791=CARTESIAN_POINT('Origin',(-25.,16.75,0.));
#2792=CARTESIAN_POINT('',(-23.5,16.75,0.));
#2793=CARTESIAN_POINT('Origin',(-25.,-16.75,0.));
#2794=CARTESIAN_POINT('',(-23.5,-16.75,0.));
#2795=CARTESIAN_POINT('Origin',(-69.,141.,0.));
#2796=CARTESIAN_POINT('',(-67.5,141.,0.));
#2797=CARTESIAN_POINT('Origin',(-101.,141.,0.));
#2798=CARTESIAN_POINT('',(-99.5,141.,0.));
#2799=CARTESIAN_POINT('Origin',(-69.,-141.,0.));
#2800=CARTESIAN_POINT('',(-67.5,-141.,0.));
#2801=CARTESIAN_POINT('Origin',(-101.,-141.,0.));
#2802=CARTESIAN_POINT('',(-99.5,-141.,0.));
#2803=CARTESIAN_POINT('Origin',(-104.,145.,0.));
#2804=CARTESIAN_POINT('',(-104.,145.,0.));
#2805=CARTESIAN_POINT('Origin',(-66.,145.,0.));
#2806=CARTESIAN_POINT('',(-66.,145.,0.));
#2807=CARTESIAN_POINT('Origin',(-66.,125.,0.));
#2808=CARTESIAN_POINT('Origin',(-66.,-125.,0.));
#2809=CARTESIAN_POINT('Origin',(-104.,-145.,0.));
#2810=CARTESIAN_POINT('Origin',(-99.9999999999999,-125.,0.));
#2811=UNCERTAINTY_MEASURE_WITH_UNIT(LENGTH_MEASURE(0.01),#2815,
'DISTANCE_ACCURACY_VALUE',
'Maximum model space distance between geometric entities at asserted c
onnectivities');
#2812=UNCERTAINTY_MEASURE_WITH_UNIT(LENGTH_MEASURE(0.01),#2815,
'DISTANCE_ACCURACY_VALUE',
'Maximum model space distance between geometric entities at asserted c
onnectivities');
#2813=(
GEOMETRIC_REPRESENTATION_CONTEXT(3)
GLOBAL_UNCERTAINTY_ASSIGNED_CONTEXT((#2811))
GLOBAL_UNIT_ASSIGNED_CONTEXT((#2815,#2817,#2818))
REPRESENTATION_CONTEXT('','3D')
);
#2814=(
GEOMETRIC_REPRESENTATION_CONTEXT(3)
GLOBAL_UNCERTAINTY_ASSIGNED_CONTEXT((#2812))
GLOBAL_UNIT_ASSIGNED_CONTEXT((#2815,#2817,#2818))
REPRESENTATION_CONTEXT('','3D')
);
#2815=(
LENGTH_UNIT()
NAMED_UNIT(*)
SI_UNIT(.MILLI.,.METRE.)
);
#2816=(
LENGTH_UNIT()
NAMED_UNIT(*)
SI_UNIT(.CENTI.,.METRE.)
);
#2817=(
NAMED_UNIT(*)
PLANE_ANGLE_UNIT()
SI_UNIT($,.RADIAN.)
);
#2818=(
NAMED_UNIT(*)
SI_UNIT($,.STERADIAN.)
SOLID_ANGLE_UNIT()
);
#2819=SHAPE_DEFINITION_REPRESENTATION(#2820,#2821);
#2820=PRODUCT_DEFINITION_SHAPE('',$,#2823);
#2821=SHAPE_REPRESENTATION('',(#1561),#2813);
#2822=PRODUCT_DEFINITION_CONTEXT('part definition',#2827,'design');
#2823=PRODUCT_DEFINITION('nakladka_back','nakladka_back',#2824,#2822);
#2824=PRODUCT_DEFINITION_FORMATION('',$,#2829);
#2825=PRODUCT_RELATED_PRODUCT_CATEGORY('nakladka_back','nakladka_back',
(#2829));
#2826=APPLICATION_PROTOCOL_DEFINITION('international standard',
'automotive_design',2009,#2827);
#2827=APPLICATION_CONTEXT(
'Core Data for Automotive Mechanical Design Process');
#2828=PRODUCT_CONTEXT('part definition',#2827,'mechanical');
#2829=PRODUCT('nakladka_back','nakladka_back',$,(#2828));
#2830=PRESENTATION_STYLE_ASSIGNMENT((#2831));
#2831=SURFACE_STYLE_USAGE(.BOTH.,#2834);
#2832=SURFACE_STYLE_RENDERING_WITH_PROPERTIES($,#2838,(#2833));
#2833=SURFACE_STYLE_TRANSPARENT(0.);
#2834=SURFACE_SIDE_STYLE('',(#2835,#2832));
#2835=SURFACE_STYLE_FILL_AREA(#2836);
#2836=FILL_AREA_STYLE('',(#2837));
#2837=FILL_AREA_STYLE_COLOUR('',#2838);
#2838=COLOUR_RGB('',0.749019607843137,0.749019607843137,0.749019607843137);
ENDSEC;
END-ISO-10303-21;
