ISO-10303-21;
HEADER;
/* Generated by software containing ST-Developer
 * from STEP Tools, Inc. (www.steptools.com) 
 */

FILE_DESCRIPTION(
/* description */ (''),
/* implementation_level */ '2;1');

FILE_NAME(
/* name */ 'pret_handler_v3.stp',
/* time_stamp */ '2026-05-13T21:57:04+02:00',
/* author */ ('ksawe'),
/* organization */ (''),
/* preprocessor_version */ 'ST-DEVELOPER v20',
/* originating_system */ 'Autodesk Inventor 2025',
/* authorisation */ '');

FILE_SCHEMA (('AUTOMOTIVE_DESIGN { 1 0 10303 214 3 1 1 }'));
ENDSEC;

DATA;
#10=MECHANICAL_DESIGN_GEOMETRIC_PRESENTATION_REPRESENTATION('',(#13),#2716);
#11=SHAPE_REPRESENTATION_RELATIONSHIP('SRR','None',#2723,#12);
#12=ADVANCED_BREP_SHAPE_REPRESENTATION('',(#14),#2715);
#13=STYLED_ITEM('',(#2732),#14);
#14=MANIFOLD_SOLID_BREP('Bry\X2\0142\X0\a1',#1513);
#15=CONICAL_SURFACE('',#1620,2.05,0.785398163397448);
#16=CONICAL_SURFACE('',#1626,2.05,0.785398163397448);
#17=CONICAL_SURFACE('',#1632,2.05,0.785398163397448);
#18=CONICAL_SURFACE('',#1638,2.05,0.785398163397448);
#19=ELLIPSE('',#1579,4.01594224894167,4.);
#20=ELLIPSE('',#1580,4.00397565994416,4.);
#21=ELLIPSE('',#1582,4.00397565994415,4.);
#22=ELLIPSE('',#1584,4.01594224894167,4.);
#23=ELLIPSE('',#1587,4.01594224894167,4.);
#24=ELLIPSE('',#1596,4.01594224894167,4.);
#25=ELLIPSE('',#1597,4.00397565994416,4.);
#26=ELLIPSE('',#1599,4.00397565994415,4.);
#27=ELLIPSE('',#1662,0.500496957493019,0.5);
#28=ELLIPSE('',#1663,0.677591599165436,0.5);
#29=ELLIPSE('',#1665,0.707106781186543,0.5);
#30=ELLIPSE('',#1667,0.707106781186552,0.5);
#31=ELLIPSE('',#1669,0.500496957493019,0.5);
#32=ELLIPSE('',#1671,0.677591599165443,0.5);
#33=ELLIPSE('',#1678,0.677591599165421,0.5);
#34=ELLIPSE('',#1679,0.677591599165444,0.5);
#35=ELLIPSE('',#1681,0.500496957493019,0.5);
#36=ELLIPSE('',#1683,0.707106781186546,0.5);
#37=ELLIPSE('',#1685,0.707106781186549,0.5);
#38=ELLIPSE('',#1687,0.500496957493019,0.5);
#39=B_SPLINE_CURVE_WITH_KNOTS('',3,(#2216,#2217,#2218,#2219,#2220,#2221),
 .UNSPECIFIED.,.F.,.F.,(4,2,4),(-0.00154178111334645,0.,0.34998773621222),
 .UNSPECIFIED.);
#40=B_SPLINE_CURVE_WITH_KNOTS('',3,(#2252,#2253,#2254,#2255,#2256,#2257),
 .UNSPECIFIED.,.F.,.F.,(4,2,4),(0.677353133302855,1.02734086951507,1.02888265062842),
 .UNSPECIFIED.);
#41=B_SPLINE_CURVE_WITH_KNOTS('',3,(#2329,#2330,#2331,#2332,#2333,#2334),
 .UNSPECIFIED.,.F.,.F.,(4,2,4),(-0.00154178111334645,0.,0.349987736212219),
 .UNSPECIFIED.);
#42=B_SPLINE_CURVE_WITH_KNOTS('',3,(#2365,#2366,#2367,#2368,#2369,#2370),
 .UNSPECIFIED.,.F.,.F.,(4,2,4),(0.677353133302855,1.02734086951507,1.02888265062842),
 .UNSPECIFIED.);
#43=B_SPLINE_SURFACE_WITH_KNOTS('',3,3,((#2190,#2191,#2192,#2193,#2194,
#2195),(#2196,#2197,#2198,#2199,#2200,#2201),(#2202,#2203,#2204,#2205,#2206,
#2207),(#2208,#2209,#2210,#2211,#2212,#2213)),.UNSPECIFIED.,.F.,.F.,.F.,
(4,4),(4,2,4),(0.,1.),(-0.00154178111334645,0.,0.34998773621222),
 .UNSPECIFIED.);
#44=B_SPLINE_SURFACE_WITH_KNOTS('',3,3,((#2222,#2223,#2224,#2225,#2226,
#2227),(#2228,#2229,#2230,#2231,#2232,#2233),(#2234,#2235,#2236,#2237,#2238,
#2239),(#2240,#2241,#2242,#2243,#2244,#2245),(#2246,#2247,#2248,#2249,#2250,
#2251)),.UNSPECIFIED.,.F.,.F.,.F.,(4,1,4),(4,2,4),(0.,0.5,1.),(0.677353133302855,
1.02734086951507,1.02888265062842),.UNSPECIFIED.);
#45=B_SPLINE_SURFACE_WITH_KNOTS('',3,3,((#2303,#2304,#2305,#2306,#2307,
#2308),(#2309,#2310,#2311,#2312,#2313,#2314),(#2315,#2316,#2317,#2318,#2319,
#2320),(#2321,#2322,#2323,#2324,#2325,#2326)),.UNSPECIFIED.,.F.,.F.,.F.,
(4,4),(4,2,4),(0.,1.),(-0.00154178111334645,0.,0.349987736212219),
 .UNSPECIFIED.);
#46=B_SPLINE_SURFACE_WITH_KNOTS('',3,3,((#2335,#2336,#2337,#2338,#2339,
#2340),(#2341,#2342,#2343,#2344,#2345,#2346),(#2347,#2348,#2349,#2350,#2351,
#2352),(#2353,#2354,#2355,#2356,#2357,#2358),(#2359,#2360,#2361,#2362,#2363,
#2364)),.UNSPECIFIED.,.F.,.F.,.F.,(4,1,4),(4,2,4),(0.,0.5,1.),(0.677353133302855,
1.02734086951507,1.02888265062842),.UNSPECIFIED.);
#47=LINE('',#2178,#165);
#48=LINE('',#2215,#166);
#49=LINE('',#2258,#167);
#50=LINE('',#2261,#168);
#51=LINE('',#2263,#169);
#52=LINE('',#2265,#170);
#53=LINE('',#2267,#171);
#54=LINE('',#2268,#172);
#55=LINE('',#2276,#173);
#56=LINE('',#2290,#174);
#57=LINE('',#2328,#175);
#58=LINE('',#2371,#176);
#59=LINE('',#2374,#177);
#60=LINE('',#2376,#178);
#61=LINE('',#2378,#179);
#62=LINE('',#2380,#180);
#63=LINE('',#2381,#181);
#64=LINE('',#2389,#182);
#65=LINE('',#2392,#183);
#66=LINE('',#2396,#184);
#67=LINE('',#2400,#185);
#68=LINE('',#2404,#186);
#69=LINE('',#2407,#187);
#70=LINE('',#2410,#188);
#71=LINE('',#2412,#189);
#72=LINE('',#2414,#190);
#73=LINE('',#2416,#191);
#74=LINE('',#2417,#192);
#75=LINE('',#2420,#193);
#76=LINE('',#2422,#194);
#77=LINE('',#2424,#195);
#78=LINE('',#2439,#196);
#79=LINE('',#2442,#197);
#80=LINE('',#2448,#198);
#81=LINE('',#2451,#199);
#82=LINE('',#2453,#200);
#83=LINE('',#2454,#201);
#84=LINE('',#2469,#202);
#85=LINE('',#2473,#203);
#86=LINE('',#2477,#204);
#87=LINE('',#2481,#205);
#88=LINE('',#2485,#206);
#89=LINE('',#2489,#207);
#90=LINE('',#2495,#208);
#91=LINE('',#2499,#209);
#92=LINE('',#2506,#210);
#93=LINE('',#2510,#211);
#94=LINE('',#2517,#212);
#95=LINE('',#2521,#213);
#96=LINE('',#2528,#214);
#97=LINE('',#2532,#215);
#98=LINE('',#2540,#216);
#99=LINE('',#2543,#217);
#100=LINE('',#2546,#218);
#101=LINE('',#2548,#219);
#102=LINE('',#2549,#220);
#103=LINE('',#2552,#221);
#104=LINE('',#2553,#222);
#105=LINE('',#2556,#223);
#106=LINE('',#2560,#224);
#107=LINE('',#2564,#225);
#108=LINE('',#2568,#226);
#109=LINE('',#2572,#227);
#110=LINE('',#2576,#228);
#111=LINE('',#2581,#229);
#112=LINE('',#2585,#230);
#113=LINE('',#2589,#231);
#114=LINE('',#2592,#232);
#115=LINE('',#2595,#233);
#116=LINE('',#2598,#234);
#117=LINE('',#2601,#235);
#118=LINE('',#2603,#236);
#119=LINE('',#2607,#237);
#120=LINE('',#2609,#238);
#121=LINE('',#2612,#239);
#122=LINE('',#2613,#240);
#123=LINE('',#2616,#241);
#124=LINE('',#2618,#242);
#125=LINE('',#2619,#243);
#126=LINE('',#2622,#244);
#127=LINE('',#2623,#245);
#128=LINE('',#2626,#246);
#129=LINE('',#2627,#247);
#130=LINE('',#2629,#248);
#131=LINE('',#2630,#249);
#132=LINE('',#2631,#250);
#133=LINE('',#2634,#251);
#134=LINE('',#2636,#252);
#135=LINE('',#2638,#253);
#136=LINE('',#2640,#254);
#137=LINE('',#2642,#255);
#138=LINE('',#2643,#256);
#139=LINE('',#2645,#257);
#140=LINE('',#2646,#258);
#141=LINE('',#2651,#259);
#142=LINE('',#2656,#260);
#143=LINE('',#2660,#261);
#144=LINE('',#2664,#262);
#145=LINE('',#2667,#263);
#146=LINE('',#2670,#264);
#147=LINE('',#2673,#265);
#148=LINE('',#2675,#266);
#149=LINE('',#2676,#267);
#150=LINE('',#2679,#268);
#151=LINE('',#2680,#269);
#152=LINE('',#2683,#270);
#153=LINE('',#2684,#271);
#154=LINE('',#2687,#272);
#155=LINE('',#2689,#273);
#156=LINE('',#2690,#274);
#157=LINE('',#2692,#275);
#158=LINE('',#2694,#276);
#159=LINE('',#2697,#277);
#160=LINE('',#2701,#278);
#161=LINE('',#2702,#279);
#162=LINE('',#2705,#280);
#163=LINE('',#2706,#281);
#164=LINE('',#2708,#282);
#165=VECTOR('',#1725,4.25);
#166=VECTOR('',#1738,10.);
#167=VECTOR('',#1739,10.);
#168=VECTOR('',#1742,10.);
#169=VECTOR('',#1743,10.);
#170=VECTOR('',#1744,10.);
#171=VECTOR('',#1745,10.);
#172=VECTOR('',#1746,10.);
#173=VECTOR('',#1757,11.5);
#174=VECTOR('',#1774,4.25);
#175=VECTOR('',#1789,10.);
#176=VECTOR('',#1790,10.);
#177=VECTOR('',#1793,10.);
#178=VECTOR('',#1794,10.);
#179=VECTOR('',#1795,10.);
#180=VECTOR('',#1796,10.);
#181=VECTOR('',#1797,10.);
#182=VECTOR('',#1808,11.5);
#183=VECTOR('',#1811,10.);
#184=VECTOR('',#1814,10.);
#185=VECTOR('',#1819,10.);
#186=VECTOR('',#1824,10.);
#187=VECTOR('',#1827,10.);
#188=VECTOR('',#1830,10.);
#189=VECTOR('',#1831,10.);
#190=VECTOR('',#1832,10.);
#191=VECTOR('',#1833,10.);
#192=VECTOR('',#1834,10.);
#193=VECTOR('',#1837,10.);
#194=VECTOR('',#1838,10.);
#195=VECTOR('',#1839,10.);
#196=VECTOR('',#1856,10.);
#197=VECTOR('',#1859,10.);
#198=VECTOR('',#1870,10.);
#199=VECTOR('',#1873,10.);
#200=VECTOR('',#1874,10.);
#201=VECTOR('',#1875,10.);
#202=VECTOR('',#1890,1.5);
#203=VECTOR('',#1895,1.5);
#204=VECTOR('',#1900,1.5);
#205=VECTOR('',#1905,1.5);
#206=VECTOR('',#1910,1.5);
#207=VECTOR('',#1915,1.5);
#208=VECTOR('',#1922,2.05);
#209=VECTOR('',#1927,2.);
#210=VECTOR('',#1936,2.05);
#211=VECTOR('',#1941,2.);
#212=VECTOR('',#1950,2.05);
#213=VECTOR('',#1955,2.);
#214=VECTOR('',#1964,2.05);
#215=VECTOR('',#1969,2.);
#216=VECTOR('',#1978,10.);
#217=VECTOR('',#1981,10.);
#218=VECTOR('',#1984,10.);
#219=VECTOR('',#1985,10.);
#220=VECTOR('',#1986,10.);
#221=VECTOR('',#1989,10.);
#222=VECTOR('',#1990,10.);
#223=VECTOR('',#1993,1.5);
#224=VECTOR('',#1998,1.5);
#225=VECTOR('',#2003,1.5);
#226=VECTOR('',#2008,1.5);
#227=VECTOR('',#2013,1.5);
#228=VECTOR('',#2018,1.5);
#229=VECTOR('',#2023,10.);
#230=VECTOR('',#2026,10.);
#231=VECTOR('',#2031,10.);
#232=VECTOR('',#2034,10.);
#233=VECTOR('',#2037,10.);
#234=VECTOR('',#2040,10.);
#235=VECTOR('',#2043,10.);
#236=VECTOR('',#2044,10.);
#237=VECTOR('',#2049,10.);
#238=VECTOR('',#2050,10.);
#239=VECTOR('',#2055,10.);
#240=VECTOR('',#2056,10.);
#241=VECTOR('',#2059,10.);
#242=VECTOR('',#2060,10.);
#243=VECTOR('',#2061,10.);
#244=VECTOR('',#2064,10.);
#245=VECTOR('',#2065,10.);
#246=VECTOR('',#2068,10.);
#247=VECTOR('',#2069,10.);
#248=VECTOR('',#2072,10.);
#249=VECTOR('',#2073,10.);
#250=VECTOR('',#2074,10.);
#251=VECTOR('',#2075,10.);
#252=VECTOR('',#2076,10.);
#253=VECTOR('',#2077,10.);
#254=VECTOR('',#2078,10.);
#255=VECTOR('',#2079,10.);
#256=VECTOR('',#2080,10.);
#257=VECTOR('',#2081,10.);
#258=VECTOR('',#2082,10.);
#259=VECTOR('',#2087,10.);
#260=VECTOR('',#2094,10.);
#261=VECTOR('',#2099,10.);
#262=VECTOR('',#2104,10.);
#263=VECTOR('',#2107,10.);
#264=VECTOR('',#2112,10.);
#265=VECTOR('',#2115,10.);
#266=VECTOR('',#2116,10.);
#267=VECTOR('',#2117,10.);
#268=VECTOR('',#2120,10.);
#269=VECTOR('',#2121,10.);
#270=VECTOR('',#2124,10.);
#271=VECTOR('',#2125,10.);
#272=VECTOR('',#2128,10.);
#273=VECTOR('',#2129,10.);
#274=VECTOR('',#2130,10.);
#275=VECTOR('',#2133,10.);
#276=VECTOR('',#2136,10.);
#277=VECTOR('',#2141,10.);
#278=VECTOR('',#2146,10.);
#279=VECTOR('',#2147,10.);
#280=VECTOR('',#2150,10.);
#281=VECTOR('',#2151,10.);
#282=VECTOR('',#2154,10.);
#283=CYLINDRICAL_SURFACE('',#1543,4.25);
#284=CYLINDRICAL_SURFACE('',#1556,11.5);
#285=CYLINDRICAL_SURFACE('',#1564,4.25);
#286=CYLINDRICAL_SURFACE('',#1577,11.5);
#287=CYLINDRICAL_SURFACE('',#1578,4.);
#288=CYLINDRICAL_SURFACE('',#1581,4.);
#289=CYLINDRICAL_SURFACE('',#1583,4.);
#290=CYLINDRICAL_SURFACE('',#1595,4.);
#291=CYLINDRICAL_SURFACE('',#1598,4.);
#292=CYLINDRICAL_SURFACE('',#1600,4.);
#293=CYLINDRICAL_SURFACE('',#1608,1.5);
#294=CYLINDRICAL_SURFACE('',#1610,1.5);
#295=CYLINDRICAL_SURFACE('',#1612,1.5);
#296=CYLINDRICAL_SURFACE('',#1614,1.5);
#297=CYLINDRICAL_SURFACE('',#1616,1.5);
#298=CYLINDRICAL_SURFACE('',#1618,1.5);
#299=CYLINDRICAL_SURFACE('',#1623,2.);
#300=CYLINDRICAL_SURFACE('',#1629,2.);
#301=CYLINDRICAL_SURFACE('',#1635,2.);
#302=CYLINDRICAL_SURFACE('',#1641,2.);
#303=CYLINDRICAL_SURFACE('',#1644,11.5);
#304=CYLINDRICAL_SURFACE('',#1649,1.5);
#305=CYLINDRICAL_SURFACE('',#1651,1.5);
#306=CYLINDRICAL_SURFACE('',#1653,1.5);
#307=CYLINDRICAL_SURFACE('',#1655,1.5);
#308=CYLINDRICAL_SURFACE('',#1657,1.5);
#309=CYLINDRICAL_SURFACE('',#1659,1.5);
#310=CYLINDRICAL_SURFACE('',#1661,0.5);
#311=CYLINDRICAL_SURFACE('',#1664,0.5);
#312=CYLINDRICAL_SURFACE('',#1666,0.5);
#313=CYLINDRICAL_SURFACE('',#1668,0.5);
#314=CYLINDRICAL_SURFACE('',#1670,0.5);
#315=CYLINDRICAL_SURFACE('',#1672,0.5);
#316=CYLINDRICAL_SURFACE('',#1677,0.5);
#317=CYLINDRICAL_SURFACE('',#1680,0.5);
#318=CYLINDRICAL_SURFACE('',#1682,0.5);
#319=CYLINDRICAL_SURFACE('',#1684,0.5);
#320=CYLINDRICAL_SURFACE('',#1686,0.5);
#321=CYLINDRICAL_SURFACE('',#1688,0.5);
#322=FACE_BOUND('',#480,.T.);
#323=FACE_BOUND('',#490,.T.);
#324=FACE_BOUND('',#503,.T.);
#325=FACE_BOUND('',#504,.T.);
#326=FACE_BOUND('',#505,.T.);
#327=FACE_BOUND('',#506,.T.);
#328=FACE_BOUND('',#507,.T.);
#329=FACE_BOUND('',#508,.T.);
#330=FACE_BOUND('',#514,.T.);
#331=FACE_BOUND('',#515,.T.);
#332=FACE_BOUND('',#516,.T.);
#333=FACE_BOUND('',#517,.T.);
#334=FACE_BOUND('',#518,.T.);
#335=FACE_BOUND('',#519,.T.);
#336=FACE_BOUND('',#540,.T.);
#337=FACE_BOUND('',#556,.T.);
#338=FACE_BOUND('',#557,.T.);
#339=FACE_BOUND('',#558,.T.);
#340=FACE_BOUND('',#559,.T.);
#341=FACE_BOUND('',#560,.T.);
#342=FACE_BOUND('',#561,.T.);
#343=FACE_BOUND('',#564,.T.);
#344=FACE_BOUND('',#565,.T.);
#345=FACE_BOUND('',#566,.T.);
#346=FACE_BOUND('',#567,.T.);
#347=FACE_BOUND('',#568,.T.);
#348=FACE_BOUND('',#569,.T.);
#349=FACE_BOUND('',#570,.T.);
#350=FACE_BOUND('',#580,.T.);
#351=FACE_BOUND('',#581,.T.);
#352=FACE_BOUND('',#582,.T.);
#353=FACE_BOUND('',#583,.T.);
#354=FACE_BOUND('',#584,.T.);
#355=FACE_BOUND('',#585,.T.);
#356=FACE_BOUND('',#590,.T.);
#357=PLANE('',#1541);
#358=PLANE('',#1551);
#359=PLANE('',#1562);
#360=PLANE('',#1572);
#361=PLANE('',#1585);
#362=PLANE('',#1586);
#363=PLANE('',#1594);
#364=PLANE('',#1601);
#365=PLANE('',#1625);
#366=PLANE('',#1631);
#367=PLANE('',#1637);
#368=PLANE('',#1643);
#369=PLANE('',#1647);
#370=PLANE('',#1648);
#371=PLANE('',#1673);
#372=PLANE('',#1674);
#373=PLANE('',#1675);
#374=PLANE('',#1676);
#375=PLANE('',#1689);
#376=PLANE('',#1690);
#377=PLANE('',#1691);
#378=PLANE('',#1692);
#379=PLANE('',#1693);
#380=PLANE('',#1694);
#381=PLANE('',#1695);
#382=PLANE('',#1696);
#383=PLANE('',#1697);
#384=PLANE('',#1698);
#385=PLANE('',#1699);
#386=PLANE('',#1700);
#387=PLANE('',#1701);
#388=PLANE('',#1702);
#389=PLANE('',#1703);
#390=PLANE('',#1704);
#391=FACE_OUTER_BOUND('',#478,.T.);
#392=FACE_OUTER_BOUND('',#479,.T.);
#393=FACE_OUTER_BOUND('',#481,.T.);
#394=FACE_OUTER_BOUND('',#482,.T.);
#395=FACE_OUTER_BOUND('',#483,.T.);
#396=FACE_OUTER_BOUND('',#484,.T.);
#397=FACE_OUTER_BOUND('',#485,.T.);
#398=FACE_OUTER_BOUND('',#486,.T.);
#399=FACE_OUTER_BOUND('',#487,.T.);
#400=FACE_OUTER_BOUND('',#488,.T.);
#401=FACE_OUTER_BOUND('',#489,.T.);
#402=FACE_OUTER_BOUND('',#491,.T.);
#403=FACE_OUTER_BOUND('',#492,.T.);
#404=FACE_OUTER_BOUND('',#493,.T.);
#405=FACE_OUTER_BOUND('',#494,.T.);
#406=FACE_OUTER_BOUND('',#495,.T.);
#407=FACE_OUTER_BOUND('',#496,.T.);
#408=FACE_OUTER_BOUND('',#497,.T.);
#409=FACE_OUTER_BOUND('',#498,.T.);
#410=FACE_OUTER_BOUND('',#499,.T.);
#411=FACE_OUTER_BOUND('',#500,.T.);
#412=FACE_OUTER_BOUND('',#501,.T.);
#413=FACE_OUTER_BOUND('',#502,.T.);
#414=FACE_OUTER_BOUND('',#509,.T.);
#415=FACE_OUTER_BOUND('',#510,.T.);
#416=FACE_OUTER_BOUND('',#511,.T.);
#417=FACE_OUTER_BOUND('',#512,.T.);
#418=FACE_OUTER_BOUND('',#513,.T.);
#419=FACE_OUTER_BOUND('',#520,.T.);
#420=FACE_OUTER_BOUND('',#521,.T.);
#421=FACE_OUTER_BOUND('',#522,.T.);
#422=FACE_OUTER_BOUND('',#523,.T.);
#423=FACE_OUTER_BOUND('',#524,.T.);
#424=FACE_OUTER_BOUND('',#525,.T.);
#425=FACE_OUTER_BOUND('',#526,.T.);
#426=FACE_OUTER_BOUND('',#527,.T.);
#427=FACE_OUTER_BOUND('',#528,.T.);
#428=FACE_OUTER_BOUND('',#529,.T.);
#429=FACE_OUTER_BOUND('',#530,.T.);
#430=FACE_OUTER_BOUND('',#531,.T.);
#431=FACE_OUTER_BOUND('',#532,.T.);
#432=FACE_OUTER_BOUND('',#533,.T.);
#433=FACE_OUTER_BOUND('',#534,.T.);
#434=FACE_OUTER_BOUND('',#535,.T.);
#435=FACE_OUTER_BOUND('',#536,.T.);
#436=FACE_OUTER_BOUND('',#537,.T.);
#437=FACE_OUTER_BOUND('',#538,.T.);
#438=FACE_OUTER_BOUND('',#539,.T.);
#439=FACE_OUTER_BOUND('',#541,.T.);
#440=FACE_OUTER_BOUND('',#542,.T.);
#441=FACE_OUTER_BOUND('',#543,.T.);
#442=FACE_OUTER_BOUND('',#544,.T.);
#443=FACE_OUTER_BOUND('',#545,.T.);
#444=FACE_OUTER_BOUND('',#546,.T.);
#445=FACE_OUTER_BOUND('',#547,.T.);
#446=FACE_OUTER_BOUND('',#548,.T.);
#447=FACE_OUTER_BOUND('',#549,.T.);
#448=FACE_OUTER_BOUND('',#550,.T.);
#449=FACE_OUTER_BOUND('',#551,.T.);
#450=FACE_OUTER_BOUND('',#552,.T.);
#451=FACE_OUTER_BOUND('',#553,.T.);
#452=FACE_OUTER_BOUND('',#554,.T.);
#453=FACE_OUTER_BOUND('',#555,.T.);
#454=FACE_OUTER_BOUND('',#562,.T.);
#455=FACE_OUTER_BOUND('',#563,.T.);
#456=FACE_OUTER_BOUND('',#571,.T.);
#457=FACE_OUTER_BOUND('',#572,.T.);
#458=FACE_OUTER_BOUND('',#573,.T.);
#459=FACE_OUTER_BOUND('',#574,.T.);
#460=FACE_OUTER_BOUND('',#575,.T.);
#461=FACE_OUTER_BOUND('',#576,.T.);
#462=FACE_OUTER_BOUND('',#577,.T.);
#463=FACE_OUTER_BOUND('',#578,.T.);
#464=FACE_OUTER_BOUND('',#579,.T.);
#465=FACE_OUTER_BOUND('',#586,.T.);
#466=FACE_OUTER_BOUND('',#587,.T.);
#467=FACE_OUTER_BOUND('',#588,.T.);
#468=FACE_OUTER_BOUND('',#589,.T.);
#469=FACE_OUTER_BOUND('',#591,.T.);
#470=FACE_OUTER_BOUND('',#592,.T.);
#471=FACE_OUTER_BOUND('',#593,.T.);
#472=FACE_OUTER_BOUND('',#594,.T.);
#473=FACE_OUTER_BOUND('',#595,.T.);
#474=FACE_OUTER_BOUND('',#596,.T.);
#475=FACE_OUTER_BOUND('',#597,.T.);
#476=FACE_OUTER_BOUND('',#598,.T.);
#477=FACE_OUTER_BOUND('',#599,.T.);
#478=EDGE_LOOP('',(#1004,#1005,#1006,#1007,#1008));
#479=EDGE_LOOP('',(#1009));
#480=EDGE_LOOP('',(#1010));
#481=EDGE_LOOP('',(#1011,#1012,#1013,#1014,#1015));
#482=EDGE_LOOP('',(#1016,#1017,#1018,#1019,#1020));
#483=EDGE_LOOP('',(#1021,#1022,#1023));
#484=EDGE_LOOP('',(#1024,#1025,#1026));
#485=EDGE_LOOP('',(#1027,#1028,#1029,#1030,#1031,#1032));
#486=EDGE_LOOP('',(#1033,#1034,#1035,#1036,#1037));
#487=EDGE_LOOP('',(#1038,#1039,#1040,#1041,#1042,#1043,#1044,#1045));
#488=EDGE_LOOP('',(#1046,#1047,#1048,#1049,#1050));
#489=EDGE_LOOP('',(#1051));
#490=EDGE_LOOP('',(#1052));
#491=EDGE_LOOP('',(#1053,#1054,#1055,#1056,#1057));
#492=EDGE_LOOP('',(#1058,#1059,#1060,#1061,#1062));
#493=EDGE_LOOP('',(#1063,#1064,#1065));
#494=EDGE_LOOP('',(#1066,#1067,#1068));
#495=EDGE_LOOP('',(#1069,#1070,#1071,#1072,#1073,#1074));
#496=EDGE_LOOP('',(#1075,#1076,#1077,#1078,#1079));
#497=EDGE_LOOP('',(#1080,#1081,#1082,#1083,#1084,#1085,#1086,#1087));
#498=EDGE_LOOP('',(#1088,#1089,#1090,#1091));
#499=EDGE_LOOP('',(#1092,#1093,#1094,#1095));
#500=EDGE_LOOP('',(#1096,#1097,#1098,#1099));
#501=EDGE_LOOP('',(#1100,#1101,#1102,#1103,#1104,#1105,#1106,#1107));
#502=EDGE_LOOP('',(#1108,#1109,#1110,#1111,#1112,#1113));
#503=EDGE_LOOP('',(#1114));
#504=EDGE_LOOP('',(#1115));
#505=EDGE_LOOP('',(#1116));
#506=EDGE_LOOP('',(#1117));
#507=EDGE_LOOP('',(#1118));
#508=EDGE_LOOP('',(#1119));
#509=EDGE_LOOP('',(#1120,#1121,#1122,#1123));
#510=EDGE_LOOP('',(#1124,#1125,#1126,#1127));
#511=EDGE_LOOP('',(#1128,#1129,#1130,#1131));
#512=EDGE_LOOP('',(#1132,#1133,#1134,#1135));
#513=EDGE_LOOP('',(#1136,#1137,#1138,#1139,#1140,#1141));
#514=EDGE_LOOP('',(#1142));
#515=EDGE_LOOP('',(#1143));
#516=EDGE_LOOP('',(#1144));
#517=EDGE_LOOP('',(#1145));
#518=EDGE_LOOP('',(#1146));
#519=EDGE_LOOP('',(#1147));
#520=EDGE_LOOP('',(#1148,#1149,#1150,#1151));
#521=EDGE_LOOP('',(#1152,#1153,#1154,#1155));
#522=EDGE_LOOP('',(#1156,#1157,#1158,#1159));
#523=EDGE_LOOP('',(#1160,#1161,#1162,#1163));
#524=EDGE_LOOP('',(#1164,#1165,#1166,#1167));
#525=EDGE_LOOP('',(#1168,#1169,#1170,#1171));
#526=EDGE_LOOP('',(#1172,#1173,#1174,#1175));
#527=EDGE_LOOP('',(#1176,#1177,#1178,#1179));
#528=EDGE_LOOP('',(#1180));
#529=EDGE_LOOP('',(#1181,#1182,#1183,#1184));
#530=EDGE_LOOP('',(#1185,#1186,#1187,#1188));
#531=EDGE_LOOP('',(#1189));
#532=EDGE_LOOP('',(#1190,#1191,#1192,#1193));
#533=EDGE_LOOP('',(#1194,#1195,#1196,#1197));
#534=EDGE_LOOP('',(#1198));
#535=EDGE_LOOP('',(#1199,#1200,#1201,#1202));
#536=EDGE_LOOP('',(#1203,#1204,#1205,#1206));
#537=EDGE_LOOP('',(#1207));
#538=EDGE_LOOP('',(#1208,#1209,#1210,#1211));
#539=EDGE_LOOP('',(#1212,#1213,#1214,#1215));
#540=EDGE_LOOP('',(#1216));
#541=EDGE_LOOP('',(#1217,#1218,#1219,#1220));
#542=EDGE_LOOP('',(#1221,#1222,#1223,#1224));
#543=EDGE_LOOP('',(#1225,#1226,#1227,#1228));
#544=EDGE_LOOP('',(#1229,#1230,#1231,#1232));
#545=EDGE_LOOP('',(#1233,#1234,#1235,#1236));
#546=EDGE_LOOP('',(#1237,#1238,#1239,#1240));
#547=EDGE_LOOP('',(#1241,#1242,#1243,#1244));
#548=EDGE_LOOP('',(#1245,#1246,#1247,#1248));
#549=EDGE_LOOP('',(#1249,#1250,#1251,#1252));
#550=EDGE_LOOP('',(#1253,#1254,#1255,#1256));
#551=EDGE_LOOP('',(#1257,#1258,#1259,#1260));
#552=EDGE_LOOP('',(#1261,#1262,#1263,#1264));
#553=EDGE_LOOP('',(#1265,#1266,#1267,#1268));
#554=EDGE_LOOP('',(#1269,#1270,#1271,#1272));
#555=EDGE_LOOP('',(#1273,#1274,#1275,#1276));
#556=EDGE_LOOP('',(#1277));
#557=EDGE_LOOP('',(#1278));
#558=EDGE_LOOP('',(#1279));
#559=EDGE_LOOP('',(#1280));
#560=EDGE_LOOP('',(#1281));
#561=EDGE_LOOP('',(#1282));
#562=EDGE_LOOP('',(#1283,#1284,#1285,#1286));
#563=EDGE_LOOP('',(#1287,#1288,#1289,#1290,#1291,#1292,#1293,#1294,#1295,
#1296,#1297,#1298,#1299,#1300));
#564=EDGE_LOOP('',(#1301));
#565=EDGE_LOOP('',(#1302));
#566=EDGE_LOOP('',(#1303));
#567=EDGE_LOOP('',(#1304));
#568=EDGE_LOOP('',(#1305,#1306,#1307,#1308,#1309,#1310));
#569=EDGE_LOOP('',(#1311,#1312,#1313,#1314));
#570=EDGE_LOOP('',(#1315,#1316,#1317,#1318,#1319,#1320));
#571=EDGE_LOOP('',(#1321,#1322,#1323,#1324));
#572=EDGE_LOOP('',(#1325,#1326,#1327,#1328));
#573=EDGE_LOOP('',(#1329,#1330,#1331,#1332));
#574=EDGE_LOOP('',(#1333,#1334,#1335,#1336));
#575=EDGE_LOOP('',(#1337,#1338,#1339,#1340));
#576=EDGE_LOOP('',(#1341,#1342,#1343,#1344));
#577=EDGE_LOOP('',(#1345,#1346,#1347,#1348));
#578=EDGE_LOOP('',(#1349,#1350,#1351,#1352));
#579=EDGE_LOOP('',(#1353,#1354,#1355,#1356));
#580=EDGE_LOOP('',(#1357));
#581=EDGE_LOOP('',(#1358));
#582=EDGE_LOOP('',(#1359));
#583=EDGE_LOOP('',(#1360));
#584=EDGE_LOOP('',(#1361));
#585=EDGE_LOOP('',(#1362));
#586=EDGE_LOOP('',(#1363,#1364,#1365,#1366,#1367,#1368));
#587=EDGE_LOOP('',(#1369,#1370,#1371,#1372));
#588=EDGE_LOOP('',(#1373,#1374,#1375,#1376));
#589=EDGE_LOOP('',(#1377,#1378,#1379,#1380));
#590=EDGE_LOOP('',(#1381));
#591=EDGE_LOOP('',(#1382,#1383,#1384,#1385));
#592=EDGE_LOOP('',(#1386,#1387,#1388,#1389));
#593=EDGE_LOOP('',(#1390,#1391,#1392,#1393));
#594=EDGE_LOOP('',(#1394,#1395,#1396,#1397));
#595=EDGE_LOOP('',(#1398,#1399,#1400,#1401));
#596=EDGE_LOOP('',(#1402,#1403,#1404,#1405,#1406,#1407));
#597=EDGE_LOOP('',(#1408,#1409,#1410,#1411));
#598=EDGE_LOOP('',(#1412,#1413,#1414,#1415));
#599=EDGE_LOOP('',(#1416,#1417,#1418,#1419));
#600=CIRCLE('',#1537,4.25);
#601=CIRCLE('',#1538,4.25);
#602=CIRCLE('',#1539,0.5);
#603=CIRCLE('',#1540,4.75);
#604=CIRCLE('',#1542,11.);
#605=CIRCLE('',#1544,4.25);
#606=CIRCLE('',#1546,0.499999999999969);
#607=CIRCLE('',#1547,11.5);
#608=CIRCLE('',#1548,11.5);
#609=CIRCLE('',#1549,0.500000000000002);
#610=CIRCLE('',#1550,12.);
#611=CIRCLE('',#1553,11.5);
#612=CIRCLE('',#1554,11.5);
#613=CIRCLE('',#1555,0.5);
#614=CIRCLE('',#1558,4.75);
#615=CIRCLE('',#1559,0.5);
#616=CIRCLE('',#1560,4.25);
#617=CIRCLE('',#1561,4.25);
#618=CIRCLE('',#1563,11.);
#619=CIRCLE('',#1565,4.25);
#620=CIRCLE('',#1567,0.50000000000002);
#621=CIRCLE('',#1568,11.5);
#622=CIRCLE('',#1569,11.5);
#623=CIRCLE('',#1570,0.500000000000002);
#624=CIRCLE('',#1571,12.);
#625=CIRCLE('',#1574,0.5);
#626=CIRCLE('',#1575,11.5);
#627=CIRCLE('',#1576,11.5);
#628=CIRCLE('',#1588,1.5);
#629=CIRCLE('',#1589,1.5);
#630=CIRCLE('',#1590,1.5);
#631=CIRCLE('',#1591,1.5);
#632=CIRCLE('',#1592,1.5);
#633=CIRCLE('',#1593,1.5);
#634=CIRCLE('',#1602,1.5);
#635=CIRCLE('',#1603,1.5);
#636=CIRCLE('',#1604,1.5);
#637=CIRCLE('',#1605,1.5);
#638=CIRCLE('',#1606,1.5);
#639=CIRCLE('',#1607,1.5);
#640=CIRCLE('',#1609,1.5);
#641=CIRCLE('',#1611,1.5);
#642=CIRCLE('',#1613,1.5);
#643=CIRCLE('',#1615,1.5);
#644=CIRCLE('',#1617,1.5);
#645=CIRCLE('',#1619,1.5);
#646=CIRCLE('',#1621,2.1);
#647=CIRCLE('',#1622,2.);
#648=CIRCLE('',#1624,2.);
#649=CIRCLE('',#1627,2.1);
#650=CIRCLE('',#1628,2.);
#651=CIRCLE('',#1630,2.);
#652=CIRCLE('',#1633,2.1);
#653=CIRCLE('',#1634,2.);
#654=CIRCLE('',#1636,2.);
#655=CIRCLE('',#1639,2.1);
#656=CIRCLE('',#1640,2.);
#657=CIRCLE('',#1642,2.);
#658=CIRCLE('',#1645,11.5);
#659=CIRCLE('',#1646,11.5);
#660=CIRCLE('',#1650,1.5);
#661=CIRCLE('',#1652,1.5);
#662=CIRCLE('',#1654,1.5);
#663=CIRCLE('',#1656,1.5);
#664=CIRCLE('',#1658,1.5);
#665=CIRCLE('',#1660,1.5);
#666=VERTEX_POINT('',#2165);
#667=VERTEX_POINT('',#2166);
#668=VERTEX_POINT('',#2169);
#669=VERTEX_POINT('',#2173);
#670=VERTEX_POINT('',#2176);
#671=VERTEX_POINT('',#2180);
#672=VERTEX_POINT('',#2181);
#673=VERTEX_POINT('',#2183);
#674=VERTEX_POINT('',#2185);
#675=VERTEX_POINT('',#2187);
#676=VERTEX_POINT('',#2214);
#677=VERTEX_POINT('',#2260);
#678=VERTEX_POINT('',#2262);
#679=VERTEX_POINT('',#2264);
#680=VERTEX_POINT('',#2266);
#681=VERTEX_POINT('',#2270);
#682=VERTEX_POINT('',#2271);
#683=VERTEX_POINT('',#2278);
#684=VERTEX_POINT('',#2280);
#685=VERTEX_POINT('',#2282);
#686=VERTEX_POINT('',#2286);
#687=VERTEX_POINT('',#2289);
#688=VERTEX_POINT('',#2293);
#689=VERTEX_POINT('',#2294);
#690=VERTEX_POINT('',#2296);
#691=VERTEX_POINT('',#2298);
#692=VERTEX_POINT('',#2300);
#693=VERTEX_POINT('',#2327);
#694=VERTEX_POINT('',#2373);
#695=VERTEX_POINT('',#2375);
#696=VERTEX_POINT('',#2377);
#697=VERTEX_POINT('',#2379);
#698=VERTEX_POINT('',#2383);
#699=VERTEX_POINT('',#2385);
#700=VERTEX_POINT('',#2391);
#701=VERTEX_POINT('',#2393);
#702=VERTEX_POINT('',#2395);
#703=VERTEX_POINT('',#2399);
#704=VERTEX_POINT('',#2403);
#705=VERTEX_POINT('',#2405);
#706=VERTEX_POINT('',#2409);
#707=VERTEX_POINT('',#2411);
#708=VERTEX_POINT('',#2413);
#709=VERTEX_POINT('',#2415);
#710=VERTEX_POINT('',#2419);
#711=VERTEX_POINT('',#2421);
#712=VERTEX_POINT('',#2423);
#713=VERTEX_POINT('',#2426);
#714=VERTEX_POINT('',#2428);
#715=VERTEX_POINT('',#2430);
#716=VERTEX_POINT('',#2432);
#717=VERTEX_POINT('',#2434);
#718=VERTEX_POINT('',#2436);
#719=VERTEX_POINT('',#2441);
#720=VERTEX_POINT('',#2450);
#721=VERTEX_POINT('',#2452);
#722=VERTEX_POINT('',#2455);
#723=VERTEX_POINT('',#2457);
#724=VERTEX_POINT('',#2459);
#725=VERTEX_POINT('',#2461);
#726=VERTEX_POINT('',#2463);
#727=VERTEX_POINT('',#2465);
#728=VERTEX_POINT('',#2468);
#729=VERTEX_POINT('',#2472);
#730=VERTEX_POINT('',#2476);
#731=VERTEX_POINT('',#2480);
#732=VERTEX_POINT('',#2484);
#733=VERTEX_POINT('',#2488);
#734=VERTEX_POINT('',#2492);
#735=VERTEX_POINT('',#2494);
#736=VERTEX_POINT('',#2498);
#737=VERTEX_POINT('',#2503);
#738=VERTEX_POINT('',#2505);
#739=VERTEX_POINT('',#2509);
#740=VERTEX_POINT('',#2514);
#741=VERTEX_POINT('',#2516);
#742=VERTEX_POINT('',#2520);
#743=VERTEX_POINT('',#2525);
#744=VERTEX_POINT('',#2527);
#745=VERTEX_POINT('',#2531);
#746=VERTEX_POINT('',#2536);
#747=VERTEX_POINT('',#2537);
#748=VERTEX_POINT('',#2539);
#749=VERTEX_POINT('',#2541);
#750=VERTEX_POINT('',#2545);
#751=VERTEX_POINT('',#2547);
#752=VERTEX_POINT('',#2551);
#753=VERTEX_POINT('',#2555);
#754=VERTEX_POINT('',#2559);
#755=VERTEX_POINT('',#2563);
#756=VERTEX_POINT('',#2567);
#757=VERTEX_POINT('',#2571);
#758=VERTEX_POINT('',#2575);
#759=VERTEX_POINT('',#2579);
#760=VERTEX_POINT('',#2580);
#761=VERTEX_POINT('',#2582);
#762=VERTEX_POINT('',#2584);
#763=VERTEX_POINT('',#2588);
#764=VERTEX_POINT('',#2590);
#765=VERTEX_POINT('',#2594);
#766=VERTEX_POINT('',#2596);
#767=VERTEX_POINT('',#2600);
#768=VERTEX_POINT('',#2602);
#769=VERTEX_POINT('',#2606);
#770=VERTEX_POINT('',#2608);
#771=VERTEX_POINT('',#2615);
#772=VERTEX_POINT('',#2617);
#773=VERTEX_POINT('',#2621);
#774=VERTEX_POINT('',#2625);
#775=VERTEX_POINT('',#2632);
#776=VERTEX_POINT('',#2633);
#777=VERTEX_POINT('',#2635);
#778=VERTEX_POINT('',#2637);
#779=VERTEX_POINT('',#2639);
#780=VERTEX_POINT('',#2641);
#781=VERTEX_POINT('',#2644);
#782=VERTEX_POINT('',#2648);
#783=VERTEX_POINT('',#2650);
#784=VERTEX_POINT('',#2654);
#785=VERTEX_POINT('',#2658);
#786=VERTEX_POINT('',#2662);
#787=VERTEX_POINT('',#2666);
#788=VERTEX_POINT('',#2672);
#789=VERTEX_POINT('',#2674);
#790=VERTEX_POINT('',#2678);
#791=VERTEX_POINT('',#2682);
#792=VERTEX_POINT('',#2686);
#793=VERTEX_POINT('',#2688);
#794=VERTEX_POINT('',#2700);
#795=VERTEX_POINT('',#2704);
#796=EDGE_CURVE('',#666,#667,#600,.T.);
#797=EDGE_CURVE('',#667,#666,#601,.T.);
#798=EDGE_CURVE('',#666,#668,#602,.T.);
#799=EDGE_CURVE('',#668,#668,#603,.T.);
#800=EDGE_CURVE('',#669,#669,#604,.T.);
#801=EDGE_CURVE('',#670,#670,#605,.T.);
#802=EDGE_CURVE('',#670,#667,#47,.T.);
#803=EDGE_CURVE('',#671,#672,#606,.T.);
#804=EDGE_CURVE('',#672,#673,#607,.T.);
#805=EDGE_CURVE('',#673,#674,#608,.T.);
#806=EDGE_CURVE('',#674,#675,#609,.T.);
#807=EDGE_CURVE('',#675,#671,#610,.T.);
#808=EDGE_CURVE('',#671,#676,#48,.T.);
#809=EDGE_CURVE('',#676,#672,#39,.T.);
#810=EDGE_CURVE('',#674,#676,#40,.T.);
#811=EDGE_CURVE('',#676,#675,#49,.T.);
#812=EDGE_CURVE('',#675,#677,#50,.T.);
#813=EDGE_CURVE('',#677,#678,#51,.T.);
#814=EDGE_CURVE('',#679,#678,#52,.T.);
#815=EDGE_CURVE('',#680,#679,#53,.T.);
#816=EDGE_CURVE('',#680,#671,#54,.T.);
#817=EDGE_CURVE('',#681,#682,#611,.T.);
#818=EDGE_CURVE('',#682,#681,#612,.T.);
#819=EDGE_CURVE('',#681,#669,#613,.T.);
#820=EDGE_CURVE('',#682,#673,#55,.T.);
#821=EDGE_CURVE('',#683,#683,#614,.T.);
#822=EDGE_CURVE('',#683,#684,#615,.T.);
#823=EDGE_CURVE('',#684,#685,#616,.T.);
#824=EDGE_CURVE('',#685,#684,#617,.T.);
#825=EDGE_CURVE('',#686,#686,#618,.T.);
#826=EDGE_CURVE('',#685,#687,#56,.T.);
#827=EDGE_CURVE('',#687,#687,#619,.T.);
#828=EDGE_CURVE('',#688,#689,#620,.T.);
#829=EDGE_CURVE('',#689,#690,#621,.T.);
#830=EDGE_CURVE('',#690,#691,#622,.T.);
#831=EDGE_CURVE('',#691,#692,#623,.T.);
#832=EDGE_CURVE('',#692,#688,#624,.T.);
#833=EDGE_CURVE('',#688,#693,#57,.T.);
#834=EDGE_CURVE('',#693,#689,#41,.T.);
#835=EDGE_CURVE('',#691,#693,#42,.T.);
#836=EDGE_CURVE('',#693,#692,#58,.T.);
#837=EDGE_CURVE('',#692,#694,#59,.T.);
#838=EDGE_CURVE('',#694,#695,#60,.T.);
#839=EDGE_CURVE('',#696,#695,#61,.T.);
#840=EDGE_CURVE('',#697,#696,#62,.T.);
#841=EDGE_CURVE('',#697,#688,#63,.T.);
#842=EDGE_CURVE('',#686,#698,#625,.T.);
#843=EDGE_CURVE('',#698,#699,#626,.T.);
#844=EDGE_CURVE('',#699,#698,#627,.T.);
#845=EDGE_CURVE('',#699,#690,#64,.T.);
#846=EDGE_CURVE('',#695,#700,#65,.T.);
#847=EDGE_CURVE('',#700,#701,#19,.T.);
#848=EDGE_CURVE('',#701,#702,#66,.T.);
#849=EDGE_CURVE('',#702,#695,#20,.T.);
#850=EDGE_CURVE('',#702,#703,#67,.T.);
#851=EDGE_CURVE('',#703,#696,#21,.T.);
#852=EDGE_CURVE('',#703,#704,#68,.T.);
#853=EDGE_CURVE('',#704,#705,#22,.T.);
#854=EDGE_CURVE('',#705,#696,#69,.T.);
#855=EDGE_CURVE('',#701,#706,#70,.T.);
#856=EDGE_CURVE('',#707,#706,#71,.T.);
#857=EDGE_CURVE('',#708,#707,#72,.T.);
#858=EDGE_CURVE('',#709,#708,#73,.T.);
#859=EDGE_CURVE('',#709,#704,#74,.T.);
#860=EDGE_CURVE('',#710,#700,#75,.T.);
#861=EDGE_CURVE('',#710,#711,#76,.T.);
#862=EDGE_CURVE('',#711,#712,#77,.T.);
#863=EDGE_CURVE('',#706,#712,#23,.T.);
#864=EDGE_CURVE('',#713,#713,#628,.T.);
#865=EDGE_CURVE('',#714,#714,#629,.T.);
#866=EDGE_CURVE('',#715,#715,#630,.T.);
#867=EDGE_CURVE('',#716,#716,#631,.T.);
#868=EDGE_CURVE('',#717,#717,#632,.T.);
#869=EDGE_CURVE('',#718,#718,#633,.T.);
#870=EDGE_CURVE('',#694,#710,#78,.T.);
#871=EDGE_CURVE('',#678,#719,#79,.T.);
#872=EDGE_CURVE('',#719,#709,#24,.T.);
#873=EDGE_CURVE('',#708,#678,#25,.T.);
#874=EDGE_CURVE('',#707,#679,#26,.T.);
#875=EDGE_CURVE('',#712,#679,#80,.T.);
#876=EDGE_CURVE('',#720,#719,#81,.T.);
#877=EDGE_CURVE('',#720,#721,#82,.T.);
#878=EDGE_CURVE('',#721,#705,#83,.T.);
#879=EDGE_CURVE('',#722,#722,#634,.T.);
#880=EDGE_CURVE('',#723,#723,#635,.T.);
#881=EDGE_CURVE('',#724,#724,#636,.T.);
#882=EDGE_CURVE('',#725,#725,#637,.T.);
#883=EDGE_CURVE('',#726,#726,#638,.T.);
#884=EDGE_CURVE('',#727,#727,#639,.T.);
#885=EDGE_CURVE('',#718,#728,#84,.T.);
#886=EDGE_CURVE('',#728,#728,#640,.T.);
#887=EDGE_CURVE('',#717,#729,#85,.T.);
#888=EDGE_CURVE('',#729,#729,#641,.T.);
#889=EDGE_CURVE('',#716,#730,#86,.T.);
#890=EDGE_CURVE('',#730,#730,#642,.T.);
#891=EDGE_CURVE('',#715,#731,#87,.T.);
#892=EDGE_CURVE('',#731,#731,#643,.T.);
#893=EDGE_CURVE('',#714,#732,#88,.T.);
#894=EDGE_CURVE('',#732,#732,#644,.T.);
#895=EDGE_CURVE('',#713,#733,#89,.T.);
#896=EDGE_CURVE('',#733,#733,#645,.T.);
#897=EDGE_CURVE('',#734,#734,#646,.T.);
#898=EDGE_CURVE('',#734,#735,#90,.T.);
#899=EDGE_CURVE('',#735,#735,#647,.T.);
#900=EDGE_CURVE('',#735,#736,#91,.T.);
#901=EDGE_CURVE('',#736,#736,#648,.T.);
#902=EDGE_CURVE('',#737,#737,#649,.T.);
#903=EDGE_CURVE('',#737,#738,#92,.T.);
#904=EDGE_CURVE('',#738,#738,#650,.T.);
#905=EDGE_CURVE('',#738,#739,#93,.T.);
#906=EDGE_CURVE('',#739,#739,#651,.T.);
#907=EDGE_CURVE('',#740,#740,#652,.T.);
#908=EDGE_CURVE('',#740,#741,#94,.T.);
#909=EDGE_CURVE('',#741,#741,#653,.T.);
#910=EDGE_CURVE('',#741,#742,#95,.T.);
#911=EDGE_CURVE('',#742,#742,#654,.T.);
#912=EDGE_CURVE('',#743,#743,#655,.T.);
#913=EDGE_CURVE('',#743,#744,#96,.T.);
#914=EDGE_CURVE('',#744,#744,#656,.T.);
#915=EDGE_CURVE('',#744,#745,#97,.T.);
#916=EDGE_CURVE('',#745,#745,#657,.T.);
#917=EDGE_CURVE('',#746,#747,#658,.T.);
#918=EDGE_CURVE('',#746,#748,#98,.T.);
#919=EDGE_CURVE('',#749,#748,#659,.T.);
#920=EDGE_CURVE('',#747,#749,#99,.T.);
#921=EDGE_CURVE('',#750,#748,#100,.T.);
#922=EDGE_CURVE('',#751,#750,#101,.T.);
#923=EDGE_CURVE('',#751,#749,#102,.T.);
#924=EDGE_CURVE('',#752,#746,#103,.T.);
#925=EDGE_CURVE('',#750,#752,#104,.T.);
#926=EDGE_CURVE('',#727,#753,#105,.T.);
#927=EDGE_CURVE('',#753,#753,#660,.T.);
#928=EDGE_CURVE('',#726,#754,#106,.T.);
#929=EDGE_CURVE('',#754,#754,#661,.T.);
#930=EDGE_CURVE('',#725,#755,#107,.T.);
#931=EDGE_CURVE('',#755,#755,#662,.T.);
#932=EDGE_CURVE('',#724,#756,#108,.T.);
#933=EDGE_CURVE('',#756,#756,#663,.T.);
#934=EDGE_CURVE('',#723,#757,#109,.T.);
#935=EDGE_CURVE('',#757,#757,#664,.T.);
#936=EDGE_CURVE('',#722,#758,#110,.T.);
#937=EDGE_CURVE('',#758,#758,#665,.T.);
#938=EDGE_CURVE('',#759,#760,#111,.T.);
#939=EDGE_CURVE('',#760,#761,#27,.T.);
#940=EDGE_CURVE('',#761,#762,#112,.T.);
#941=EDGE_CURVE('',#759,#762,#28,.T.);
#942=EDGE_CURVE('',#760,#763,#113,.T.);
#943=EDGE_CURVE('',#763,#764,#29,.T.);
#944=EDGE_CURVE('',#764,#761,#114,.T.);
#945=EDGE_CURVE('',#763,#765,#115,.T.);
#946=EDGE_CURVE('',#765,#766,#30,.T.);
#947=EDGE_CURVE('',#766,#764,#116,.T.);
#948=EDGE_CURVE('',#767,#766,#117,.T.);
#949=EDGE_CURVE('',#765,#768,#118,.T.);
#950=EDGE_CURVE('',#768,#767,#31,.T.);
#951=EDGE_CURVE('',#769,#767,#119,.T.);
#952=EDGE_CURVE('',#768,#770,#120,.T.);
#953=EDGE_CURVE('',#770,#769,#32,.T.);
#954=EDGE_CURVE('',#762,#769,#121,.T.);
#955=EDGE_CURVE('',#770,#759,#122,.T.);
#956=EDGE_CURVE('',#769,#771,#123,.T.);
#957=EDGE_CURVE('',#771,#772,#124,.T.);
#958=EDGE_CURVE('',#767,#772,#125,.T.);
#959=EDGE_CURVE('',#773,#762,#126,.T.);
#960=EDGE_CURVE('',#771,#773,#127,.T.);
#961=EDGE_CURVE('',#761,#774,#128,.T.);
#962=EDGE_CURVE('',#774,#773,#129,.T.);
#963=EDGE_CURVE('',#721,#697,#130,.T.);
#964=EDGE_CURVE('',#677,#720,#131,.T.);
#965=EDGE_CURVE('',#711,#680,#132,.T.);
#966=EDGE_CURVE('',#775,#776,#133,.T.);
#967=EDGE_CURVE('',#777,#775,#134,.T.);
#968=EDGE_CURVE('',#778,#777,#135,.T.);
#969=EDGE_CURVE('',#779,#778,#136,.T.);
#970=EDGE_CURVE('',#780,#779,#137,.T.);
#971=EDGE_CURVE('',#776,#780,#138,.T.);
#972=EDGE_CURVE('',#752,#781,#139,.T.);
#973=EDGE_CURVE('',#781,#751,#140,.T.);
#974=EDGE_CURVE('',#776,#782,#33,.T.);
#975=EDGE_CURVE('',#782,#783,#141,.T.);
#976=EDGE_CURVE('',#775,#783,#34,.T.);
#977=EDGE_CURVE('',#780,#784,#35,.T.);
#978=EDGE_CURVE('',#784,#782,#142,.T.);
#979=EDGE_CURVE('',#779,#785,#36,.T.);
#980=EDGE_CURVE('',#785,#784,#143,.T.);
#981=EDGE_CURVE('',#778,#786,#37,.T.);
#982=EDGE_CURVE('',#786,#785,#144,.T.);
#983=EDGE_CURVE('',#787,#786,#145,.T.);
#984=EDGE_CURVE('',#777,#787,#38,.T.);
#985=EDGE_CURVE('',#783,#787,#146,.T.);
#986=EDGE_CURVE('',#787,#788,#147,.T.);
#987=EDGE_CURVE('',#788,#789,#148,.T.);
#988=EDGE_CURVE('',#786,#789,#149,.T.);
#989=EDGE_CURVE('',#783,#790,#150,.T.);
#990=EDGE_CURVE('',#790,#788,#151,.T.);
#991=EDGE_CURVE('',#791,#782,#152,.T.);
#992=EDGE_CURVE('',#790,#791,#153,.T.);
#993=EDGE_CURVE('',#792,#791,#154,.T.);
#994=EDGE_CURVE('',#793,#792,#155,.T.);
#995=EDGE_CURVE('',#789,#793,#156,.T.);
#996=EDGE_CURVE('',#784,#792,#157,.T.);
#997=EDGE_CURVE('',#781,#747,#158,.T.);
#998=EDGE_CURVE('',#785,#793,#159,.T.);
#999=EDGE_CURVE('',#764,#794,#160,.T.);
#1000=EDGE_CURVE('',#794,#774,#161,.T.);
#1001=EDGE_CURVE('',#766,#795,#162,.T.);
#1002=EDGE_CURVE('',#795,#794,#163,.T.);
#1003=EDGE_CURVE('',#772,#795,#164,.T.);
#1004=ORIENTED_EDGE('',*,*,#796,.T.);
#1005=ORIENTED_EDGE('',*,*,#797,.T.);
#1006=ORIENTED_EDGE('',*,*,#798,.T.);
#1007=ORIENTED_EDGE('',*,*,#799,.T.);
#1008=ORIENTED_EDGE('',*,*,#798,.F.);
#1009=ORIENTED_EDGE('',*,*,#800,.F.);
#1010=ORIENTED_EDGE('',*,*,#799,.F.);
#1011=ORIENTED_EDGE('',*,*,#801,.F.);
#1012=ORIENTED_EDGE('',*,*,#802,.T.);
#1013=ORIENTED_EDGE('',*,*,#796,.F.);
#1014=ORIENTED_EDGE('',*,*,#797,.F.);
#1015=ORIENTED_EDGE('',*,*,#802,.F.);
#1016=ORIENTED_EDGE('',*,*,#803,.T.);
#1017=ORIENTED_EDGE('',*,*,#804,.T.);
#1018=ORIENTED_EDGE('',*,*,#805,.T.);
#1019=ORIENTED_EDGE('',*,*,#806,.T.);
#1020=ORIENTED_EDGE('',*,*,#807,.T.);
#1021=ORIENTED_EDGE('',*,*,#803,.F.);
#1022=ORIENTED_EDGE('',*,*,#808,.T.);
#1023=ORIENTED_EDGE('',*,*,#809,.T.);
#1024=ORIENTED_EDGE('',*,*,#806,.F.);
#1025=ORIENTED_EDGE('',*,*,#810,.T.);
#1026=ORIENTED_EDGE('',*,*,#811,.T.);
#1027=ORIENTED_EDGE('',*,*,#807,.F.);
#1028=ORIENTED_EDGE('',*,*,#812,.T.);
#1029=ORIENTED_EDGE('',*,*,#813,.T.);
#1030=ORIENTED_EDGE('',*,*,#814,.F.);
#1031=ORIENTED_EDGE('',*,*,#815,.F.);
#1032=ORIENTED_EDGE('',*,*,#816,.T.);
#1033=ORIENTED_EDGE('',*,*,#817,.T.);
#1034=ORIENTED_EDGE('',*,*,#818,.T.);
#1035=ORIENTED_EDGE('',*,*,#819,.T.);
#1036=ORIENTED_EDGE('',*,*,#800,.T.);
#1037=ORIENTED_EDGE('',*,*,#819,.F.);
#1038=ORIENTED_EDGE('',*,*,#817,.F.);
#1039=ORIENTED_EDGE('',*,*,#818,.F.);
#1040=ORIENTED_EDGE('',*,*,#820,.T.);
#1041=ORIENTED_EDGE('',*,*,#804,.F.);
#1042=ORIENTED_EDGE('',*,*,#809,.F.);
#1043=ORIENTED_EDGE('',*,*,#810,.F.);
#1044=ORIENTED_EDGE('',*,*,#805,.F.);
#1045=ORIENTED_EDGE('',*,*,#820,.F.);
#1046=ORIENTED_EDGE('',*,*,#821,.T.);
#1047=ORIENTED_EDGE('',*,*,#822,.T.);
#1048=ORIENTED_EDGE('',*,*,#823,.T.);
#1049=ORIENTED_EDGE('',*,*,#824,.T.);
#1050=ORIENTED_EDGE('',*,*,#822,.F.);
#1051=ORIENTED_EDGE('',*,*,#825,.F.);
#1052=ORIENTED_EDGE('',*,*,#821,.F.);
#1053=ORIENTED_EDGE('',*,*,#824,.F.);
#1054=ORIENTED_EDGE('',*,*,#826,.T.);
#1055=ORIENTED_EDGE('',*,*,#827,.F.);
#1056=ORIENTED_EDGE('',*,*,#826,.F.);
#1057=ORIENTED_EDGE('',*,*,#823,.F.);
#1058=ORIENTED_EDGE('',*,*,#828,.T.);
#1059=ORIENTED_EDGE('',*,*,#829,.T.);
#1060=ORIENTED_EDGE('',*,*,#830,.T.);
#1061=ORIENTED_EDGE('',*,*,#831,.T.);
#1062=ORIENTED_EDGE('',*,*,#832,.T.);
#1063=ORIENTED_EDGE('',*,*,#828,.F.);
#1064=ORIENTED_EDGE('',*,*,#833,.T.);
#1065=ORIENTED_EDGE('',*,*,#834,.T.);
#1066=ORIENTED_EDGE('',*,*,#831,.F.);
#1067=ORIENTED_EDGE('',*,*,#835,.T.);
#1068=ORIENTED_EDGE('',*,*,#836,.T.);
#1069=ORIENTED_EDGE('',*,*,#832,.F.);
#1070=ORIENTED_EDGE('',*,*,#837,.T.);
#1071=ORIENTED_EDGE('',*,*,#838,.T.);
#1072=ORIENTED_EDGE('',*,*,#839,.F.);
#1073=ORIENTED_EDGE('',*,*,#840,.F.);
#1074=ORIENTED_EDGE('',*,*,#841,.T.);
#1075=ORIENTED_EDGE('',*,*,#825,.T.);
#1076=ORIENTED_EDGE('',*,*,#842,.T.);
#1077=ORIENTED_EDGE('',*,*,#843,.T.);
#1078=ORIENTED_EDGE('',*,*,#844,.T.);
#1079=ORIENTED_EDGE('',*,*,#842,.F.);
#1080=ORIENTED_EDGE('',*,*,#844,.F.);
#1081=ORIENTED_EDGE('',*,*,#845,.T.);
#1082=ORIENTED_EDGE('',*,*,#829,.F.);
#1083=ORIENTED_EDGE('',*,*,#834,.F.);
#1084=ORIENTED_EDGE('',*,*,#835,.F.);
#1085=ORIENTED_EDGE('',*,*,#830,.F.);
#1086=ORIENTED_EDGE('',*,*,#845,.F.);
#1087=ORIENTED_EDGE('',*,*,#843,.F.);
#1088=ORIENTED_EDGE('',*,*,#846,.T.);
#1089=ORIENTED_EDGE('',*,*,#847,.T.);
#1090=ORIENTED_EDGE('',*,*,#848,.T.);
#1091=ORIENTED_EDGE('',*,*,#849,.T.);
#1092=ORIENTED_EDGE('',*,*,#839,.T.);
#1093=ORIENTED_EDGE('',*,*,#849,.F.);
#1094=ORIENTED_EDGE('',*,*,#850,.T.);
#1095=ORIENTED_EDGE('',*,*,#851,.T.);
#1096=ORIENTED_EDGE('',*,*,#852,.T.);
#1097=ORIENTED_EDGE('',*,*,#853,.T.);
#1098=ORIENTED_EDGE('',*,*,#854,.T.);
#1099=ORIENTED_EDGE('',*,*,#851,.F.);
#1100=ORIENTED_EDGE('',*,*,#852,.F.);
#1101=ORIENTED_EDGE('',*,*,#850,.F.);
#1102=ORIENTED_EDGE('',*,*,#848,.F.);
#1103=ORIENTED_EDGE('',*,*,#855,.T.);
#1104=ORIENTED_EDGE('',*,*,#856,.F.);
#1105=ORIENTED_EDGE('',*,*,#857,.F.);
#1106=ORIENTED_EDGE('',*,*,#858,.F.);
#1107=ORIENTED_EDGE('',*,*,#859,.T.);
#1108=ORIENTED_EDGE('',*,*,#847,.F.);
#1109=ORIENTED_EDGE('',*,*,#860,.F.);
#1110=ORIENTED_EDGE('',*,*,#861,.T.);
#1111=ORIENTED_EDGE('',*,*,#862,.T.);
#1112=ORIENTED_EDGE('',*,*,#863,.F.);
#1113=ORIENTED_EDGE('',*,*,#855,.F.);
#1114=ORIENTED_EDGE('',*,*,#864,.T.);
#1115=ORIENTED_EDGE('',*,*,#865,.T.);
#1116=ORIENTED_EDGE('',*,*,#866,.T.);
#1117=ORIENTED_EDGE('',*,*,#867,.T.);
#1118=ORIENTED_EDGE('',*,*,#868,.T.);
#1119=ORIENTED_EDGE('',*,*,#869,.T.);
#1120=ORIENTED_EDGE('',*,*,#846,.F.);
#1121=ORIENTED_EDGE('',*,*,#838,.F.);
#1122=ORIENTED_EDGE('',*,*,#870,.T.);
#1123=ORIENTED_EDGE('',*,*,#860,.T.);
#1124=ORIENTED_EDGE('',*,*,#871,.T.);
#1125=ORIENTED_EDGE('',*,*,#872,.T.);
#1126=ORIENTED_EDGE('',*,*,#858,.T.);
#1127=ORIENTED_EDGE('',*,*,#873,.T.);
#1128=ORIENTED_EDGE('',*,*,#814,.T.);
#1129=ORIENTED_EDGE('',*,*,#873,.F.);
#1130=ORIENTED_EDGE('',*,*,#857,.T.);
#1131=ORIENTED_EDGE('',*,*,#874,.T.);
#1132=ORIENTED_EDGE('',*,*,#856,.T.);
#1133=ORIENTED_EDGE('',*,*,#863,.T.);
#1134=ORIENTED_EDGE('',*,*,#875,.T.);
#1135=ORIENTED_EDGE('',*,*,#874,.F.);
#1136=ORIENTED_EDGE('',*,*,#853,.F.);
#1137=ORIENTED_EDGE('',*,*,#859,.F.);
#1138=ORIENTED_EDGE('',*,*,#872,.F.);
#1139=ORIENTED_EDGE('',*,*,#876,.F.);
#1140=ORIENTED_EDGE('',*,*,#877,.T.);
#1141=ORIENTED_EDGE('',*,*,#878,.T.);
#1142=ORIENTED_EDGE('',*,*,#879,.T.);
#1143=ORIENTED_EDGE('',*,*,#880,.T.);
#1144=ORIENTED_EDGE('',*,*,#881,.T.);
#1145=ORIENTED_EDGE('',*,*,#882,.T.);
#1146=ORIENTED_EDGE('',*,*,#883,.T.);
#1147=ORIENTED_EDGE('',*,*,#884,.T.);
#1148=ORIENTED_EDGE('',*,*,#869,.F.);
#1149=ORIENTED_EDGE('',*,*,#885,.T.);
#1150=ORIENTED_EDGE('',*,*,#886,.F.);
#1151=ORIENTED_EDGE('',*,*,#885,.F.);
#1152=ORIENTED_EDGE('',*,*,#868,.F.);
#1153=ORIENTED_EDGE('',*,*,#887,.T.);
#1154=ORIENTED_EDGE('',*,*,#888,.F.);
#1155=ORIENTED_EDGE('',*,*,#887,.F.);
#1156=ORIENTED_EDGE('',*,*,#867,.F.);
#1157=ORIENTED_EDGE('',*,*,#889,.T.);
#1158=ORIENTED_EDGE('',*,*,#890,.F.);
#1159=ORIENTED_EDGE('',*,*,#889,.F.);
#1160=ORIENTED_EDGE('',*,*,#866,.F.);
#1161=ORIENTED_EDGE('',*,*,#891,.T.);
#1162=ORIENTED_EDGE('',*,*,#892,.F.);
#1163=ORIENTED_EDGE('',*,*,#891,.F.);
#1164=ORIENTED_EDGE('',*,*,#865,.F.);
#1165=ORIENTED_EDGE('',*,*,#893,.T.);
#1166=ORIENTED_EDGE('',*,*,#894,.F.);
#1167=ORIENTED_EDGE('',*,*,#893,.F.);
#1168=ORIENTED_EDGE('',*,*,#864,.F.);
#1169=ORIENTED_EDGE('',*,*,#895,.T.);
#1170=ORIENTED_EDGE('',*,*,#896,.F.);
#1171=ORIENTED_EDGE('',*,*,#895,.F.);
#1172=ORIENTED_EDGE('',*,*,#897,.F.);
#1173=ORIENTED_EDGE('',*,*,#898,.T.);
#1174=ORIENTED_EDGE('',*,*,#899,.F.);
#1175=ORIENTED_EDGE('',*,*,#898,.F.);
#1176=ORIENTED_EDGE('',*,*,#899,.T.);
#1177=ORIENTED_EDGE('',*,*,#900,.T.);
#1178=ORIENTED_EDGE('',*,*,#901,.F.);
#1179=ORIENTED_EDGE('',*,*,#900,.F.);
#1180=ORIENTED_EDGE('',*,*,#901,.T.);
#1181=ORIENTED_EDGE('',*,*,#902,.F.);
#1182=ORIENTED_EDGE('',*,*,#903,.T.);
#1183=ORIENTED_EDGE('',*,*,#904,.F.);
#1184=ORIENTED_EDGE('',*,*,#903,.F.);
#1185=ORIENTED_EDGE('',*,*,#904,.T.);
#1186=ORIENTED_EDGE('',*,*,#905,.T.);
#1187=ORIENTED_EDGE('',*,*,#906,.F.);
#1188=ORIENTED_EDGE('',*,*,#905,.F.);
#1189=ORIENTED_EDGE('',*,*,#906,.T.);
#1190=ORIENTED_EDGE('',*,*,#907,.F.);
#1191=ORIENTED_EDGE('',*,*,#908,.T.);
#1192=ORIENTED_EDGE('',*,*,#909,.F.);
#1193=ORIENTED_EDGE('',*,*,#908,.F.);
#1194=ORIENTED_EDGE('',*,*,#909,.T.);
#1195=ORIENTED_EDGE('',*,*,#910,.T.);
#1196=ORIENTED_EDGE('',*,*,#911,.F.);
#1197=ORIENTED_EDGE('',*,*,#910,.F.);
#1198=ORIENTED_EDGE('',*,*,#911,.T.);
#1199=ORIENTED_EDGE('',*,*,#912,.F.);
#1200=ORIENTED_EDGE('',*,*,#913,.T.);
#1201=ORIENTED_EDGE('',*,*,#914,.F.);
#1202=ORIENTED_EDGE('',*,*,#913,.F.);
#1203=ORIENTED_EDGE('',*,*,#914,.T.);
#1204=ORIENTED_EDGE('',*,*,#915,.T.);
#1205=ORIENTED_EDGE('',*,*,#916,.F.);
#1206=ORIENTED_EDGE('',*,*,#915,.F.);
#1207=ORIENTED_EDGE('',*,*,#916,.T.);
#1208=ORIENTED_EDGE('',*,*,#917,.F.);
#1209=ORIENTED_EDGE('',*,*,#918,.T.);
#1210=ORIENTED_EDGE('',*,*,#919,.F.);
#1211=ORIENTED_EDGE('',*,*,#920,.F.);
#1212=ORIENTED_EDGE('',*,*,#919,.T.);
#1213=ORIENTED_EDGE('',*,*,#921,.F.);
#1214=ORIENTED_EDGE('',*,*,#922,.F.);
#1215=ORIENTED_EDGE('',*,*,#923,.T.);
#1216=ORIENTED_EDGE('',*,*,#827,.T.);
#1217=ORIENTED_EDGE('',*,*,#918,.F.);
#1218=ORIENTED_EDGE('',*,*,#924,.F.);
#1219=ORIENTED_EDGE('',*,*,#925,.F.);
#1220=ORIENTED_EDGE('',*,*,#921,.T.);
#1221=ORIENTED_EDGE('',*,*,#884,.F.);
#1222=ORIENTED_EDGE('',*,*,#926,.T.);
#1223=ORIENTED_EDGE('',*,*,#927,.F.);
#1224=ORIENTED_EDGE('',*,*,#926,.F.);
#1225=ORIENTED_EDGE('',*,*,#883,.F.);
#1226=ORIENTED_EDGE('',*,*,#928,.T.);
#1227=ORIENTED_EDGE('',*,*,#929,.F.);
#1228=ORIENTED_EDGE('',*,*,#928,.F.);
#1229=ORIENTED_EDGE('',*,*,#882,.F.);
#1230=ORIENTED_EDGE('',*,*,#930,.T.);
#1231=ORIENTED_EDGE('',*,*,#931,.F.);
#1232=ORIENTED_EDGE('',*,*,#930,.F.);
#1233=ORIENTED_EDGE('',*,*,#881,.F.);
#1234=ORIENTED_EDGE('',*,*,#932,.T.);
#1235=ORIENTED_EDGE('',*,*,#933,.F.);
#1236=ORIENTED_EDGE('',*,*,#932,.F.);
#1237=ORIENTED_EDGE('',*,*,#880,.F.);
#1238=ORIENTED_EDGE('',*,*,#934,.T.);
#1239=ORIENTED_EDGE('',*,*,#935,.F.);
#1240=ORIENTED_EDGE('',*,*,#934,.F.);
#1241=ORIENTED_EDGE('',*,*,#879,.F.);
#1242=ORIENTED_EDGE('',*,*,#936,.T.);
#1243=ORIENTED_EDGE('',*,*,#937,.F.);
#1244=ORIENTED_EDGE('',*,*,#936,.F.);
#1245=ORIENTED_EDGE('',*,*,#938,.T.);
#1246=ORIENTED_EDGE('',*,*,#939,.T.);
#1247=ORIENTED_EDGE('',*,*,#940,.T.);
#1248=ORIENTED_EDGE('',*,*,#941,.F.);
#1249=ORIENTED_EDGE('',*,*,#942,.T.);
#1250=ORIENTED_EDGE('',*,*,#943,.T.);
#1251=ORIENTED_EDGE('',*,*,#944,.T.);
#1252=ORIENTED_EDGE('',*,*,#939,.F.);
#1253=ORIENTED_EDGE('',*,*,#945,.T.);
#1254=ORIENTED_EDGE('',*,*,#946,.T.);
#1255=ORIENTED_EDGE('',*,*,#947,.T.);
#1256=ORIENTED_EDGE('',*,*,#943,.F.);
#1257=ORIENTED_EDGE('',*,*,#948,.T.);
#1258=ORIENTED_EDGE('',*,*,#946,.F.);
#1259=ORIENTED_EDGE('',*,*,#949,.T.);
#1260=ORIENTED_EDGE('',*,*,#950,.T.);
#1261=ORIENTED_EDGE('',*,*,#951,.T.);
#1262=ORIENTED_EDGE('',*,*,#950,.F.);
#1263=ORIENTED_EDGE('',*,*,#952,.T.);
#1264=ORIENTED_EDGE('',*,*,#953,.T.);
#1265=ORIENTED_EDGE('',*,*,#954,.T.);
#1266=ORIENTED_EDGE('',*,*,#953,.F.);
#1267=ORIENTED_EDGE('',*,*,#955,.T.);
#1268=ORIENTED_EDGE('',*,*,#941,.T.);
#1269=ORIENTED_EDGE('',*,*,#951,.F.);
#1270=ORIENTED_EDGE('',*,*,#956,.T.);
#1271=ORIENTED_EDGE('',*,*,#957,.T.);
#1272=ORIENTED_EDGE('',*,*,#958,.F.);
#1273=ORIENTED_EDGE('',*,*,#954,.F.);
#1274=ORIENTED_EDGE('',*,*,#959,.F.);
#1275=ORIENTED_EDGE('',*,*,#960,.F.);
#1276=ORIENTED_EDGE('',*,*,#956,.F.);
#1277=ORIENTED_EDGE('',*,*,#886,.T.);
#1278=ORIENTED_EDGE('',*,*,#888,.T.);
#1279=ORIENTED_EDGE('',*,*,#890,.T.);
#1280=ORIENTED_EDGE('',*,*,#892,.T.);
#1281=ORIENTED_EDGE('',*,*,#894,.T.);
#1282=ORIENTED_EDGE('',*,*,#896,.T.);
#1283=ORIENTED_EDGE('',*,*,#940,.F.);
#1284=ORIENTED_EDGE('',*,*,#961,.T.);
#1285=ORIENTED_EDGE('',*,*,#962,.T.);
#1286=ORIENTED_EDGE('',*,*,#959,.T.);
#1287=ORIENTED_EDGE('',*,*,#861,.F.);
#1288=ORIENTED_EDGE('',*,*,#870,.F.);
#1289=ORIENTED_EDGE('',*,*,#837,.F.);
#1290=ORIENTED_EDGE('',*,*,#836,.F.);
#1291=ORIENTED_EDGE('',*,*,#833,.F.);
#1292=ORIENTED_EDGE('',*,*,#841,.F.);
#1293=ORIENTED_EDGE('',*,*,#963,.F.);
#1294=ORIENTED_EDGE('',*,*,#877,.F.);
#1295=ORIENTED_EDGE('',*,*,#964,.F.);
#1296=ORIENTED_EDGE('',*,*,#812,.F.);
#1297=ORIENTED_EDGE('',*,*,#811,.F.);
#1298=ORIENTED_EDGE('',*,*,#808,.F.);
#1299=ORIENTED_EDGE('',*,*,#816,.F.);
#1300=ORIENTED_EDGE('',*,*,#965,.F.);
#1301=ORIENTED_EDGE('',*,*,#897,.T.);
#1302=ORIENTED_EDGE('',*,*,#902,.T.);
#1303=ORIENTED_EDGE('',*,*,#907,.T.);
#1304=ORIENTED_EDGE('',*,*,#912,.T.);
#1305=ORIENTED_EDGE('',*,*,#966,.F.);
#1306=ORIENTED_EDGE('',*,*,#967,.F.);
#1307=ORIENTED_EDGE('',*,*,#968,.F.);
#1308=ORIENTED_EDGE('',*,*,#969,.F.);
#1309=ORIENTED_EDGE('',*,*,#970,.F.);
#1310=ORIENTED_EDGE('',*,*,#971,.F.);
#1311=ORIENTED_EDGE('',*,*,#925,.T.);
#1312=ORIENTED_EDGE('',*,*,#972,.T.);
#1313=ORIENTED_EDGE('',*,*,#973,.T.);
#1314=ORIENTED_EDGE('',*,*,#922,.T.);
#1315=ORIENTED_EDGE('',*,*,#938,.F.);
#1316=ORIENTED_EDGE('',*,*,#955,.F.);
#1317=ORIENTED_EDGE('',*,*,#952,.F.);
#1318=ORIENTED_EDGE('',*,*,#949,.F.);
#1319=ORIENTED_EDGE('',*,*,#945,.F.);
#1320=ORIENTED_EDGE('',*,*,#942,.F.);
#1321=ORIENTED_EDGE('',*,*,#966,.T.);
#1322=ORIENTED_EDGE('',*,*,#974,.T.);
#1323=ORIENTED_EDGE('',*,*,#975,.T.);
#1324=ORIENTED_EDGE('',*,*,#976,.F.);
#1325=ORIENTED_EDGE('',*,*,#971,.T.);
#1326=ORIENTED_EDGE('',*,*,#977,.T.);
#1327=ORIENTED_EDGE('',*,*,#978,.T.);
#1328=ORIENTED_EDGE('',*,*,#974,.F.);
#1329=ORIENTED_EDGE('',*,*,#970,.T.);
#1330=ORIENTED_EDGE('',*,*,#979,.T.);
#1331=ORIENTED_EDGE('',*,*,#980,.T.);
#1332=ORIENTED_EDGE('',*,*,#977,.F.);
#1333=ORIENTED_EDGE('',*,*,#969,.T.);
#1334=ORIENTED_EDGE('',*,*,#981,.T.);
#1335=ORIENTED_EDGE('',*,*,#982,.T.);
#1336=ORIENTED_EDGE('',*,*,#979,.F.);
#1337=ORIENTED_EDGE('',*,*,#983,.T.);
#1338=ORIENTED_EDGE('',*,*,#981,.F.);
#1339=ORIENTED_EDGE('',*,*,#968,.T.);
#1340=ORIENTED_EDGE('',*,*,#984,.T.);
#1341=ORIENTED_EDGE('',*,*,#985,.T.);
#1342=ORIENTED_EDGE('',*,*,#984,.F.);
#1343=ORIENTED_EDGE('',*,*,#967,.T.);
#1344=ORIENTED_EDGE('',*,*,#976,.T.);
#1345=ORIENTED_EDGE('',*,*,#983,.F.);
#1346=ORIENTED_EDGE('',*,*,#986,.T.);
#1347=ORIENTED_EDGE('',*,*,#987,.T.);
#1348=ORIENTED_EDGE('',*,*,#988,.F.);
#1349=ORIENTED_EDGE('',*,*,#985,.F.);
#1350=ORIENTED_EDGE('',*,*,#989,.T.);
#1351=ORIENTED_EDGE('',*,*,#990,.T.);
#1352=ORIENTED_EDGE('',*,*,#986,.F.);
#1353=ORIENTED_EDGE('',*,*,#975,.F.);
#1354=ORIENTED_EDGE('',*,*,#991,.F.);
#1355=ORIENTED_EDGE('',*,*,#992,.F.);
#1356=ORIENTED_EDGE('',*,*,#989,.F.);
#1357=ORIENTED_EDGE('',*,*,#927,.T.);
#1358=ORIENTED_EDGE('',*,*,#929,.T.);
#1359=ORIENTED_EDGE('',*,*,#931,.T.);
#1360=ORIENTED_EDGE('',*,*,#933,.T.);
#1361=ORIENTED_EDGE('',*,*,#935,.T.);
#1362=ORIENTED_EDGE('',*,*,#937,.T.);
#1363=ORIENTED_EDGE('',*,*,#992,.T.);
#1364=ORIENTED_EDGE('',*,*,#993,.F.);
#1365=ORIENTED_EDGE('',*,*,#994,.F.);
#1366=ORIENTED_EDGE('',*,*,#995,.F.);
#1367=ORIENTED_EDGE('',*,*,#987,.F.);
#1368=ORIENTED_EDGE('',*,*,#990,.F.);
#1369=ORIENTED_EDGE('',*,*,#978,.F.);
#1370=ORIENTED_EDGE('',*,*,#996,.T.);
#1371=ORIENTED_EDGE('',*,*,#993,.T.);
#1372=ORIENTED_EDGE('',*,*,#991,.T.);
#1373=ORIENTED_EDGE('',*,*,#920,.T.);
#1374=ORIENTED_EDGE('',*,*,#923,.F.);
#1375=ORIENTED_EDGE('',*,*,#973,.F.);
#1376=ORIENTED_EDGE('',*,*,#997,.T.);
#1377=ORIENTED_EDGE('',*,*,#917,.T.);
#1378=ORIENTED_EDGE('',*,*,#997,.F.);
#1379=ORIENTED_EDGE('',*,*,#972,.F.);
#1380=ORIENTED_EDGE('',*,*,#924,.T.);
#1381=ORIENTED_EDGE('',*,*,#801,.T.);
#1382=ORIENTED_EDGE('',*,*,#980,.F.);
#1383=ORIENTED_EDGE('',*,*,#998,.T.);
#1384=ORIENTED_EDGE('',*,*,#994,.T.);
#1385=ORIENTED_EDGE('',*,*,#996,.F.);
#1386=ORIENTED_EDGE('',*,*,#982,.F.);
#1387=ORIENTED_EDGE('',*,*,#988,.T.);
#1388=ORIENTED_EDGE('',*,*,#995,.T.);
#1389=ORIENTED_EDGE('',*,*,#998,.F.);
#1390=ORIENTED_EDGE('',*,*,#944,.F.);
#1391=ORIENTED_EDGE('',*,*,#999,.T.);
#1392=ORIENTED_EDGE('',*,*,#1000,.T.);
#1393=ORIENTED_EDGE('',*,*,#961,.F.);
#1394=ORIENTED_EDGE('',*,*,#947,.F.);
#1395=ORIENTED_EDGE('',*,*,#1001,.T.);
#1396=ORIENTED_EDGE('',*,*,#1002,.T.);
#1397=ORIENTED_EDGE('',*,*,#999,.F.);
#1398=ORIENTED_EDGE('',*,*,#948,.F.);
#1399=ORIENTED_EDGE('',*,*,#958,.T.);
#1400=ORIENTED_EDGE('',*,*,#1003,.T.);
#1401=ORIENTED_EDGE('',*,*,#1001,.F.);
#1402=ORIENTED_EDGE('',*,*,#960,.T.);
#1403=ORIENTED_EDGE('',*,*,#962,.F.);
#1404=ORIENTED_EDGE('',*,*,#1000,.F.);
#1405=ORIENTED_EDGE('',*,*,#1002,.F.);
#1406=ORIENTED_EDGE('',*,*,#1003,.F.);
#1407=ORIENTED_EDGE('',*,*,#957,.F.);
#1408=ORIENTED_EDGE('',*,*,#854,.F.);
#1409=ORIENTED_EDGE('',*,*,#878,.F.);
#1410=ORIENTED_EDGE('',*,*,#963,.T.);
#1411=ORIENTED_EDGE('',*,*,#840,.T.);
#1412=ORIENTED_EDGE('',*,*,#871,.F.);
#1413=ORIENTED_EDGE('',*,*,#813,.F.);
#1414=ORIENTED_EDGE('',*,*,#964,.T.);
#1415=ORIENTED_EDGE('',*,*,#876,.T.);
#1416=ORIENTED_EDGE('',*,*,#875,.F.);
#1417=ORIENTED_EDGE('',*,*,#862,.F.);
#1418=ORIENTED_EDGE('',*,*,#965,.T.);
#1419=ORIENTED_EDGE('',*,*,#815,.T.);
#1420=TOROIDAL_SURFACE('',#1536,4.75,0.5);
#1421=TOROIDAL_SURFACE('',#1545,12.,0.5);
#1422=TOROIDAL_SURFACE('',#1552,11.,0.5);
#1423=TOROIDAL_SURFACE('',#1557,4.75,0.5);
#1424=TOROIDAL_SURFACE('',#1566,12.,0.5);
#1425=TOROIDAL_SURFACE('',#1573,11.,0.5);
#1426=ADVANCED_FACE('',(#391),#1420,.T.);
#1427=ADVANCED_FACE('',(#392,#322),#357,.F.);
#1428=ADVANCED_FACE('',(#393),#283,.F.);
#1429=ADVANCED_FACE('',(#394),#1421,.F.);
#1430=ADVANCED_FACE('',(#395),#43,.T.);
#1431=ADVANCED_FACE('',(#396),#44,.T.);
#1432=ADVANCED_FACE('',(#397),#358,.T.);
#1433=ADVANCED_FACE('',(#398),#1422,.T.);
#1434=ADVANCED_FACE('',(#399),#284,.T.);
#1435=ADVANCED_FACE('',(#400),#1423,.T.);
#1436=ADVANCED_FACE('',(#401,#323),#359,.T.);
#1437=ADVANCED_FACE('',(#402),#285,.F.);
#1438=ADVANCED_FACE('',(#403),#1424,.F.);
#1439=ADVANCED_FACE('',(#404),#45,.T.);
#1440=ADVANCED_FACE('',(#405),#46,.T.);
#1441=ADVANCED_FACE('',(#406),#360,.T.);
#1442=ADVANCED_FACE('',(#407),#1425,.T.);
#1443=ADVANCED_FACE('',(#408),#286,.T.);
#1444=ADVANCED_FACE('',(#409),#287,.T.);
#1445=ADVANCED_FACE('',(#410),#288,.T.);
#1446=ADVANCED_FACE('',(#411),#289,.T.);
#1447=ADVANCED_FACE('',(#412),#361,.T.);
#1448=ADVANCED_FACE('',(#413,#324,#325,#326,#327,#328,#329),#362,.T.);
#1449=ADVANCED_FACE('',(#414),#363,.T.);
#1450=ADVANCED_FACE('',(#415),#290,.T.);
#1451=ADVANCED_FACE('',(#416),#291,.T.);
#1452=ADVANCED_FACE('',(#417),#292,.T.);
#1453=ADVANCED_FACE('',(#418,#330,#331,#332,#333,#334,#335),#364,.T.);
#1454=ADVANCED_FACE('',(#419),#293,.F.);
#1455=ADVANCED_FACE('',(#420),#294,.F.);
#1456=ADVANCED_FACE('',(#421),#295,.F.);
#1457=ADVANCED_FACE('',(#422),#296,.F.);
#1458=ADVANCED_FACE('',(#423),#297,.F.);
#1459=ADVANCED_FACE('',(#424),#298,.F.);
#1460=ADVANCED_FACE('',(#425),#15,.F.);
#1461=ADVANCED_FACE('',(#426),#299,.F.);
#1462=ADVANCED_FACE('',(#427),#365,.T.);
#1463=ADVANCED_FACE('',(#428),#16,.F.);
#1464=ADVANCED_FACE('',(#429),#300,.F.);
#1465=ADVANCED_FACE('',(#430),#366,.T.);
#1466=ADVANCED_FACE('',(#431),#17,.F.);
#1467=ADVANCED_FACE('',(#432),#301,.F.);
#1468=ADVANCED_FACE('',(#433),#367,.T.);
#1469=ADVANCED_FACE('',(#434),#18,.F.);
#1470=ADVANCED_FACE('',(#435),#302,.F.);
#1471=ADVANCED_FACE('',(#436),#368,.T.);
#1472=ADVANCED_FACE('',(#437),#303,.F.);
#1473=ADVANCED_FACE('',(#438,#336),#369,.F.);
#1474=ADVANCED_FACE('',(#439),#370,.F.);
#1475=ADVANCED_FACE('',(#440),#304,.F.);
#1476=ADVANCED_FACE('',(#441),#305,.F.);
#1477=ADVANCED_FACE('',(#442),#306,.F.);
#1478=ADVANCED_FACE('',(#443),#307,.F.);
#1479=ADVANCED_FACE('',(#444),#308,.F.);
#1480=ADVANCED_FACE('',(#445),#309,.F.);
#1481=ADVANCED_FACE('',(#446),#310,.T.);
#1482=ADVANCED_FACE('',(#447),#311,.T.);
#1483=ADVANCED_FACE('',(#448),#312,.T.);
#1484=ADVANCED_FACE('',(#449),#313,.T.);
#1485=ADVANCED_FACE('',(#450),#314,.T.);
#1486=ADVANCED_FACE('',(#451),#315,.T.);
#1487=ADVANCED_FACE('',(#452),#371,.F.);
#1488=ADVANCED_FACE('',(#453,#337,#338,#339,#340,#341,#342),#372,.F.);
#1489=ADVANCED_FACE('',(#454),#373,.F.);
#1490=ADVANCED_FACE('',(#455,#343,#344,#345,#346,#347,#348,#349),#374,.F.);
#1491=ADVANCED_FACE('',(#456),#316,.T.);
#1492=ADVANCED_FACE('',(#457),#317,.T.);
#1493=ADVANCED_FACE('',(#458),#318,.T.);
#1494=ADVANCED_FACE('',(#459),#319,.T.);
#1495=ADVANCED_FACE('',(#460),#320,.T.);
#1496=ADVANCED_FACE('',(#461),#321,.T.);
#1497=ADVANCED_FACE('',(#462),#375,.F.);
#1498=ADVANCED_FACE('',(#463),#376,.F.);
#1499=ADVANCED_FACE('',(#464,#350,#351,#352,#353,#354,#355),#377,.T.);
#1500=ADVANCED_FACE('',(#465),#378,.F.);
#1501=ADVANCED_FACE('',(#466),#379,.F.);
#1502=ADVANCED_FACE('',(#467),#380,.F.);
#1503=ADVANCED_FACE('',(#468,#356),#381,.F.);
#1504=ADVANCED_FACE('',(#469),#382,.F.);
#1505=ADVANCED_FACE('',(#470),#383,.F.);
#1506=ADVANCED_FACE('',(#471),#384,.F.);
#1507=ADVANCED_FACE('',(#472),#385,.F.);
#1508=ADVANCED_FACE('',(#473),#386,.F.);
#1509=ADVANCED_FACE('',(#474),#387,.F.);
#1510=ADVANCED_FACE('',(#475),#388,.T.);
#1511=ADVANCED_FACE('',(#476),#389,.T.);
#1512=ADVANCED_FACE('',(#477),#390,.T.);
#1513=CLOSED_SHELL('',(#1426,#1427,#1428,#1429,#1430,#1431,#1432,#1433,
#1434,#1435,#1436,#1437,#1438,#1439,#1440,#1441,#1442,#1443,#1444,#1445,
#1446,#1447,#1448,#1449,#1450,#1451,#1452,#1453,#1454,#1455,#1456,#1457,
#1458,#1459,#1460,#1461,#1462,#1463,#1464,#1465,#1466,#1467,#1468,#1469,
#1470,#1471,#1472,#1473,#1474,#1475,#1476,#1477,#1478,#1479,#1480,#1481,
#1482,#1483,#1484,#1485,#1486,#1487,#1488,#1489,#1490,#1491,#1492,#1493,
#1494,#1495,#1496,#1497,#1498,#1499,#1500,#1501,#1502,#1503,#1504,#1505,
#1506,#1507,#1508,#1509,#1510,#1511,#1512));
#1514=DERIVED_UNIT_ELEMENT(#1517,1.);
#1515=DERIVED_UNIT_ELEMENT(#2718,-3.);
#1516=DIMENSIONAL_EXPONENTS(0.,1.,0.,0.,0.,0.,0.);
#1517=(
CONVERSION_BASED_UNIT('gram',#1519)
MASS_UNIT()
NAMED_UNIT(#1516)
);
#1518=(
MASS_UNIT()
NAMED_UNIT(*)
SI_UNIT(.KILO.,.GRAM.)
);
#1519=MASS_MEASURE_WITH_UNIT(MASS_MEASURE(0.001),#1518);
#1520=DERIVED_UNIT((#1514,#1515));
#1521=MEASURE_REPRESENTATION_ITEM('density measure',
POSITIVE_RATIO_MEASURE(1.541),#1520);
#1522=PROPERTY_DEFINITION_REPRESENTATION(#1527,#1524);
#1523=PROPERTY_DEFINITION_REPRESENTATION(#1528,#1525);
#1524=REPRESENTATION('material name',(#1526),#2715);
#1525=REPRESENTATION('density',(#1521),#2715);
#1526=DESCRIPTIVE_REPRESENTATION_ITEM('PCTG 20%','PCTG 20%');
#1527=PROPERTY_DEFINITION('material property','material name',#2725);
#1528=PROPERTY_DEFINITION('material property','density of part',#2725);
#1529=DATE_TIME_ROLE('creation_date');
#1530=APPLIED_DATE_AND_TIME_ASSIGNMENT(#1531,#1529,(#2725));
#1531=DATE_AND_TIME(#1532,#1533);
#1532=CALENDAR_DATE(2026,10,4);
#1533=LOCAL_TIME(0,0,0.,#1534);
#1534=COORDINATED_UNIVERSAL_TIME_OFFSET(0,0,.BEHIND.);
#1535=AXIS2_PLACEMENT_3D('',#2163,#1705,#1706);
#1536=AXIS2_PLACEMENT_3D('',#2164,#1707,#1708);
#1537=AXIS2_PLACEMENT_3D('',#2167,#1709,#1710);
#1538=AXIS2_PLACEMENT_3D('',#2168,#1711,#1712);
#1539=AXIS2_PLACEMENT_3D('',#2170,#1713,#1714);
#1540=AXIS2_PLACEMENT_3D('',#2171,#1715,#1716);
#1541=AXIS2_PLACEMENT_3D('',#2172,#1717,#1718);
#1542=AXIS2_PLACEMENT_3D('',#2174,#1719,#1720);
#1543=AXIS2_PLACEMENT_3D('',#2175,#1721,#1722);
#1544=AXIS2_PLACEMENT_3D('',#2177,#1723,#1724);
#1545=AXIS2_PLACEMENT_3D('',#2179,#1726,#1727);
#1546=AXIS2_PLACEMENT_3D('',#2182,#1728,#1729);
#1547=AXIS2_PLACEMENT_3D('',#2184,#1730,#1731);
#1548=AXIS2_PLACEMENT_3D('',#2186,#1732,#1733);
#1549=AXIS2_PLACEMENT_3D('',#2188,#1734,#1735);
#1550=AXIS2_PLACEMENT_3D('',#2189,#1736,#1737);
#1551=AXIS2_PLACEMENT_3D('',#2259,#1740,#1741);
#1552=AXIS2_PLACEMENT_3D('',#2269,#1747,#1748);
#1553=AXIS2_PLACEMENT_3D('',#2272,#1749,#1750);
#1554=AXIS2_PLACEMENT_3D('',#2273,#1751,#1752);
#1555=AXIS2_PLACEMENT_3D('',#2274,#1753,#1754);
#1556=AXIS2_PLACEMENT_3D('',#2275,#1755,#1756);
#1557=AXIS2_PLACEMENT_3D('',#2277,#1758,#1759);
#1558=AXIS2_PLACEMENT_3D('',#2279,#1760,#1761);
#1559=AXIS2_PLACEMENT_3D('',#2281,#1762,#1763);
#1560=AXIS2_PLACEMENT_3D('',#2283,#1764,#1765);
#1561=AXIS2_PLACEMENT_3D('',#2284,#1766,#1767);
#1562=AXIS2_PLACEMENT_3D('',#2285,#1768,#1769);
#1563=AXIS2_PLACEMENT_3D('',#2287,#1770,#1771);
#1564=AXIS2_PLACEMENT_3D('',#2288,#1772,#1773);
#1565=AXIS2_PLACEMENT_3D('',#2291,#1775,#1776);
#1566=AXIS2_PLACEMENT_3D('',#2292,#1777,#1778);
#1567=AXIS2_PLACEMENT_3D('',#2295,#1779,#1780);
#1568=AXIS2_PLACEMENT_3D('',#2297,#1781,#1782);
#1569=AXIS2_PLACEMENT_3D('',#2299,#1783,#1784);
#1570=AXIS2_PLACEMENT_3D('',#2301,#1785,#1786);
#1571=AXIS2_PLACEMENT_3D('',#2302,#1787,#1788);
#1572=AXIS2_PLACEMENT_3D('',#2372,#1791,#1792);
#1573=AXIS2_PLACEMENT_3D('',#2382,#1798,#1799);
#1574=AXIS2_PLACEMENT_3D('',#2384,#1800,#1801);
#1575=AXIS2_PLACEMENT_3D('',#2386,#1802,#1803);
#1576=AXIS2_PLACEMENT_3D('',#2387,#1804,#1805);
#1577=AXIS2_PLACEMENT_3D('',#2388,#1806,#1807);
#1578=AXIS2_PLACEMENT_3D('',#2390,#1809,#1810);
#1579=AXIS2_PLACEMENT_3D('',#2394,#1812,#1813);
#1580=AXIS2_PLACEMENT_3D('',#2397,#1815,#1816);
#1581=AXIS2_PLACEMENT_3D('',#2398,#1817,#1818);
#1582=AXIS2_PLACEMENT_3D('',#2401,#1820,#1821);
#1583=AXIS2_PLACEMENT_3D('',#2402,#1822,#1823);
#1584=AXIS2_PLACEMENT_3D('',#2406,#1825,#1826);
#1585=AXIS2_PLACEMENT_3D('',#2408,#1828,#1829);
#1586=AXIS2_PLACEMENT_3D('',#2418,#1835,#1836);
#1587=AXIS2_PLACEMENT_3D('',#2425,#1840,#1841);
#1588=AXIS2_PLACEMENT_3D('',#2427,#1842,#1843);
#1589=AXIS2_PLACEMENT_3D('',#2429,#1844,#1845);
#1590=AXIS2_PLACEMENT_3D('',#2431,#1846,#1847);
#1591=AXIS2_PLACEMENT_3D('',#2433,#1848,#1849);
#1592=AXIS2_PLACEMENT_3D('',#2435,#1850,#1851);
#1593=AXIS2_PLACEMENT_3D('',#2437,#1852,#1853);
#1594=AXIS2_PLACEMENT_3D('',#2438,#1854,#1855);
#1595=AXIS2_PLACEMENT_3D('',#2440,#1857,#1858);
#1596=AXIS2_PLACEMENT_3D('',#2443,#1860,#1861);
#1597=AXIS2_PLACEMENT_3D('',#2444,#1862,#1863);
#1598=AXIS2_PLACEMENT_3D('',#2445,#1864,#1865);
#1599=AXIS2_PLACEMENT_3D('',#2446,#1866,#1867);
#1600=AXIS2_PLACEMENT_3D('',#2447,#1868,#1869);
#1601=AXIS2_PLACEMENT_3D('',#2449,#1871,#1872);
#1602=AXIS2_PLACEMENT_3D('',#2456,#1876,#1877);
#1603=AXIS2_PLACEMENT_3D('',#2458,#1878,#1879);
#1604=AXIS2_PLACEMENT_3D('',#2460,#1880,#1881);
#1605=AXIS2_PLACEMENT_3D('',#2462,#1882,#1883);
#1606=AXIS2_PLACEMENT_3D('',#2464,#1884,#1885);
#1607=AXIS2_PLACEMENT_3D('',#2466,#1886,#1887);
#1608=AXIS2_PLACEMENT_3D('',#2467,#1888,#1889);
#1609=AXIS2_PLACEMENT_3D('',#2470,#1891,#1892);
#1610=AXIS2_PLACEMENT_3D('',#2471,#1893,#1894);
#1611=AXIS2_PLACEMENT_3D('',#2474,#1896,#1897);
#1612=AXIS2_PLACEMENT_3D('',#2475,#1898,#1899);
#1613=AXIS2_PLACEMENT_3D('',#2478,#1901,#1902);
#1614=AXIS2_PLACEMENT_3D('',#2479,#1903,#1904);
#1615=AXIS2_PLACEMENT_3D('',#2482,#1906,#1907);
#1616=AXIS2_PLACEMENT_3D('',#2483,#1908,#1909);
#1617=AXIS2_PLACEMENT_3D('',#2486,#1911,#1912);
#1618=AXIS2_PLACEMENT_3D('',#2487,#1913,#1914);
#1619=AXIS2_PLACEMENT_3D('',#2490,#1916,#1917);
#1620=AXIS2_PLACEMENT_3D('',#2491,#1918,#1919);
#1621=AXIS2_PLACEMENT_3D('',#2493,#1920,#1921);
#1622=AXIS2_PLACEMENT_3D('',#2496,#1923,#1924);
#1623=AXIS2_PLACEMENT_3D('',#2497,#1925,#1926);
#1624=AXIS2_PLACEMENT_3D('',#2500,#1928,#1929);
#1625=AXIS2_PLACEMENT_3D('',#2501,#1930,#1931);
#1626=AXIS2_PLACEMENT_3D('',#2502,#1932,#1933);
#1627=AXIS2_PLACEMENT_3D('',#2504,#1934,#1935);
#1628=AXIS2_PLACEMENT_3D('',#2507,#1937,#1938);
#1629=AXIS2_PLACEMENT_3D('',#2508,#1939,#1940);
#1630=AXIS2_PLACEMENT_3D('',#2511,#1942,#1943);
#1631=AXIS2_PLACEMENT_3D('',#2512,#1944,#1945);
#1632=AXIS2_PLACEMENT_3D('',#2513,#1946,#1947);
#1633=AXIS2_PLACEMENT_3D('',#2515,#1948,#1949);
#1634=AXIS2_PLACEMENT_3D('',#2518,#1951,#1952);
#1635=AXIS2_PLACEMENT_3D('',#2519,#1953,#1954);
#1636=AXIS2_PLACEMENT_3D('',#2522,#1956,#1957);
#1637=AXIS2_PLACEMENT_3D('',#2523,#1958,#1959);
#1638=AXIS2_PLACEMENT_3D('',#2524,#1960,#1961);
#1639=AXIS2_PLACEMENT_3D('',#2526,#1962,#1963);
#1640=AXIS2_PLACEMENT_3D('',#2529,#1965,#1966);
#1641=AXIS2_PLACEMENT_3D('',#2530,#1967,#1968);
#1642=AXIS2_PLACEMENT_3D('',#2533,#1970,#1971);
#1643=AXIS2_PLACEMENT_3D('',#2534,#1972,#1973);
#1644=AXIS2_PLACEMENT_3D('',#2535,#1974,#1975);
#1645=AXIS2_PLACEMENT_3D('',#2538,#1976,#1977);
#1646=AXIS2_PLACEMENT_3D('',#2542,#1979,#1980);
#1647=AXIS2_PLACEMENT_3D('',#2544,#1982,#1983);
#1648=AXIS2_PLACEMENT_3D('',#2550,#1987,#1988);
#1649=AXIS2_PLACEMENT_3D('',#2554,#1991,#1992);
#1650=AXIS2_PLACEMENT_3D('',#2557,#1994,#1995);
#1651=AXIS2_PLACEMENT_3D('',#2558,#1996,#1997);
#1652=AXIS2_PLACEMENT_3D('',#2561,#1999,#2000);
#1653=AXIS2_PLACEMENT_3D('',#2562,#2001,#2002);
#1654=AXIS2_PLACEMENT_3D('',#2565,#2004,#2005);
#1655=AXIS2_PLACEMENT_3D('',#2566,#2006,#2007);
#1656=AXIS2_PLACEMENT_3D('',#2569,#2009,#2010);
#1657=AXIS2_PLACEMENT_3D('',#2570,#2011,#2012);
#1658=AXIS2_PLACEMENT_3D('',#2573,#2014,#2015);
#1659=AXIS2_PLACEMENT_3D('',#2574,#2016,#2017);
#1660=AXIS2_PLACEMENT_3D('',#2577,#2019,#2020);
#1661=AXIS2_PLACEMENT_3D('',#2578,#2021,#2022);
#1662=AXIS2_PLACEMENT_3D('',#2583,#2024,#2025);
#1663=AXIS2_PLACEMENT_3D('',#2586,#2027,#2028);
#1664=AXIS2_PLACEMENT_3D('',#2587,#2029,#2030);
#1665=AXIS2_PLACEMENT_3D('',#2591,#2032,#2033);
#1666=AXIS2_PLACEMENT_3D('',#2593,#2035,#2036);
#1667=AXIS2_PLACEMENT_3D('',#2597,#2038,#2039);
#1668=AXIS2_PLACEMENT_3D('',#2599,#2041,#2042);
#1669=AXIS2_PLACEMENT_3D('',#2604,#2045,#2046);
#1670=AXIS2_PLACEMENT_3D('',#2605,#2047,#2048);
#1671=AXIS2_PLACEMENT_3D('',#2610,#2051,#2052);
#1672=AXIS2_PLACEMENT_3D('',#2611,#2053,#2054);
#1673=AXIS2_PLACEMENT_3D('',#2614,#2057,#2058);
#1674=AXIS2_PLACEMENT_3D('',#2620,#2062,#2063);
#1675=AXIS2_PLACEMENT_3D('',#2624,#2066,#2067);
#1676=AXIS2_PLACEMENT_3D('',#2628,#2070,#2071);
#1677=AXIS2_PLACEMENT_3D('',#2647,#2083,#2084);
#1678=AXIS2_PLACEMENT_3D('',#2649,#2085,#2086);
#1679=AXIS2_PLACEMENT_3D('',#2652,#2088,#2089);
#1680=AXIS2_PLACEMENT_3D('',#2653,#2090,#2091);
#1681=AXIS2_PLACEMENT_3D('',#2655,#2092,#2093);
#1682=AXIS2_PLACEMENT_3D('',#2657,#2095,#2096);
#1683=AXIS2_PLACEMENT_3D('',#2659,#2097,#2098);
#1684=AXIS2_PLACEMENT_3D('',#2661,#2100,#2101);
#1685=AXIS2_PLACEMENT_3D('',#2663,#2102,#2103);
#1686=AXIS2_PLACEMENT_3D('',#2665,#2105,#2106);
#1687=AXIS2_PLACEMENT_3D('',#2668,#2108,#2109);
#1688=AXIS2_PLACEMENT_3D('',#2669,#2110,#2111);
#1689=AXIS2_PLACEMENT_3D('',#2671,#2113,#2114);
#1690=AXIS2_PLACEMENT_3D('',#2677,#2118,#2119);
#1691=AXIS2_PLACEMENT_3D('',#2681,#2122,#2123);
#1692=AXIS2_PLACEMENT_3D('',#2685,#2126,#2127);
#1693=AXIS2_PLACEMENT_3D('',#2691,#2131,#2132);
#1694=AXIS2_PLACEMENT_3D('',#2693,#2134,#2135);
#1695=AXIS2_PLACEMENT_3D('',#2695,#2137,#2138);
#1696=AXIS2_PLACEMENT_3D('',#2696,#2139,#2140);
#1697=AXIS2_PLACEMENT_3D('',#2698,#2142,#2143);
#1698=AXIS2_PLACEMENT_3D('',#2699,#2144,#2145);
#1699=AXIS2_PLACEMENT_3D('',#2703,#2148,#2149);
#1700=AXIS2_PLACEMENT_3D('',#2707,#2152,#2153);
#1701=AXIS2_PLACEMENT_3D('',#2709,#2155,#2156);
#1702=AXIS2_PLACEMENT_3D('',#2710,#2157,#2158);
#1703=AXIS2_PLACEMENT_3D('',#2711,#2159,#2160);
#1704=AXIS2_PLACEMENT_3D('',#2712,#2161,#2162);
#1705=DIRECTION('axis',(0.,0.,1.));
#1706=DIRECTION('refdir',(1.,0.,0.));
#1707=DIRECTION('center_axis',(1.38950823174588E-16,-1.,0.));
#1708=DIRECTION('ref_axis',(0.,0.,-1.));
#1709=DIRECTION('center_axis',(-1.38950823174588E-16,1.,0.));
#1710=DIRECTION('ref_axis',(-1.,-1.46941282670977E-16,0.));
#1711=DIRECTION('center_axis',(-1.38950823174588E-16,1.,0.));
#1712=DIRECTION('ref_axis',(-1.,-1.46941282670977E-16,0.));
#1713=DIRECTION('center_axis',(-1.,-1.38950823174588E-16,-1.22464679914735E-16));
#1714=DIRECTION('ref_axis',(-1.22464679914735E-16,0.,1.));
#1715=DIRECTION('center_axis',(1.38950823174588E-16,-1.,0.));
#1716=DIRECTION('ref_axis',(-1.,-1.38950823174588E-16,0.));
#1717=DIRECTION('center_axis',(-1.38950823174588E-16,1.,0.));
#1718=DIRECTION('ref_axis',(0.,0.,1.));
#1719=DIRECTION('center_axis',(-1.38950823174588E-16,1.,0.));
#1720=DIRECTION('ref_axis',(-1.,-1.38950823174588E-16,-1.93082265152201E-16));
#1721=DIRECTION('center_axis',(2.42861286636753E-16,-1.,0.));
#1722=DIRECTION('ref_axis',(1.,2.42861286636753E-16,0.));
#1723=DIRECTION('center_axis',(1.93082265152201E-16,-1.,0.));
#1724=DIRECTION('ref_axis',(1.,2.42861286636753E-16,0.));
#1725=DIRECTION('',(2.42861286636753E-16,-1.,0.));
#1726=DIRECTION('center_axis',(0.,1.,0.));
#1727=DIRECTION('ref_axis',(0.,0.,1.));
#1728=DIRECTION('center_axis',(0.958333333333333,9.76930350465821E-16,-0.28565227501671));
#1729=DIRECTION('ref_axis',(-1.11022302462522E-15,1.,-3.04682962744107E-16));
#1730=DIRECTION('center_axis',(0.,1.,0.));
#1731=DIRECTION('ref_axis',(4.44425777702197E-17,0.,1.));
#1732=DIRECTION('center_axis',(0.,1.,0.));
#1733=DIRECTION('ref_axis',(4.44425777702197E-17,0.,1.));
#1734=DIRECTION('center_axis',(-0.958333333333333,1.15099711339919E-15,
-0.28565227501671));
#1735=DIRECTION('ref_axis',(-0.28565227501671,0.,0.958333333333333));
#1736=DIRECTION('center_axis',(0.,-1.,0.));
#1737=DIRECTION('ref_axis',(4.44425777702197E-17,0.,1.));
#1738=DIRECTION('',(1.,0.,0.));
#1739=DIRECTION('',(1.,0.,0.));
#1740=DIRECTION('center_axis',(0.,-1.,0.));
#1741=DIRECTION('ref_axis',(1.,0.,0.));
#1742=DIRECTION('',(1.,0.,0.));
#1743=DIRECTION('',(0.,0.,1.));
#1744=DIRECTION('',(1.,0.,0.));
#1745=DIRECTION('',(0.,0.,1.));
#1746=DIRECTION('',(1.,0.,0.));
#1747=DIRECTION('center_axis',(-1.38950823174588E-16,1.,0.));
#1748=DIRECTION('ref_axis',(0.,0.,1.));
#1749=DIRECTION('center_axis',(1.38950823174588E-16,-1.,0.));
#1750=DIRECTION('ref_axis',(-1.,-1.38777878078145E-16,-1.93082265152201E-16));
#1751=DIRECTION('center_axis',(1.38950823174588E-16,-1.,0.));
#1752=DIRECTION('ref_axis',(-1.,-1.38777878078145E-16,-1.93082265152201E-16));
#1753=DIRECTION('center_axis',(-1.,-1.38950823174588E-16,1.22464679914735E-16));
#1754=DIRECTION('ref_axis',(-1.22464679914735E-16,0.,-1.));
#1755=DIRECTION('center_axis',(-3.86164530304402E-16,1.,0.));
#1756=DIRECTION('ref_axis',(1.,3.86164530304402E-16,0.));
#1757=DIRECTION('',(-3.86164530304402E-16,1.,0.));
#1758=DIRECTION('center_axis',(2.47213707129815E-16,-1.,0.));
#1759=DIRECTION('ref_axis',(0.,0.,-1.));
#1760=DIRECTION('center_axis',(-2.47213707129815E-16,1.,0.));
#1761=DIRECTION('ref_axis',(-1.,-2.47213707129815E-16,0.));
#1762=DIRECTION('center_axis',(-1.,-2.47213707129815E-16,-1.22464679914735E-16));
#1763=DIRECTION('ref_axis',(-1.22464679914735E-16,0.,1.));
#1764=DIRECTION('center_axis',(2.47213707129815E-16,-1.,0.));
#1765=DIRECTION('ref_axis',(-1.,-2.44902137784961E-16,0.));
#1766=DIRECTION('center_axis',(2.47213707129815E-16,-1.,0.));
#1767=DIRECTION('ref_axis',(-1.,-2.44902137784961E-16,0.));
#1768=DIRECTION('center_axis',(-2.47213707129815E-16,1.,0.));
#1769=DIRECTION('ref_axis',(0.,0.,1.));
#1770=DIRECTION('center_axis',(2.47213707129815E-16,-1.,0.));
#1771=DIRECTION('ref_axis',(-1.,-2.47213707129815E-16,-1.93082265152201E-16));
#1772=DIRECTION('center_axis',(0.,1.,0.));
#1773=DIRECTION('ref_axis',(-1.,0.,0.));
#1774=DIRECTION('',(0.,-1.,0.));
#1775=DIRECTION('center_axis',(0.,1.,0.));
#1776=DIRECTION('ref_axis',(1.,2.42861286636753E-16,0.));
#1777=DIRECTION('center_axis',(2.47213707129815E-16,-1.,0.));
#1778=DIRECTION('ref_axis',(1.22464679914735E-16,0.,1.));
#1779=DIRECTION('center_axis',(-0.958333333333333,-2.22679180310177E-15,
-0.28565227501671));
#1780=DIRECTION('ref_axis',(2.22044604925022E-15,-1.,3.46100304053916E-16));
#1781=DIRECTION('center_axis',(2.47213707129815E-16,-1.,0.));
#1782=DIRECTION('ref_axis',(5.04839179082453E-17,0.,1.));
#1783=DIRECTION('center_axis',(2.47213707129815E-16,-1.,0.));
#1784=DIRECTION('ref_axis',(5.04839179082453E-17,0.,1.));
#1785=DIRECTION('center_axis',(0.958333333333333,9.88643392369764E-17,-0.28565227501671));
#1786=DIRECTION('ref_axis',(0.28565227501671,0.,0.958333333333333));
#1787=DIRECTION('center_axis',(-2.47213707129815E-16,1.,0.));
#1788=DIRECTION('ref_axis',(5.04839179082453E-17,1.24803164965346E-32,1.));
#1789=DIRECTION('',(-1.,-2.47213707129815E-16,0.));
#1790=DIRECTION('',(-1.,-2.47213707129815E-16,0.));
#1791=DIRECTION('center_axis',(-2.47213707129815E-16,1.,0.));
#1792=DIRECTION('ref_axis',(-1.,-2.47213707129815E-16,0.));
#1793=DIRECTION('',(-1.,-2.47213707129815E-16,0.));
#1794=DIRECTION('',(0.,0.,1.));
#1795=DIRECTION('',(-1.,-2.47213707129815E-16,0.));
#1796=DIRECTION('',(0.,0.,1.));
#1797=DIRECTION('',(-1.,-2.47213707129815E-16,0.));
#1798=DIRECTION('center_axis',(-2.47213707129815E-16,1.,0.));
#1799=DIRECTION('ref_axis',(0.,0.,1.));
#1800=DIRECTION('center_axis',(-1.,-2.47213707129815E-16,1.22464679914735E-16));
#1801=DIRECTION('ref_axis',(-1.22464679914735E-16,0.,-1.));
#1802=DIRECTION('center_axis',(-2.47213707129815E-16,1.,0.));
#1803=DIRECTION('ref_axis',(-1.,-2.47386652226258E-16,-1.93082265152201E-16));
#1804=DIRECTION('center_axis',(-2.47213707129815E-16,1.,0.));
#1805=DIRECTION('ref_axis',(-1.,-2.47386652226258E-16,-1.93082265152201E-16));
#1806=DIRECTION('center_axis',(0.,1.,0.));
#1807=DIRECTION('ref_axis',(1.,0.,0.));
#1808=DIRECTION('',(0.,-1.,0.));
#1809=DIRECTION('center_axis',(-0.99603025941275,-0.0890152926983282,0.));
#1810=DIRECTION('ref_axis',(-0.0629433170962922,0.704299750697752,0.707106781186548));
#1811=DIRECTION('',(-0.99603025941275,-0.0890152926983282,0.));
#1812=DIRECTION('center_axis',(1.,0.,0.));
#1813=DIRECTION('ref_axis',(0.,1.,6.91134829514627E-16));
#1814=DIRECTION('',(0.99603025941275,0.0890152926983282,0.));
#1815=DIRECTION('center_axis',(-0.999007071900084,-0.0445518831658088,2.47312632405454E-17));
#1816=DIRECTION('ref_axis',(-0.0445518831658088,0.999007071900084,5.54560326492044E-16));
#1817=DIRECTION('center_axis',(-1.,-2.47213707129815E-16,0.));
#1818=DIRECTION('ref_axis',(0.,0.707106781186547,0.707106781186548));
#1819=DIRECTION('',(1.,2.47213707129815E-16,0.));
#1820=DIRECTION('center_axis',(-0.999007071900082,0.0445518831658621,-4.4612138751879E-15));
#1821=DIRECTION('ref_axis',(0.0445518831658621,0.999007071900082,-1.0003582102196E-13));
#1822=DIRECTION('center_axis',(-0.99603025941275,0.089015292698328,0.));
#1823=DIRECTION('ref_axis',(0.0629433170962953,0.704299750697752,0.707106781186548));
#1824=DIRECTION('',(0.99603025941275,-0.089015292698328,0.));
#1825=DIRECTION('center_axis',(-1.,0.,0.));
#1826=DIRECTION('ref_axis',(0.,1.,1.07817033404282E-14));
#1827=DIRECTION('',(-0.99603025941275,0.089015292698328,0.));
#1828=DIRECTION('center_axis',(0.,0.,1.));
#1829=DIRECTION('ref_axis',(1.,0.,0.));
#1830=DIRECTION('',(0.,-1.,0.));
#1831=DIRECTION('',(-0.99603025941275,0.0890152926983282,0.));
#1832=DIRECTION('',(-1.,0.,0.));
#1833=DIRECTION('',(-0.99603025941275,-0.089015292698328,0.));
#1834=DIRECTION('',(0.,1.,0.));
#1835=DIRECTION('center_axis',(-1.,0.,0.));
#1836=DIRECTION('ref_axis',(0.,-1.,0.));
#1837=DIRECTION('',(0.,0.,1.));
#1838=DIRECTION('',(0.,-1.,0.));
#1839=DIRECTION('',(0.,0.,1.));
#1840=DIRECTION('center_axis',(1.,0.,0.));
#1841=DIRECTION('ref_axis',(0.,-1.,6.91134829514627E-16));
#1842=DIRECTION('center_axis',(1.,0.,0.));
#1843=DIRECTION('ref_axis',(0.,0.,-1.));
#1844=DIRECTION('center_axis',(1.,0.,0.));
#1845=DIRECTION('ref_axis',(0.,0.,-1.));
#1846=DIRECTION('center_axis',(1.,0.,0.));
#1847=DIRECTION('ref_axis',(0.,0.,-1.));
#1848=DIRECTION('center_axis',(1.,0.,0.));
#1849=DIRECTION('ref_axis',(0.,0.,-1.));
#1850=DIRECTION('center_axis',(1.,0.,0.));
#1851=DIRECTION('ref_axis',(0.,0.,-1.));
#1852=DIRECTION('center_axis',(1.,0.,0.));
#1853=DIRECTION('ref_axis',(0.,0.,-1.));
#1854=DIRECTION('center_axis',(-0.0890152926983282,0.99603025941275,0.));
#1855=DIRECTION('ref_axis',(-0.99603025941275,-0.0890152926983282,0.));
#1856=DIRECTION('',(-0.99603025941275,-0.0890152926983282,0.));
#1857=DIRECTION('center_axis',(0.99603025941275,0.089015292698328,0.));
#1858=DIRECTION('ref_axis',(0.0629433170962953,-0.704299750697752,0.707106781186548));
#1859=DIRECTION('',(0.99603025941275,0.089015292698328,0.));
#1860=DIRECTION('center_axis',(-1.,0.,0.));
#1861=DIRECTION('ref_axis',(0.,-1.,1.07817033404282E-14));
#1862=DIRECTION('center_axis',(0.999007071900084,0.0445518831658132,0.));
#1863=DIRECTION('ref_axis',(0.0445518831658132,-0.999007071900084,0.));
#1864=DIRECTION('center_axis',(1.,0.,0.));
#1865=DIRECTION('ref_axis',(0.,-0.707106781186547,0.707106781186548));
#1866=DIRECTION('center_axis',(0.999007071900082,-0.0445518831658666,0.));
#1867=DIRECTION('ref_axis',(-0.0445518831658666,-0.999007071900082,0.));
#1868=DIRECTION('center_axis',(0.99603025941275,-0.0890152926983282,0.));
#1869=DIRECTION('ref_axis',(-0.0629433170962922,-0.704299750697752,0.707106781186548));
#1870=DIRECTION('',(0.99603025941275,-0.0890152926983282,0.));
#1871=DIRECTION('center_axis',(1.,0.,0.));
#1872=DIRECTION('ref_axis',(0.,1.,0.));
#1873=DIRECTION('',(0.,0.,1.));
#1874=DIRECTION('',(0.,1.,0.));
#1875=DIRECTION('',(0.,0.,1.));
#1876=DIRECTION('center_axis',(-1.,0.,0.));
#1877=DIRECTION('ref_axis',(0.,0.,-1.));
#1878=DIRECTION('center_axis',(-1.,0.,0.));
#1879=DIRECTION('ref_axis',(0.,0.,-1.));
#1880=DIRECTION('center_axis',(-1.,0.,0.));
#1881=DIRECTION('ref_axis',(0.,0.,-1.));
#1882=DIRECTION('center_axis',(-1.,0.,0.));
#1883=DIRECTION('ref_axis',(0.,0.,-1.));
#1884=DIRECTION('center_axis',(-1.,0.,0.));
#1885=DIRECTION('ref_axis',(0.,0.,-1.));
#1886=DIRECTION('center_axis',(-1.,0.,0.));
#1887=DIRECTION('ref_axis',(0.,0.,-1.));
#1888=DIRECTION('center_axis',(-1.,1.93082265152201E-16,0.));
#1889=DIRECTION('ref_axis',(0.,0.,-1.));
#1890=DIRECTION('',(1.,-1.93082265152201E-16,0.));
#1891=DIRECTION('center_axis',(-1.,0.,0.));
#1892=DIRECTION('ref_axis',(0.,0.,-1.));
#1893=DIRECTION('center_axis',(-1.,1.93082265152201E-16,0.));
#1894=DIRECTION('ref_axis',(0.,0.,-1.));
#1895=DIRECTION('',(1.,-1.93082265152201E-16,0.));
#1896=DIRECTION('center_axis',(-1.,0.,0.));
#1897=DIRECTION('ref_axis',(0.,0.,-1.));
#1898=DIRECTION('center_axis',(-1.,1.93082265152201E-16,0.));
#1899=DIRECTION('ref_axis',(0.,0.,-1.));
#1900=DIRECTION('',(1.,-1.93082265152201E-16,0.));
#1901=DIRECTION('center_axis',(-1.,0.,0.));
#1902=DIRECTION('ref_axis',(0.,0.,-1.));
#1903=DIRECTION('center_axis',(-1.,1.93082265152201E-16,0.));
#1904=DIRECTION('ref_axis',(0.,0.,-1.));
#1905=DIRECTION('',(1.,-1.93082265152201E-16,0.));
#1906=DIRECTION('center_axis',(-1.,0.,0.));
#1907=DIRECTION('ref_axis',(0.,0.,-1.));
#1908=DIRECTION('center_axis',(-1.,1.93082265152201E-16,0.));
#1909=DIRECTION('ref_axis',(0.,0.,-1.));
#1910=DIRECTION('',(1.,-1.93082265152201E-16,0.));
#1911=DIRECTION('center_axis',(-1.,0.,0.));
#1912=DIRECTION('ref_axis',(0.,0.,-1.));
#1913=DIRECTION('center_axis',(-1.,1.93082265152201E-16,0.));
#1914=DIRECTION('ref_axis',(0.,0.,-1.));
#1915=DIRECTION('',(1.,-1.93082265152201E-16,0.));
#1916=DIRECTION('center_axis',(-1.,0.,0.));
#1917=DIRECTION('ref_axis',(0.,0.,-1.));
#1918=DIRECTION('center_axis',(0.,0.,-1.));
#1919=DIRECTION('ref_axis',(-1.,0.,0.));
#1920=DIRECTION('center_axis',(0.,0.,1.));
#1921=DIRECTION('ref_axis',(-1.,0.,0.));
#1922=DIRECTION('',(-0.707106781186547,8.65956056235493E-17,0.707106781186548));
#1923=DIRECTION('center_axis',(0.,0.,-1.));
#1924=DIRECTION('ref_axis',(-1.,0.,0.));
#1925=DIRECTION('center_axis',(0.,0.,-1.));
#1926=DIRECTION('ref_axis',(-1.,0.,0.));
#1927=DIRECTION('',(0.,0.,1.));
#1928=DIRECTION('center_axis',(0.,0.,-1.));
#1929=DIRECTION('ref_axis',(-1.,0.,0.));
#1930=DIRECTION('center_axis',(0.,0.,-1.));
#1931=DIRECTION('ref_axis',(-1.,0.,0.));
#1932=DIRECTION('center_axis',(0.,0.,-1.));
#1933=DIRECTION('ref_axis',(-1.,0.,0.));
#1934=DIRECTION('center_axis',(0.,0.,1.));
#1935=DIRECTION('ref_axis',(-1.,0.,0.));
#1936=DIRECTION('',(-0.707106781186547,8.65956056235493E-17,0.707106781186548));
#1937=DIRECTION('center_axis',(0.,0.,-1.));
#1938=DIRECTION('ref_axis',(-1.,0.,0.));
#1939=DIRECTION('center_axis',(0.,0.,-1.));
#1940=DIRECTION('ref_axis',(-1.,0.,0.));
#1941=DIRECTION('',(0.,0.,1.));
#1942=DIRECTION('center_axis',(0.,0.,-1.));
#1943=DIRECTION('ref_axis',(-1.,0.,0.));
#1944=DIRECTION('center_axis',(0.,0.,-1.));
#1945=DIRECTION('ref_axis',(-1.,0.,0.));
#1946=DIRECTION('center_axis',(0.,0.,-1.));
#1947=DIRECTION('ref_axis',(-1.,0.,0.));
#1948=DIRECTION('center_axis',(0.,0.,1.));
#1949=DIRECTION('ref_axis',(-1.,0.,0.));
#1950=DIRECTION('',(-0.707106781186547,8.65956056235493E-17,0.707106781186548));
#1951=DIRECTION('center_axis',(0.,0.,-1.));
#1952=DIRECTION('ref_axis',(-1.,0.,0.));
#1953=DIRECTION('center_axis',(0.,0.,-1.));
#1954=DIRECTION('ref_axis',(-1.,0.,0.));
#1955=DIRECTION('',(0.,0.,1.));
#1956=DIRECTION('center_axis',(0.,0.,-1.));
#1957=DIRECTION('ref_axis',(-1.,0.,0.));
#1958=DIRECTION('center_axis',(0.,0.,-1.));
#1959=DIRECTION('ref_axis',(-1.,0.,0.));
#1960=DIRECTION('center_axis',(0.,0.,-1.));
#1961=DIRECTION('ref_axis',(-1.,0.,0.));
#1962=DIRECTION('center_axis',(0.,0.,1.));
#1963=DIRECTION('ref_axis',(-1.,0.,0.));
#1964=DIRECTION('',(-0.707106781186547,8.65956056235493E-17,0.707106781186548));
#1965=DIRECTION('center_axis',(0.,0.,-1.));
#1966=DIRECTION('ref_axis',(-1.,0.,0.));
#1967=DIRECTION('center_axis',(0.,0.,-1.));
#1968=DIRECTION('ref_axis',(-1.,0.,0.));
#1969=DIRECTION('',(0.,0.,1.));
#1970=DIRECTION('center_axis',(0.,0.,-1.));
#1971=DIRECTION('ref_axis',(-1.,0.,0.));
#1972=DIRECTION('center_axis',(0.,0.,-1.));
#1973=DIRECTION('ref_axis',(-1.,0.,0.));
#1974=DIRECTION('center_axis',(0.,-1.,0.));
#1975=DIRECTION('ref_axis',(-1.,0.,0.));
#1976=DIRECTION('center_axis',(-1.93082265152201E-16,1.,0.));
#1977=DIRECTION('ref_axis',(-1.,0.,0.));
#1978=DIRECTION('',(0.,1.,0.));
#1979=DIRECTION('center_axis',(0.,-1.,0.));
#1980=DIRECTION('ref_axis',(-1.,0.,0.));
#1981=DIRECTION('',(0.,1.,0.));
#1982=DIRECTION('center_axis',(0.,1.,0.));
#1983=DIRECTION('ref_axis',(-1.,0.,0.));
#1984=DIRECTION('',(0.,0.,1.));
#1985=DIRECTION('',(-1.,0.,0.));
#1986=DIRECTION('',(0.,0.,1.));
#1987=DIRECTION('center_axis',(-1.,0.,0.));
#1988=DIRECTION('ref_axis',(0.,-1.,0.));
#1989=DIRECTION('',(0.,0.,1.));
#1990=DIRECTION('',(0.,-1.,0.));
#1991=DIRECTION('center_axis',(-1.,0.,0.));
#1992=DIRECTION('ref_axis',(0.,0.,-1.));
#1993=DIRECTION('',(-1.,0.,0.));
#1994=DIRECTION('center_axis',(1.,0.,0.));
#1995=DIRECTION('ref_axis',(0.,0.,-1.));
#1996=DIRECTION('center_axis',(-1.,0.,0.));
#1997=DIRECTION('ref_axis',(0.,0.,-1.));
#1998=DIRECTION('',(-1.,0.,0.));
#1999=DIRECTION('center_axis',(1.,0.,0.));
#2000=DIRECTION('ref_axis',(0.,0.,-1.));
#2001=DIRECTION('center_axis',(-1.,0.,0.));
#2002=DIRECTION('ref_axis',(0.,0.,-1.));
#2003=DIRECTION('',(-1.,0.,0.));
#2004=DIRECTION('center_axis',(1.,0.,0.));
#2005=DIRECTION('ref_axis',(0.,0.,-1.));
#2006=DIRECTION('center_axis',(-1.,0.,0.));
#2007=DIRECTION('ref_axis',(0.,0.,-1.));
#2008=DIRECTION('',(-1.,0.,0.));
#2009=DIRECTION('center_axis',(1.,0.,0.));
#2010=DIRECTION('ref_axis',(0.,0.,-1.));
#2011=DIRECTION('center_axis',(-1.,0.,0.));
#2012=DIRECTION('ref_axis',(0.,0.,-1.));
#2013=DIRECTION('',(-1.,0.,0.));
#2014=DIRECTION('center_axis',(1.,0.,0.));
#2015=DIRECTION('ref_axis',(0.,0.,-1.));
#2016=DIRECTION('center_axis',(-1.,0.,0.));
#2017=DIRECTION('ref_axis',(0.,0.,-1.));
#2018=DIRECTION('',(-1.,0.,0.));
#2019=DIRECTION('center_axis',(1.,0.,0.));
#2020=DIRECTION('ref_axis',(0.,0.,-1.));
#2021=DIRECTION('center_axis',(-0.99603025941275,-0.0890152926983285,0.));
#2022=DIRECTION('ref_axis',(0.0629433170962828,-0.704299750697752,-0.707106781186548));
#2023=DIRECTION('',(0.99603025941275,0.0890152926983285,0.));
#2024=DIRECTION('center_axis',(-0.999007071900083,-0.0445518831658398,1.97850105924501E-16));
#2025=DIRECTION('ref_axis',(-0.0445518831658398,0.999007071900083,4.43648261194251E-15));
#2026=DIRECTION('',(-0.99603025941275,-0.0890152926983285,0.));
#2027=DIRECTION('center_axis',(-0.674901736292649,-0.73790761369508,4.9154521366229E-15));
#2028=DIRECTION('ref_axis',(0.73790761369508,-0.674901736292649,-5.3743372721077E-15));
#2029=DIRECTION('center_axis',(-1.,1.10085320304759E-16,0.));
#2030=DIRECTION('ref_axis',(0.,-0.707106781186549,-0.707106781186546));
#2031=DIRECTION('',(1.,-1.10085320304759E-16,0.));
#2032=DIRECTION('center_axis',(-0.707106781186552,0.707106781186543,3.14018491736753E-15));
#2033=DIRECTION('ref_axis',(0.707106781186543,0.707106781186552,3.14018491736757E-15));
#2034=DIRECTION('',(-1.,1.10085320304759E-16,0.));
#2035=DIRECTION('center_axis',(3.552713678781E-16,1.,0.));
#2036=DIRECTION('ref_axis',(-0.707106781186546,0.,-0.707106781186549));
#2037=DIRECTION('',(-3.552713678781E-16,-1.,0.));
#2038=DIRECTION('center_axis',(0.707106781186552,0.707106781186543,0.));
#2039=DIRECTION('ref_axis',(0.707106781186543,-0.707106781186552,0.));
#2040=DIRECTION('',(3.552713678781E-16,1.,0.));
#2041=DIRECTION('center_axis',(1.,1.10085320304758E-16,0.));
#2042=DIRECTION('ref_axis',(0.,0.707106781186549,-0.707106781186546));
#2043=DIRECTION('',(1.,1.10085320304758E-16,0.));
#2044=DIRECTION('',(-1.,-1.10085320304758E-16,0.));
#2045=DIRECTION('center_axis',(0.999007071900081,-0.0445518831658754,0.));
#2046=DIRECTION('ref_axis',(-0.0445518831658754,-0.999007071900081,0.));
#2047=DIRECTION('center_axis',(0.99603025941275,-0.0890152926983284,0.));
#2048=DIRECTION('ref_axis',(0.0629433170962828,0.704299750697752,-0.707106781186548));
#2049=DIRECTION('',(0.99603025941275,-0.0890152926983284,0.));
#2050=DIRECTION('',(-0.99603025941275,0.0890152926983284,0.));
#2051=DIRECTION('center_axis',(0.674901736292645,-0.737907613695084,1.63848404554097E-15));
#2052=DIRECTION('ref_axis',(-0.737907613695084,-0.674901736292645,1.7914457573692E-15));
#2053=DIRECTION('center_axis',(0.,1.,0.));
#2054=DIRECTION('ref_axis',(0.707106781186552,0.,-0.707106781186543));
#2055=DIRECTION('',(0.,-1.,0.));
#2056=DIRECTION('',(0.,1.,0.));
#2057=DIRECTION('center_axis',(-0.0890152926983284,-0.99603025941275,0.));
#2058=DIRECTION('ref_axis',(0.99603025941275,-0.0890152926983284,0.));
#2059=DIRECTION('',(0.,0.,1.));
#2060=DIRECTION('',(0.99603025941275,-0.0890152926983284,0.));
#2061=DIRECTION('',(0.,0.,1.));
#2062=DIRECTION('center_axis',(-1.,0.,0.));
#2063=DIRECTION('ref_axis',(0.,1.,0.));
#2064=DIRECTION('',(0.,0.,-1.));
#2065=DIRECTION('',(0.,1.,0.));
#2066=DIRECTION('center_axis',(-0.0890152926983285,0.99603025941275,0.));
#2067=DIRECTION('ref_axis',(-0.99603025941275,-0.0890152926983285,0.));
#2068=DIRECTION('',(0.,0.,1.));
#2069=DIRECTION('',(-0.99603025941275,-0.0890152926983285,0.));
#2070=DIRECTION('center_axis',(0.,0.,1.));
#2071=DIRECTION('ref_axis',(1.,0.,0.));
#2072=DIRECTION('',(-0.99603025941275,0.089015292698328,0.));
#2073=DIRECTION('',(0.99603025941275,0.089015292698328,0.));
#2074=DIRECTION('',(0.99603025941275,-0.0890152926983282,0.));
#2075=DIRECTION('',(0.,-1.,0.));
#2076=DIRECTION('',(0.99603025941275,-0.0890152926983281,0.));
#2077=DIRECTION('',(1.,-1.10085320304759E-16,0.));
#2078=DIRECTION('',(0.,1.,0.));
#2079=DIRECTION('',(-1.,-1.10085320304758E-16,0.));
#2080=DIRECTION('',(-0.99603025941275,-0.0890152926983277,0.));
#2081=DIRECTION('',(1.,1.93082265152201E-16,0.));
#2082=DIRECTION('',(9.65411325761006E-17,1.,0.));
#2083=DIRECTION('center_axis',(0.,1.,0.));
#2084=DIRECTION('ref_axis',(-0.707106781186554,0.,-0.707106781186541));
#2085=DIRECTION('center_axis',(0.674901736292631,0.737907613695096,0.));
#2086=DIRECTION('ref_axis',(0.737907613695096,-0.674901736292631,0.));
#2087=DIRECTION('',(0.,1.,0.));
#2088=DIRECTION('center_axis',(-0.674901736292645,0.737907613695084,1.63848404554097E-15));
#2089=DIRECTION('ref_axis',(0.737907613695084,0.674901736292645,1.7914457573692E-15));
#2090=DIRECTION('center_axis',(0.996030259412751,0.0890152926983277,0.));
#2091=DIRECTION('ref_axis',(-0.0629433170963079,0.704299750697751,-0.707106781186547));
#2092=DIRECTION('center_axis',(0.999007071900083,0.0445518831658401,-1.97850105924503E-16));
#2093=DIRECTION('ref_axis',(0.0445518831658402,-0.999007071900083,-4.43648261194266E-15));
#2094=DIRECTION('',(0.99603025941275,0.0890152926983277,0.));
#2095=DIRECTION('center_axis',(1.,1.10085320304758E-16,0.));
#2096=DIRECTION('ref_axis',(0.,0.707106781186546,-0.707106781186549));
#2097=DIRECTION('center_axis',(0.707106781186549,-0.707106781186546,0.));
#2098=DIRECTION('ref_axis',(-0.707106781186546,-0.707106781186549,0.));
#2099=DIRECTION('',(1.,1.10085320304758E-16,0.));
#2100=DIRECTION('center_axis',(0.,-1.,0.));
#2101=DIRECTION('ref_axis',(0.707106781186546,0.,-0.707106781186549));
#2102=DIRECTION('center_axis',(-0.707106781186549,-0.707106781186546,0.));
#2103=DIRECTION('ref_axis',(-0.707106781186546,0.707106781186549,0.));
#2104=DIRECTION('',(0.,-1.,0.));
#2105=DIRECTION('center_axis',(-1.,1.10085320304759E-16,0.));
#2106=DIRECTION('ref_axis',(0.,-0.707106781186549,-0.707106781186546));
#2107=DIRECTION('',(-1.,1.10085320304759E-16,0.));
#2108=DIRECTION('center_axis',(-0.999007071900081,0.0445518831658754,-1.97850105924659E-16));
#2109=DIRECTION('ref_axis',(0.0445518831658754,0.999007071900081,-4.43648261194733E-15));
#2110=DIRECTION('center_axis',(-0.99603025941275,0.0890152926983281,0.));
#2111=DIRECTION('ref_axis',(-0.0629433170963079,-0.704299750697751,-0.707106781186547));
#2112=DIRECTION('',(-0.99603025941275,0.0890152926983281,0.));
#2113=DIRECTION('center_axis',(1.10085320304759E-16,1.,0.));
#2114=DIRECTION('ref_axis',(-1.,1.10085320304759E-16,0.));
#2115=DIRECTION('',(0.,0.,1.));
#2116=DIRECTION('',(-1.,1.10085320304759E-16,0.));
#2117=DIRECTION('',(0.,0.,1.));
#2118=DIRECTION('center_axis',(0.0890152926983281,0.99603025941275,0.));
#2119=DIRECTION('ref_axis',(-0.99603025941275,0.0890152926983281,0.));
#2120=DIRECTION('',(0.,0.,1.));
#2121=DIRECTION('',(-0.99603025941275,0.0890152926983281,0.));
#2122=DIRECTION('center_axis',(-1.,0.,0.));
#2123=DIRECTION('ref_axis',(0.,1.,0.));
#2124=DIRECTION('',(0.,0.,-1.));
#2125=DIRECTION('',(0.,-1.,0.));
#2126=DIRECTION('center_axis',(0.,0.,1.));
#2127=DIRECTION('ref_axis',(1.,0.,0.));
#2128=DIRECTION('',(0.99603025941275,0.0890152926983277,0.));
#2129=DIRECTION('',(1.,1.10085320304758E-16,0.));
#2130=DIRECTION('',(0.,-1.,0.));
#2131=DIRECTION('center_axis',(0.0890152926983277,-0.996030259412751,0.));
#2132=DIRECTION('ref_axis',(0.99603025941275,0.0890152926983277,0.));
#2133=DIRECTION('',(0.,0.,1.));
#2134=DIRECTION('center_axis',(1.,-9.65411325761006E-17,0.));
#2135=DIRECTION('ref_axis',(9.65411325761006E-17,1.,0.));
#2136=DIRECTION('',(0.,0.,1.));
#2137=DIRECTION('center_axis',(1.93082265152201E-16,-1.,0.));
#2138=DIRECTION('ref_axis',(1.,1.93082265152201E-16,0.));
#2139=DIRECTION('center_axis',(1.10085320304758E-16,-1.,0.));
#2140=DIRECTION('ref_axis',(1.,1.10085320304758E-16,0.));
#2141=DIRECTION('',(0.,0.,1.));
#2142=DIRECTION('center_axis',(-1.,0.,0.));
#2143=DIRECTION('ref_axis',(0.,-1.,0.));
#2144=DIRECTION('center_axis',(1.10085320304759E-16,1.,0.));
#2145=DIRECTION('ref_axis',(-1.,1.10085320304759E-16,0.));
#2146=DIRECTION('',(0.,0.,1.));
#2147=DIRECTION('',(-1.,1.10085320304759E-16,0.));
#2148=DIRECTION('center_axis',(1.,-3.552713678781E-16,0.));
#2149=DIRECTION('ref_axis',(3.552713678781E-16,1.,0.));
#2150=DIRECTION('',(0.,0.,1.));
#2151=DIRECTION('',(3.552713678781E-16,1.,0.));
#2152=DIRECTION('center_axis',(1.10085320304758E-16,-1.,0.));
#2153=DIRECTION('ref_axis',(1.,1.10085320304758E-16,0.));
#2154=DIRECTION('',(1.,1.10085320304758E-16,0.));
#2155=DIRECTION('center_axis',(0.,0.,1.));
#2156=DIRECTION('ref_axis',(1.,0.,0.));
#2157=DIRECTION('center_axis',(0.089015292698328,0.99603025941275,0.));
#2158=DIRECTION('ref_axis',(-0.99603025941275,0.089015292698328,0.));
#2159=DIRECTION('center_axis',(0.089015292698328,-0.99603025941275,0.));
#2160=DIRECTION('ref_axis',(0.99603025941275,0.089015292698328,0.));
#2161=DIRECTION('center_axis',(-0.0890152926983282,-0.99603025941275,0.));
#2162=DIRECTION('ref_axis',(0.99603025941275,-0.0890152926983282,0.));
#2163=CARTESIAN_POINT('',(0.,0.,0.));
#2164=CARTESIAN_POINT('Origin',(8.37871438896797E-15,-18.5,11.5));
#2165=CARTESIAN_POINT('',(7.85823949933034E-15,-18.5,15.75));
#2166=CARTESIAN_POINT('',(-4.24999999999999,-18.5,11.5));
#2167=CARTESIAN_POINT('Origin',(8.37871438896797E-15,-18.5,11.5));
#2168=CARTESIAN_POINT('Origin',(8.37871438896797E-15,-18.5,11.5));
#2169=CARTESIAN_POINT('',(7.86648257096027E-15,-19.,16.25));
#2170=CARTESIAN_POINT('Origin',(7.79700715937297E-15,-18.5,16.25));
#2171=CARTESIAN_POINT('Origin',(8.44818980055526E-15,-19.,11.5));
#2172=CARTESIAN_POINT('Origin',(7.33712607578364E-15,-19.,11.5));
#2173=CARTESIAN_POINT('',(5.86640774315665E-15,-19.,0.5));
#2174=CARTESIAN_POINT('Origin',(7.21351922221874E-15,-19.,11.5));
#2175=CARTESIAN_POINT('Origin',(0.,16.,11.5));
#2176=CARTESIAN_POINT('',(-4.24999999999999,-11.5,11.5));
#2177=CARTESIAN_POINT('Origin',(6.6786853825107E-15,-11.5,11.5));
#2178=CARTESIAN_POINT('',(-4.25,16.,11.5));
#2179=CARTESIAN_POINT('Origin',(6.37171475002263E-15,-16.5,11.5));
#2180=CARTESIAN_POINT('',(-3.42782730020052,-16.,0.));
#2181=CARTESIAN_POINT('',(-3.28500116269216,-16.5,0.479166666666668));
#2182=CARTESIAN_POINT('Origin',(-3.42782730020052,-16.5,1.52341481372044E-16));
#2183=CARTESIAN_POINT('',(-11.5,-16.5,11.5));
#2184=CARTESIAN_POINT('Origin',(6.37171475002263E-15,-16.5,11.5));
#2185=CARTESIAN_POINT('',(3.28500116269217,-16.5,0.479166666666668));
#2186=CARTESIAN_POINT('Origin',(6.37171475002263E-15,-16.5,11.5));
#2187=CARTESIAN_POINT('',(3.42782730020053,-16.,0.));
#2188=CARTESIAN_POINT('Origin',(3.42782730020053,-16.5,-1.52341481372044E-16));
#2189=CARTESIAN_POINT('Origin',(6.37171475002263E-15,-16.,11.5));
#2190=CARTESIAN_POINT('Ctrl Pts',(0.,-16.,0.));
#2191=CARTESIAN_POINT('Ctrl Pts',(-0.00503543411481234,-16.,0.));
#2192=CARTESIAN_POINT('Ctrl Pts',(-0.010072250946813,-16.,0.));
#2193=CARTESIAN_POINT('Ctrl Pts',(-1.1577205906072,-16.0000000000003,0.));
#2194=CARTESIAN_POINT('Ctrl Pts',(-2.3098109206337,-16.,0.));
#2195=CARTESIAN_POINT('Ctrl Pts',(-3.42782730020052,-16.,0.));
#2196=CARTESIAN_POINT('Ctrl Pts',(9.1770725300083E-17,-16.,1.26889923899144E-30));
#2197=CARTESIAN_POINT('Ctrl Pts',(-0.00483521087968325,-16.0002218746116,
-0.000446248725854907));
#2198=CARTESIAN_POINT('Ctrl Pts',(-0.010055845628961,-16.0008000701578,
0.000426552980992645));
#2199=CARTESIAN_POINT('Ctrl Pts',(-1.1388138902782,-16.0758790470802,-0.00984756010466602));
#2200=CARTESIAN_POINT('Ctrl Pts',(-2.28442079032481,-16.1639045696479,0.140861553675218));
#2201=CARTESIAN_POINT('Ctrl Pts',(-3.35304370947771,-16.,0.250891079974185));
#2202=CARTESIAN_POINT('Ctrl Pts',(1.83541450600167E-16,-16.,-5.61933624970883E-33));
#2203=CARTESIAN_POINT('Ctrl Pts',(-0.00472499349546462,-16.0006654852851,
-9.80681433389546E-5));
#2204=CARTESIAN_POINT('Ctrl Pts',(-0.00995411467305887,-16.0014061713493,
9.65507604230455E-5));
#2205=CARTESIAN_POINT('Ctrl Pts',(-1.12185404149001,-16.1516062398692,-0.000925709058843402));
#2206=CARTESIAN_POINT('Ctrl Pts',(-2.25443722918146,-16.3445131006317,0.17031016924466));
#2207=CARTESIAN_POINT('Ctrl Pts',(-3.28500116269217,-16.2382006122009,0.479166666666667));
#2208=CARTESIAN_POINT('Ctrl Pts',(2.7531217590025E-16,-16.,0.));
#2209=CARTESIAN_POINT('Ctrl Pts',(-0.00482562435993298,-16.0010278536848,
2.78547978773979E-18));
#2210=CARTESIAN_POINT('Ctrl Pts',(-0.00965257382402697,-16.0020724838946,
3.351923797595E-6));
#2211=CARTESIAN_POINT('Ctrl Pts',(-1.10948223266592,-16.230991023902,0.00128778156904065));
#2212=CARTESIAN_POINT('Ctrl Pts',(-2.21356879894063,-16.5,0.159802744337459));
#2213=CARTESIAN_POINT('Ctrl Pts',(-3.28500116269216,-16.5,0.479166666666667));
#2214=CARTESIAN_POINT('',(6.17863248487044E-15,-16.,0.));
#2215=CARTESIAN_POINT('',(-80.837,-16.,0.));
#2216=CARTESIAN_POINT('Ctrl Pts',(2.7531217590025E-16,-16.,0.));
#2217=CARTESIAN_POINT('Ctrl Pts',(-0.00482562435993298,-16.0010278536848,
2.78547978773979E-18));
#2218=CARTESIAN_POINT('Ctrl Pts',(-0.00965257382402697,-16.0020724838946,
3.351923797595E-6));
#2219=CARTESIAN_POINT('Ctrl Pts',(-1.10948223266592,-16.230991023902,0.00128778156904065));
#2220=CARTESIAN_POINT('Ctrl Pts',(-2.21356879894063,-16.5,0.159802744337459));
#2221=CARTESIAN_POINT('Ctrl Pts',(-3.28500116269216,-16.5,0.479166666666667));
#2222=CARTESIAN_POINT('Ctrl Pts',(3.42782730020053,-16.,0.));
#2223=CARTESIAN_POINT('Ctrl Pts',(2.30981092063372,-16.,0.));
#2224=CARTESIAN_POINT('Ctrl Pts',(1.15789321291152,-16.0000000000001,0.));
#2225=CARTESIAN_POINT('Ctrl Pts',(0.0100717064962137,-16.,0.));
#2226=CARTESIAN_POINT('Ctrl Pts',(0.00503543411480101,-16.,0.));
#2227=CARTESIAN_POINT('Ctrl Pts',(0.,-16.,0.));
#2228=CARTESIAN_POINT('Ctrl Pts',(3.39043550483913,-16.,0.125445539987093));
#2229=CARTESIAN_POINT('Ctrl Pts',(2.2999910906756,-16.0854988058904,0.0782779779683324));
#2230=CARTESIAN_POINT('Ctrl Pts',(1.14912056776304,-16.0387797481899,-0.00207994855803587));
#2231=CARTESIAN_POINT('Ctrl Pts',(0.0100040320550724,-16.0003445524625,
8.98343727670022E-6));
#2232=CARTESIAN_POINT('Ctrl Pts',(0.00500046582232157,-16.0001713089475,
-4.83501024655877E-19));
#2233=CARTESIAN_POINT('Ctrl Pts',(0.,-16.,0.));
#2234=CARTESIAN_POINT('Ctrl Pts',(3.31593798204335,-16.1083023733992,0.375376892159149));
#2235=CARTESIAN_POINT('Ctrl Pts',(2.27904198337865,-16.2647169862835,0.163775203561581));
#2236=CARTESIAN_POINT('Ctrl Pts',(1.13165116978203,-16.1145815929035,-0.00166616633935346));
#2237=CARTESIAN_POINT('Ctrl Pts',(0.00986844105906194,-16.0010390434593,
1.14949883555807E-5));
#2238=CARTESIAN_POINT('Ctrl Pts',(0.00493052923736265,-16.0005139268424,
-1.45050307396762E-18));
#2239=CARTESIAN_POINT('Ctrl Pts',(0.,-16.,0.));
#2240=CARTESIAN_POINT('Ctrl Pts',(3.28500116269217,-16.3691003061004,0.479166666666667));
#2241=CARTESIAN_POINT('Ctrl Pts',(2.23808971394194,-16.4228503098784,0.165300932155616));
#2242=CARTESIAN_POINT('Ctrl Pts',(1.11673799890887,-16.1934270386493,0.000767275015984863));
#2243=CARTESIAN_POINT('Ctrl Pts',(0.00972494372676702,-16.0017241667229,
5.04996232062521E-6));
#2244=CARTESIAN_POINT('Ctrl Pts',(0.00486059265240378,-16.0008565447373,
-2.41750512327938E-18));
#2245=CARTESIAN_POINT('Ctrl Pts',(0.,-16.,0.));
#2246=CARTESIAN_POINT('Ctrl Pts',(3.28500116269217,-16.5,0.479166666666666));
#2247=CARTESIAN_POINT('Ctrl Pts',(2.21356879894065,-16.5,0.159802744337464));
#2248=CARTESIAN_POINT('Ctrl Pts',(1.10964766237439,-16.2329349909927,0.00132935292734088));
#2249=CARTESIAN_POINT('Ctrl Pts',(0.00965205205886613,-16.0020664526186,
3.22124058667548E-6));
#2250=CARTESIAN_POINT('Ctrl Pts',(0.00482562435992432,-16.0010278536848,
-2.90100614793525E-18));
#2251=CARTESIAN_POINT('Ctrl Pts',(0.,-16.,0.));
#2252=CARTESIAN_POINT('Ctrl Pts',(3.28500116269217,-16.5,0.479166666666666));
#2253=CARTESIAN_POINT('Ctrl Pts',(2.21356879894065,-16.5,0.159802744337464));
#2254=CARTESIAN_POINT('Ctrl Pts',(1.10964766237439,-16.2329349909927,0.00132935292734088));
#2255=CARTESIAN_POINT('Ctrl Pts',(0.00965205205886613,-16.0020664526186,
3.22124058667548E-6));
#2256=CARTESIAN_POINT('Ctrl Pts',(0.00482562435992432,-16.0010278536848,
-2.90100614793525E-18));
#2257=CARTESIAN_POINT('Ctrl Pts',(0.,-16.,0.));
#2258=CARTESIAN_POINT('',(-80.837,-16.,0.));
#2259=CARTESIAN_POINT('Origin',(-80.837,-16.,0.));
#2260=CARTESIAN_POINT('',(80.837,-16.,0.));
#2261=CARTESIAN_POINT('',(-80.837,-16.,0.));
#2262=CARTESIAN_POINT('',(80.837,-16.,24.));
#2263=CARTESIAN_POINT('',(80.837,-16.,0.));
#2264=CARTESIAN_POINT('',(-80.837,-16.,24.));
#2265=CARTESIAN_POINT('',(-40.4185,-16.,24.));
#2266=CARTESIAN_POINT('',(-80.837,-16.,0.));
#2267=CARTESIAN_POINT('',(-80.837,-16.,0.));
#2268=CARTESIAN_POINT('',(-80.837,-16.,0.));
#2269=CARTESIAN_POINT('Origin',(7.14404381063144E-15,-18.5,11.5));
#2270=CARTESIAN_POINT('',(5.73569999161199E-15,-18.5,0.));
#2271=CARTESIAN_POINT('',(-11.5,-18.5,11.5));
#2272=CARTESIAN_POINT('Origin',(7.14404381063144E-15,-18.5,11.5));
#2273=CARTESIAN_POINT('Origin',(7.14404381063144E-15,-18.5,11.5));
#2274=CARTESIAN_POINT('Origin',(5.79693233156935E-15,-18.5,0.5));
#2275=CARTESIAN_POINT('Origin',(6.17863248487044E-15,-16.,11.5));
#2276=CARTESIAN_POINT('',(-11.5,-16.,11.5));
#2277=CARTESIAN_POINT('Origin',(0.,18.5,11.5));
#2278=CARTESIAN_POINT('',(-7.05314083159899E-16,19.,16.25));
#2279=CARTESIAN_POINT('Origin',(-1.23606853564907E-16,19.,11.5));
#2280=CARTESIAN_POINT('',(-5.20474889637625E-16,18.5,15.75));
#2281=CARTESIAN_POINT('Origin',(-5.81707229594992E-16,18.5,16.25));
#2282=CARTESIAN_POINT('',(4.25,18.5,11.5));
#2283=CARTESIAN_POINT('Origin',(0.,18.5,11.5));
#2284=CARTESIAN_POINT('Origin',(0.,18.5,11.5));
#2285=CARTESIAN_POINT('Origin',(0.,19.,11.5));
#2286=CARTESIAN_POINT('',(-1.470718332627E-15,19.,0.5));
#2287=CARTESIAN_POINT('Origin',(-1.23606853564907E-16,19.,11.5));
#2288=CARTESIAN_POINT('Origin',(0.,16.,11.5));
#2289=CARTESIAN_POINT('',(4.25,11.5,11.5));
#2290=CARTESIAN_POINT('',(4.25,16.,11.5));
#2291=CARTESIAN_POINT('Origin',(1.09287578986539E-15,11.5,11.5));
#2292=CARTESIAN_POINT('Origin',(0.,16.5,11.5));
#2293=CARTESIAN_POINT('',(3.42782730020052,16.,0.));
#2294=CARTESIAN_POINT('',(3.28500116269217,16.5,0.479166666666668));
#2295=CARTESIAN_POINT('Origin',(3.42782730020052,16.5,-1.73050152026965E-16));
#2296=CARTESIAN_POINT('',(-11.5,16.5,11.5));
#2297=CARTESIAN_POINT('Origin',(0.,16.5,11.5));
#2298=CARTESIAN_POINT('',(-3.28500116269217,16.5,0.479166666666668));
#2299=CARTESIAN_POINT('Origin',(0.,16.5,11.5));
#2300=CARTESIAN_POINT('',(-3.42782730020052,16.,0.));
#2301=CARTESIAN_POINT('Origin',(-3.42782730020052,16.5,1.73050152026965E-16));
#2302=CARTESIAN_POINT('Origin',(1.23606853564912E-16,16.,11.5));
#2303=CARTESIAN_POINT('Ctrl Pts',(0.,16.,0.));
#2304=CARTESIAN_POINT('Ctrl Pts',(0.00503543411481405,16.,0.));
#2305=CARTESIAN_POINT('Ctrl Pts',(0.010072250946822,16.,0.));
#2306=CARTESIAN_POINT('Ctrl Pts',(1.15772059060695,16.,0.));
#2307=CARTESIAN_POINT('Ctrl Pts',(2.30981092063371,16.,0.));
#2308=CARTESIAN_POINT('Ctrl Pts',(3.42782730020052,16.,0.));
#2309=CARTESIAN_POINT('Ctrl Pts',(0.,16.,0.));
#2310=CARTESIAN_POINT('Ctrl Pts',(0.00483521087968522,16.0002218746116,
-0.00044624872585478));
#2311=CARTESIAN_POINT('Ctrl Pts',(0.01005584562897,16.0008000701578,0.000426552980992529));
#2312=CARTESIAN_POINT('Ctrl Pts',(1.13881389027795,16.0758790470799,-0.0098475601046647));
#2313=CARTESIAN_POINT('Ctrl Pts',(2.28442079032482,16.1639045696479,0.140861553675216));
#2314=CARTESIAN_POINT('Ctrl Pts',(3.35304370947771,16.,0.250891079974185));
#2315=CARTESIAN_POINT('Ctrl Pts',(0.,16.,0.));
#2316=CARTESIAN_POINT('Ctrl Pts',(0.00472499349546648,16.0006654852851,
-9.80681433389352E-5));
#2317=CARTESIAN_POINT('Ctrl Pts',(0.00995411467306879,16.0014061713493,
9.65507604230202E-5));
#2318=CARTESIAN_POINT('Ctrl Pts',(1.12185404148975,16.1516062398689,-0.000925709058842003));
#2319=CARTESIAN_POINT('Ctrl Pts',(2.25443722918146,16.3445131006317,0.170310169244663));
#2320=CARTESIAN_POINT('Ctrl Pts',(3.28500116269216,16.2382006122009,0.479166666666667));
#2321=CARTESIAN_POINT('Ctrl Pts',(0.,16.,0.));
#2322=CARTESIAN_POINT('Ctrl Pts',(0.00482562435993503,16.0010278536848,
-3.08331413690976E-19));
#2323=CARTESIAN_POINT('Ctrl Pts',(0.00965257382403687,16.0020724838946,
3.35192379759114E-6));
#2324=CARTESIAN_POINT('Ctrl Pts',(1.10948223266566,16.2309910239018,0.0012877815690418));
#2325=CARTESIAN_POINT('Ctrl Pts',(2.21356879894064,16.5,0.159802744337462));
#2326=CARTESIAN_POINT('Ctrl Pts',(3.28500116269216,16.5,0.479166666666666));
#2327=CARTESIAN_POINT('',(0.,16.,0.));
#2328=CARTESIAN_POINT('',(80.837,16.,0.));
#2329=CARTESIAN_POINT('Ctrl Pts',(0.,16.,0.));
#2330=CARTESIAN_POINT('Ctrl Pts',(0.00482562435993503,16.0010278536848,
-3.08331413690976E-19));
#2331=CARTESIAN_POINT('Ctrl Pts',(0.00965257382403687,16.0020724838946,
3.35192379759114E-6));
#2332=CARTESIAN_POINT('Ctrl Pts',(1.10948223266566,16.2309910239018,0.0012877815690418));
#2333=CARTESIAN_POINT('Ctrl Pts',(2.21356879894064,16.5,0.159802744337462));
#2334=CARTESIAN_POINT('Ctrl Pts',(3.28500116269216,16.5,0.479166666666666));
#2335=CARTESIAN_POINT('Ctrl Pts',(-3.42782730020053,16.,0.));
#2336=CARTESIAN_POINT('Ctrl Pts',(-2.30981092063371,16.,0.));
#2337=CARTESIAN_POINT('Ctrl Pts',(-1.15789321291157,15.9999999999999,0.));
#2338=CARTESIAN_POINT('Ctrl Pts',(-0.0100717064962133,16.,0.));
#2339=CARTESIAN_POINT('Ctrl Pts',(-0.00503543411480017,16.,0.));
#2340=CARTESIAN_POINT('Ctrl Pts',(0.,16.,0.));
#2341=CARTESIAN_POINT('Ctrl Pts',(-3.39043550483913,16.,0.125445539987093));
#2342=CARTESIAN_POINT('Ctrl Pts',(-2.29999109067559,16.0854988058904,0.0782779779683312));
#2343=CARTESIAN_POINT('Ctrl Pts',(-1.14912056776309,16.0387797481897,-0.00207994855803568));
#2344=CARTESIAN_POINT('Ctrl Pts',(-0.010004032055072,16.0003445524625,8.98343727669832E-6));
#2345=CARTESIAN_POINT('Ctrl Pts',(-0.00500046582232056,16.0001713089475,
9.8666052380496E-20));
#2346=CARTESIAN_POINT('Ctrl Pts',(4.69447939884328E-18,16.,6.89889500334793E-33));
#2347=CARTESIAN_POINT('Ctrl Pts',(-3.31593798204335,16.1083023733992,0.375376892159149));
#2348=CARTESIAN_POINT('Ctrl Pts',(-2.27904198337863,16.2647169862835,0.163775203561577));
#2349=CARTESIAN_POINT('Ctrl Pts',(-1.1316511697821,16.1145815929031,-0.0016661663393528));
#2350=CARTESIAN_POINT('Ctrl Pts',(-0.00986844105906164,16.0010390434593,
1.14949883555756E-5));
#2351=CARTESIAN_POINT('Ctrl Pts',(-0.00493052923736132,16.0005139268424,
2.46750778566146E-19));
#2352=CARTESIAN_POINT('Ctrl Pts',(1.40834381965299E-17,16.,1.5906026153391E-33));
#2353=CARTESIAN_POINT('Ctrl Pts',(-3.28500116269217,16.3691003061004,0.479166666666667));
#2354=CARTESIAN_POINT('Ctrl Pts',(-2.23808971394192,16.4228503098784,0.16530093215561));
#2355=CARTESIAN_POINT('Ctrl Pts',(-1.11673799890895,16.1934270386486,0.000767275015985806));
#2356=CARTESIAN_POINT('Ctrl Pts',(-0.00972494372676674,16.0017241667229,
5.04996232061918E-6));
#2357=CARTESIAN_POINT('Ctrl Pts',(-0.00486059265240209,16.0008565447373,
2.96340747601146E-19));
#2358=CARTESIAN_POINT('Ctrl Pts',(2.34723969942164E-17,16.,-2.87453958472833E-34));
#2359=CARTESIAN_POINT('Ctrl Pts',(-3.28500116269217,16.5,0.479166666666666));
#2360=CARTESIAN_POINT('Ctrl Pts',(-2.21356879894064,16.5,0.159802744337459));
#2361=CARTESIAN_POINT('Ctrl Pts',(-1.10964766237448,16.2329349909921,0.0013293529273419));
#2362=CARTESIAN_POINT('Ctrl Pts',(-0.00965205205886589,16.0020664526186,
3.22124058666962E-6));
#2363=CARTESIAN_POINT('Ctrl Pts',(-0.00482562435992247,16.0010278536848,
2.96512042830986E-19));
#2364=CARTESIAN_POINT('Ctrl Pts',(2.81668763930596E-17,16.,0.));
#2365=CARTESIAN_POINT('Ctrl Pts',(-3.28500116269217,16.5,0.479166666666666));
#2366=CARTESIAN_POINT('Ctrl Pts',(-2.21356879894064,16.5,0.159802744337459));
#2367=CARTESIAN_POINT('Ctrl Pts',(-1.10964766237448,16.2329349909921,0.0013293529273419));
#2368=CARTESIAN_POINT('Ctrl Pts',(-0.00965205205886589,16.0020664526186,
3.22124058666962E-6));
#2369=CARTESIAN_POINT('Ctrl Pts',(-0.00482562435992247,16.0010278536848,
2.96512042830986E-19));
#2370=CARTESIAN_POINT('Ctrl Pts',(2.81668763930596E-17,16.,0.));
#2371=CARTESIAN_POINT('',(80.837,16.,0.));
#2372=CARTESIAN_POINT('Origin',(80.837,16.,0.));
#2373=CARTESIAN_POINT('',(-80.837,16.,0.));
#2374=CARTESIAN_POINT('',(80.837,16.,0.));
#2375=CARTESIAN_POINT('',(-80.837,16.,24.));
#2376=CARTESIAN_POINT('',(-80.837,16.,0.));
#2377=CARTESIAN_POINT('',(80.837,16.,24.));
#2378=CARTESIAN_POINT('',(40.4185,16.,24.));
#2379=CARTESIAN_POINT('',(80.837,16.,0.));
#2380=CARTESIAN_POINT('',(80.837,16.,0.));
#2381=CARTESIAN_POINT('',(80.837,16.,0.));
#2382=CARTESIAN_POINT('Origin',(0.,18.5,11.5));
#2383=CARTESIAN_POINT('',(-1.40834381901946E-15,18.5,0.));
#2384=CARTESIAN_POINT('Origin',(-1.34711147906209E-15,18.5,0.5));
#2385=CARTESIAN_POINT('',(-11.5,18.5,11.5));
#2386=CARTESIAN_POINT('Origin',(0.,18.5,11.5));
#2387=CARTESIAN_POINT('Origin',(0.,18.5,11.5));
#2388=CARTESIAN_POINT('Origin',(0.,16.,11.5));
#2389=CARTESIAN_POINT('',(-11.5,16.,11.5));
#2390=CARTESIAN_POINT('Origin',(-41.0919992009945,15.5360712024415,24.));
#2391=CARTESIAN_POINT('',(-120.,12.5,24.));
#2392=CARTESIAN_POINT('',(-41.4480603717878,19.5201922400925,24.));
#2393=CARTESIAN_POINT('',(-120.,8.48405775105832,28.));
#2394=CARTESIAN_POINT('Origin',(-120.,8.48405775105832,24.));
#2395=CARTESIAN_POINT('',(-80.6586153441994,12.,28.));
#2396=CARTESIAN_POINT('',(-41.0919992009945,15.5360712024415,28.));
#2397=CARTESIAN_POINT('Origin',(-80.6586153441994,12.,24.));
#2398=CARTESIAN_POINT('Origin',(40.4185,12.,24.));
#2399=CARTESIAN_POINT('',(80.6586153441992,12.,28.));
#2400=CARTESIAN_POINT('',(40.4185,12.,28.));
#2401=CARTESIAN_POINT('Origin',(80.6586153441992,12.,24.));
#2402=CARTESIAN_POINT('Origin',(60.6734992009944,13.7860712024415,24.));
#2403=CARTESIAN_POINT('',(120.,8.48405775105836,28.));
#2404=CARTESIAN_POINT('',(60.6734992009944,13.7860712024415,28.));
#2405=CARTESIAN_POINT('',(120.,12.5,24.));
#2406=CARTESIAN_POINT('Origin',(120.,8.48405775105836,24.));
#2407=CARTESIAN_POINT('',(61.0295603717878,17.7701922400925,24.));
#2408=CARTESIAN_POINT('Origin',(0.,0.,28.));
#2409=CARTESIAN_POINT('',(-120.,-8.48405775105833,28.));
#2410=CARTESIAN_POINT('',(-120.,12.5,28.));
#2411=CARTESIAN_POINT('',(-80.6586153441992,-12.,28.));
#2412=CARTESIAN_POINT('',(-60.6734992009944,-13.7860712024415,28.));
#2413=CARTESIAN_POINT('',(80.6586153441994,-12.,28.));
#2414=CARTESIAN_POINT('',(-40.4185,-12.,28.));
#2415=CARTESIAN_POINT('',(120.,-8.48405775105835,28.));
#2416=CARTESIAN_POINT('',(41.0919992009944,-15.5360712024415,28.));
#2417=CARTESIAN_POINT('',(120.,-12.5,28.));
#2418=CARTESIAN_POINT('Origin',(-120.,12.5,0.));
#2419=CARTESIAN_POINT('',(-120.,12.5,0.));
#2420=CARTESIAN_POINT('',(-120.,12.5,0.));
#2421=CARTESIAN_POINT('',(-120.,-12.5,0.));
#2422=CARTESIAN_POINT('',(-120.,12.5,0.));
#2423=CARTESIAN_POINT('',(-120.,-12.5,24.));
#2424=CARTESIAN_POINT('',(-120.,-12.5,0.));
#2425=CARTESIAN_POINT('Origin',(-120.,-8.48405775105833,24.));
#2426=CARTESIAN_POINT('',(-120.,-6.99999999999995,5.25));
#2427=CARTESIAN_POINT('Origin',(-120.,-6.99999999999995,3.75));
#2428=CARTESIAN_POINT('',(-120.,-6.99999999999995,19.25));
#2429=CARTESIAN_POINT('Origin',(-120.,-6.99999999999995,17.75));
#2430=CARTESIAN_POINT('',(-120.,7.00000000000005,12.25));
#2431=CARTESIAN_POINT('Origin',(-120.,7.00000000000005,10.75));
#2432=CARTESIAN_POINT('',(-120.,7.00000000000005,5.25));
#2433=CARTESIAN_POINT('Origin',(-120.,7.00000000000005,3.75));
#2434=CARTESIAN_POINT('',(-120.,7.00000000000005,19.25));
#2435=CARTESIAN_POINT('Origin',(-120.,7.00000000000005,17.75));
#2436=CARTESIAN_POINT('',(-120.,-6.99999999999995,12.25));
#2437=CARTESIAN_POINT('Origin',(-120.,-6.99999999999995,10.75));
#2438=CARTESIAN_POINT('Origin',(-80.837,16.,0.));
#2439=CARTESIAN_POINT('',(-80.837,16.,0.));
#2440=CARTESIAN_POINT('Origin',(41.0919992009944,-15.5360712024415,24.));
#2441=CARTESIAN_POINT('',(120.,-12.5,24.));
#2442=CARTESIAN_POINT('',(41.4480603717878,-19.5201922400925,24.));
#2443=CARTESIAN_POINT('Origin',(120.,-8.48405775105835,24.));
#2444=CARTESIAN_POINT('Origin',(80.6586153441994,-12.,24.));
#2445=CARTESIAN_POINT('Origin',(-40.4185,-12.,24.));
#2446=CARTESIAN_POINT('Origin',(-80.6586153441992,-12.,24.));
#2447=CARTESIAN_POINT('Origin',(-60.6734992009944,-13.7860712024415,24.));
#2448=CARTESIAN_POINT('',(-61.0295603717878,-17.7701922400925,24.));
#2449=CARTESIAN_POINT('Origin',(120.,-12.5,0.));
#2450=CARTESIAN_POINT('',(120.,-12.5,0.));
#2451=CARTESIAN_POINT('',(120.,-12.5,0.));
#2452=CARTESIAN_POINT('',(120.,12.5,0.));
#2453=CARTESIAN_POINT('',(120.,-12.5,0.));
#2454=CARTESIAN_POINT('',(120.,12.5,0.));
#2455=CARTESIAN_POINT('',(120.,-6.99999999999997,5.25));
#2456=CARTESIAN_POINT('Origin',(120.,-6.99999999999997,3.75));
#2457=CARTESIAN_POINT('',(120.,-6.99999999999997,19.25));
#2458=CARTESIAN_POINT('Origin',(120.,-6.99999999999997,17.75));
#2459=CARTESIAN_POINT('',(120.,7.00000000000003,12.25));
#2460=CARTESIAN_POINT('Origin',(120.,7.00000000000003,10.75));
#2461=CARTESIAN_POINT('',(120.,7.00000000000003,5.25));
#2462=CARTESIAN_POINT('Origin',(120.,7.00000000000003,3.75));
#2463=CARTESIAN_POINT('',(120.,7.00000000000003,19.25));
#2464=CARTESIAN_POINT('Origin',(120.,7.00000000000003,17.75));
#2465=CARTESIAN_POINT('',(120.,-6.99999999999997,12.25));
#2466=CARTESIAN_POINT('Origin',(120.,-6.99999999999997,10.75));
#2467=CARTESIAN_POINT('Origin',(-120.,-6.99999999999995,10.75));
#2468=CARTESIAN_POINT('',(-114.000000000069,-6.99999999999995,12.25));
#2469=CARTESIAN_POINT('',(-120.,-6.99999999999995,12.25));
#2470=CARTESIAN_POINT('Origin',(-114.000000000069,-6.99999999999995,10.75));
#2471=CARTESIAN_POINT('Origin',(-120.,7.00000000000005,17.75));
#2472=CARTESIAN_POINT('',(-114.000000000069,7.00000000000005,19.25));
#2473=CARTESIAN_POINT('',(-120.,7.00000000000005,19.25));
#2474=CARTESIAN_POINT('Origin',(-114.000000000069,7.00000000000005,17.75));
#2475=CARTESIAN_POINT('Origin',(-120.,7.00000000000005,3.75));
#2476=CARTESIAN_POINT('',(-114.000000000069,7.00000000000005,5.25));
#2477=CARTESIAN_POINT('',(-120.,7.00000000000005,5.25));
#2478=CARTESIAN_POINT('Origin',(-114.000000000069,7.00000000000005,3.75));
#2479=CARTESIAN_POINT('Origin',(-120.,7.00000000000005,10.75));
#2480=CARTESIAN_POINT('',(-114.000000000069,7.00000000000005,12.25));
#2481=CARTESIAN_POINT('',(-120.,7.00000000000005,12.25));
#2482=CARTESIAN_POINT('Origin',(-114.000000000069,7.00000000000005,10.75));
#2483=CARTESIAN_POINT('Origin',(-120.,-6.99999999999995,17.75));
#2484=CARTESIAN_POINT('',(-114.000000000069,-6.99999999999995,19.25));
#2485=CARTESIAN_POINT('',(-120.,-6.99999999999995,19.25));
#2486=CARTESIAN_POINT('Origin',(-114.000000000069,-6.99999999999995,17.75));
#2487=CARTESIAN_POINT('Origin',(-120.,-6.99999999999995,3.75));
#2488=CARTESIAN_POINT('',(-114.000000000069,-6.99999999999995,5.25));
#2489=CARTESIAN_POINT('',(-120.,-6.99999999999995,5.25));
#2490=CARTESIAN_POINT('Origin',(-114.000000000069,-6.99999999999995,3.75));
#2491=CARTESIAN_POINT('Origin',(17.5,-11.,0.0500000000000001));
#2492=CARTESIAN_POINT('',(19.6,-11.,2.68882138776405E-16));
#2493=CARTESIAN_POINT('Origin',(17.5,-11.,0.));
#2494=CARTESIAN_POINT('',(19.5,-11.,0.100000000000001));
#2495=CARTESIAN_POINT('',(19.55,-11.,0.0500000000000001));
#2496=CARTESIAN_POINT('Origin',(17.5,-11.,0.1));
#2497=CARTESIAN_POINT('Origin',(17.5,-11.,3.5));
#2498=CARTESIAN_POINT('',(19.5,-11.,7.));
#2499=CARTESIAN_POINT('',(19.5,-11.,3.5));
#2500=CARTESIAN_POINT('Origin',(17.5,-11.,7.));
#2501=CARTESIAN_POINT('Origin',(17.5,-11.,7.));
#2502=CARTESIAN_POINT('Origin',(-17.5,-11.,0.0500000000000001));
#2503=CARTESIAN_POINT('',(-15.4,-11.,2.68882138776405E-16));
#2504=CARTESIAN_POINT('Origin',(-17.5,-11.,0.));
#2505=CARTESIAN_POINT('',(-15.5,-11.,0.100000000000001));
#2506=CARTESIAN_POINT('',(-15.45,-11.,0.0500000000000001));
#2507=CARTESIAN_POINT('Origin',(-17.5,-11.,0.1));
#2508=CARTESIAN_POINT('Origin',(-17.5,-11.,3.5));
#2509=CARTESIAN_POINT('',(-15.5,-11.,7.));
#2510=CARTESIAN_POINT('',(-15.5,-11.,3.5));
#2511=CARTESIAN_POINT('Origin',(-17.5,-11.,7.));
#2512=CARTESIAN_POINT('Origin',(-17.5,-11.,7.));
#2513=CARTESIAN_POINT('Origin',(-17.5,11.,0.0500000000000001));
#2514=CARTESIAN_POINT('',(-15.4,11.,2.68882138776405E-16));
#2515=CARTESIAN_POINT('Origin',(-17.5,11.,0.));
#2516=CARTESIAN_POINT('',(-15.5,11.,0.100000000000001));
#2517=CARTESIAN_POINT('',(-15.45,11.,0.0500000000000001));
#2518=CARTESIAN_POINT('Origin',(-17.5,11.,0.1));
#2519=CARTESIAN_POINT('Origin',(-17.5,11.,3.5));
#2520=CARTESIAN_POINT('',(-15.5,11.,7.));
#2521=CARTESIAN_POINT('',(-15.5,11.,3.5));
#2522=CARTESIAN_POINT('Origin',(-17.5,11.,7.));
#2523=CARTESIAN_POINT('Origin',(-17.5,11.,7.));
#2524=CARTESIAN_POINT('Origin',(17.5,11.,0.0500000000000001));
#2525=CARTESIAN_POINT('',(19.6,11.,2.68882138776405E-16));
#2526=CARTESIAN_POINT('Origin',(17.5,11.,0.));
#2527=CARTESIAN_POINT('',(19.5,11.,0.100000000000001));
#2528=CARTESIAN_POINT('',(19.55,11.,0.0500000000000001));
#2529=CARTESIAN_POINT('Origin',(17.5,11.,0.1));
#2530=CARTESIAN_POINT('Origin',(17.5,11.,3.5));
#2531=CARTESIAN_POINT('',(19.5,11.,7.));
#2532=CARTESIAN_POINT('',(19.5,11.,3.5));
#2533=CARTESIAN_POINT('Origin',(17.5,11.,7.));
#2534=CARTESIAN_POINT('Origin',(17.5,11.,7.));
#2535=CARTESIAN_POINT('Origin',(6.66133814775094E-15,11.5,11.5));
#2536=CARTESIAN_POINT('',(-11.5,-11.5,11.5));
#2537=CARTESIAN_POINT('',(11.5,-11.5,11.5));
#2538=CARTESIAN_POINT('Origin',(6.66133814775094E-15,-11.5,11.5));
#2539=CARTESIAN_POINT('',(-11.5,11.5,11.5));
#2540=CARTESIAN_POINT('',(-11.5,11.5,11.5));
#2541=CARTESIAN_POINT('',(11.5,11.5,11.5));
#2542=CARTESIAN_POINT('Origin',(6.66133814775094E-15,11.5,11.5));
#2543=CARTESIAN_POINT('',(11.5,11.5,11.5));
#2544=CARTESIAN_POINT('Origin',(11.5,11.5,0.));
#2545=CARTESIAN_POINT('',(-11.5,11.5,0.));
#2546=CARTESIAN_POINT('',(-11.5,11.5,0.));
#2547=CARTESIAN_POINT('',(11.5,11.5,0.));
#2548=CARTESIAN_POINT('',(5.75,11.5,0.));
#2549=CARTESIAN_POINT('',(11.5,11.5,0.));
#2550=CARTESIAN_POINT('Origin',(-11.5,11.5,0.));
#2551=CARTESIAN_POINT('',(-11.5,-11.5,0.));
#2552=CARTESIAN_POINT('',(-11.5,-11.5,0.));
#2553=CARTESIAN_POINT('',(-11.5,5.75,0.));
#2554=CARTESIAN_POINT('Origin',(120.,-6.99999999999997,10.75));
#2555=CARTESIAN_POINT('',(114.000000000069,-6.99999999999997,12.25));
#2556=CARTESIAN_POINT('',(120.,-6.99999999999997,12.25));
#2557=CARTESIAN_POINT('Origin',(114.000000000069,-6.99999999999997,10.75));
#2558=CARTESIAN_POINT('Origin',(120.,7.00000000000003,17.75));
#2559=CARTESIAN_POINT('',(114.000000000069,7.00000000000003,19.25));
#2560=CARTESIAN_POINT('',(120.,7.00000000000003,19.25));
#2561=CARTESIAN_POINT('Origin',(114.000000000069,7.00000000000003,17.75));
#2562=CARTESIAN_POINT('Origin',(120.,7.00000000000003,3.75));
#2563=CARTESIAN_POINT('',(114.000000000069,7.00000000000003,5.25));
#2564=CARTESIAN_POINT('',(120.,7.00000000000003,5.25));
#2565=CARTESIAN_POINT('Origin',(114.000000000069,7.00000000000003,3.75));
#2566=CARTESIAN_POINT('Origin',(120.,7.00000000000003,10.75));
#2567=CARTESIAN_POINT('',(114.000000000069,7.00000000000003,12.25));
#2568=CARTESIAN_POINT('',(120.,7.00000000000003,12.25));
#2569=CARTESIAN_POINT('Origin',(114.000000000069,7.00000000000003,10.75));
#2570=CARTESIAN_POINT('Origin',(120.,-6.99999999999997,17.75));
#2571=CARTESIAN_POINT('',(114.000000000069,-6.99999999999997,19.25));
#2572=CARTESIAN_POINT('',(120.,-6.99999999999997,19.25));
#2573=CARTESIAN_POINT('Origin',(114.000000000069,-6.99999999999997,17.75));
#2574=CARTESIAN_POINT('Origin',(120.,-6.99999999999997,3.75));
#2575=CARTESIAN_POINT('',(114.000000000069,-6.99999999999997,5.25));
#2576=CARTESIAN_POINT('',(120.,-6.99999999999997,5.25));
#2577=CARTESIAN_POINT('Origin',(114.000000000069,-6.99999999999997,3.75));
#2578=CARTESIAN_POINT('Origin',(-41.2587479690064,16.5251544158951,0.5));
#2579=CARTESIAN_POINT('',(-114.500000000069,9.97957869113653,0.));
#2580=CARTESIAN_POINT('',(-80.703211508152,13.0000000000686,0.));
#2581=CARTESIAN_POINT('',(-41.2587479690064,16.5251544158951,0.));
#2582=CARTESIAN_POINT('',(-80.6809134261769,12.5000000000686,0.5));
#2583=CARTESIAN_POINT('Origin',(-80.703211508152,13.0000000000686,0.5));
#2584=CARTESIAN_POINT('',(-114.000000000069,9.52227094436246,0.5));
#2585=CARTESIAN_POINT('',(-41.2142403226572,16.0271392861887,0.5));
#2586=CARTESIAN_POINT('Origin',(-114.500000000069,9.97957869113653,0.5));
#2587=CARTESIAN_POINT('Origin',(-11.5,13.0000000000686,0.5));
#2588=CARTESIAN_POINT('',(-22.5,13.0000000000686,0.));
#2589=CARTESIAN_POINT('',(-11.5,13.0000000000686,0.));
#2590=CARTESIAN_POINT('',(-23.,12.5000000000686,0.5));
#2591=CARTESIAN_POINT('Origin',(-22.5,13.0000000000686,0.5));
#2592=CARTESIAN_POINT('',(-11.5,12.5000000000686,0.5));
#2593=CARTESIAN_POINT('Origin',(-22.5,-6.25000000003429,0.5));
#2594=CARTESIAN_POINT('',(-22.5,-13.0000000000686,0.));
#2595=CARTESIAN_POINT('',(-22.5,-6.25000000003429,0.));
#2596=CARTESIAN_POINT('',(-23.,-12.5000000000686,0.5));
#2597=CARTESIAN_POINT('Origin',(-22.5,-13.0000000000686,0.5));
#2598=CARTESIAN_POINT('',(-23.,-6.25000000003429,0.5));
#2599=CARTESIAN_POINT('Origin',(-40.3404567130887,-13.0000000000686,0.5));
#2600=CARTESIAN_POINT('',(-80.6809134261775,-12.5000000000686,0.5));
#2601=CARTESIAN_POINT('',(-40.3404567130887,-12.5000000000686,0.5));
#2602=CARTESIAN_POINT('',(-80.7032115081525,-13.0000000000686,0.));
#2603=CARTESIAN_POINT('',(-40.3404567130887,-13.0000000000686,0.));
#2604=CARTESIAN_POINT('Origin',(-80.7032115081525,-13.0000000000686,0.5));
#2605=CARTESIAN_POINT('Origin',(-59.1682912559522,-14.9245773021829,0.5));
#2606=CARTESIAN_POINT('',(-114.000000000069,-9.52227094436247,0.5));
#2607=CARTESIAN_POINT('',(-59.123783609603,-14.4265621724765,0.5));
#2608=CARTESIAN_POINT('',(-114.500000000069,-9.97957869113654,0.));
#2609=CARTESIAN_POINT('',(-59.1682912559522,-14.9245773021829,0.));
#2610=CARTESIAN_POINT('Origin',(-114.500000000069,-9.97957869113654,0.5));
#2611=CARTESIAN_POINT('Origin',(-114.500000000069,-4.76113547218125,0.5));
#2612=CARTESIAN_POINT('',(-114.000000000069,-4.76113547218125,0.5));
#2613=CARTESIAN_POINT('',(-114.500000000069,-4.76113547218125,0.));
#2614=CARTESIAN_POINT('Origin',(-116.500000000069,-9.29884577264426,0.));
#2615=CARTESIAN_POINT('',(-114.000000000069,-9.5222709443625,22.));
#2616=CARTESIAN_POINT('',(-114.000000000069,-9.52227094436247,11.));
#2617=CARTESIAN_POINT('',(-80.6809134261775,-12.5000000000686,22.));
#2618=CARTESIAN_POINT('',(-80.6809134261775,-12.5000000000686,22.));
#2619=CARTESIAN_POINT('',(-80.6809134261775,-12.5000000000686,0.));
#2620=CARTESIAN_POINT('Origin',(-114.000000000069,-9.5222709443625,22.));
#2621=CARTESIAN_POINT('',(-114.000000000069,9.52227094436249,22.));
#2622=CARTESIAN_POINT('',(-114.000000000069,9.52227094436246,11.));
#2623=CARTESIAN_POINT('',(-114.000000000069,-4.76113547218124,22.));
#2624=CARTESIAN_POINT('Origin',(-80.6809134261769,12.5000000000686,0.));
#2625=CARTESIAN_POINT('',(-80.6809134261769,12.5000000000686,22.));
#2626=CARTESIAN_POINT('',(-80.6809134261769,12.5000000000686,0.));
#2627=CARTESIAN_POINT('',(-116.500000000069,9.29884577264426,22.));
#2628=CARTESIAN_POINT('Origin',(0.,0.,0.));
#2629=CARTESIAN_POINT('',(120.,12.5,0.));
#2630=CARTESIAN_POINT('',(80.837,-16.,0.));
#2631=CARTESIAN_POINT('',(-120.,-12.5,0.));
#2632=CARTESIAN_POINT('',(114.500000000069,9.97957869113656,0.));
#2633=CARTESIAN_POINT('',(114.500000000069,-9.97957869113657,0.));
#2634=CARTESIAN_POINT('',(114.500000000069,-4.76113547218125,0.));
#2635=CARTESIAN_POINT('',(80.7032115081525,13.0000000000686,0.));
#2636=CARTESIAN_POINT('',(59.1682912559522,14.9245773021829,0.));
#2637=CARTESIAN_POINT('',(22.5,13.0000000000686,0.));
#2638=CARTESIAN_POINT('',(40.3404567130887,13.0000000000686,0.));
#2639=CARTESIAN_POINT('',(22.5,-13.0000000000686,0.));
#2640=CARTESIAN_POINT('',(22.5,6.25000000003431,0.));
#2641=CARTESIAN_POINT('',(80.7032115081529,-13.0000000000686,0.));
#2642=CARTESIAN_POINT('',(11.5,-13.0000000000686,0.));
#2643=CARTESIAN_POINT('',(41.2587479690068,-16.525154415895,0.));
#2644=CARTESIAN_POINT('',(11.5,-11.5,0.));
#2645=CARTESIAN_POINT('',(-5.75,-11.5,0.));
#2646=CARTESIAN_POINT('',(11.5,-5.75,0.));
#2647=CARTESIAN_POINT('Origin',(114.500000000069,-4.76113547218125,0.499999999999998));
#2648=CARTESIAN_POINT('',(114.000000000069,-9.52227094436251,0.499999999999998));
#2649=CARTESIAN_POINT('Origin',(114.500000000069,-9.97957869113657,0.499999999999998));
#2650=CARTESIAN_POINT('',(114.000000000069,9.52227094436249,0.5));
#2651=CARTESIAN_POINT('',(114.000000000069,-4.76113547218125,0.499999999999998));
#2652=CARTESIAN_POINT('Origin',(114.500000000069,9.97957869113656,0.5));
#2653=CARTESIAN_POINT('Origin',(41.2587479690068,-16.525154415895,0.5));
#2654=CARTESIAN_POINT('',(80.6809134261778,-12.5000000000686,0.5));
#2655=CARTESIAN_POINT('Origin',(80.7032115081529,-13.0000000000686,0.5));
#2656=CARTESIAN_POINT('',(41.2142403226576,-16.0271392861886,0.5));
#2657=CARTESIAN_POINT('Origin',(11.5,-13.0000000000686,0.5));
#2658=CARTESIAN_POINT('',(23.,-12.5000000000686,0.5));
#2659=CARTESIAN_POINT('Origin',(22.5,-13.0000000000686,0.5));
#2660=CARTESIAN_POINT('',(11.5,-12.5000000000686,0.5));
#2661=CARTESIAN_POINT('Origin',(22.5,6.25000000003431,0.5));
#2662=CARTESIAN_POINT('',(23.,12.5000000000686,0.5));
#2663=CARTESIAN_POINT('Origin',(22.5,13.0000000000686,0.5));
#2664=CARTESIAN_POINT('',(23.,6.25000000003431,0.5));
#2665=CARTESIAN_POINT('Origin',(40.3404567130887,13.0000000000686,0.5));
#2666=CARTESIAN_POINT('',(80.6809134261774,12.5000000000686,0.5));
#2667=CARTESIAN_POINT('',(40.3404567130887,12.5000000000686,0.5));
#2668=CARTESIAN_POINT('Origin',(80.7032115081525,13.0000000000686,0.5));
#2669=CARTESIAN_POINT('Origin',(59.1682912559522,14.9245773021829,0.5));
#2670=CARTESIAN_POINT('',(59.123783609603,14.4265621724765,0.5));
#2671=CARTESIAN_POINT('Origin',(80.6809134261774,12.5000000000686,0.));
#2672=CARTESIAN_POINT('',(80.6809134261774,12.5000000000686,22.));
#2673=CARTESIAN_POINT('',(80.6809134261774,12.5000000000686,0.));
#2674=CARTESIAN_POINT('',(23.,12.5000000000686,22.));
#2675=CARTESIAN_POINT('',(-80.6809134261769,12.5000000000686,22.));
#2676=CARTESIAN_POINT('',(23.,12.5000000000686,0.));
#2677=CARTESIAN_POINT('Origin',(116.500000000069,9.29884577264429,0.));
#2678=CARTESIAN_POINT('',(114.000000000069,9.52227094436249,22.));
#2679=CARTESIAN_POINT('',(114.000000000069,9.52227094436249,11.));
#2680=CARTESIAN_POINT('',(80.6809134261774,12.5000000000686,22.));
#2681=CARTESIAN_POINT('Origin',(114.000000000069,-9.5222709443625,22.));
#2682=CARTESIAN_POINT('',(114.000000000069,-9.5222709443625,22.));
#2683=CARTESIAN_POINT('',(114.000000000069,-9.52227094436251,11.));
#2684=CARTESIAN_POINT('',(114.000000000069,-4.76113547218124,22.));
#2685=CARTESIAN_POINT('Origin',(69.7500000000343,1.99840144432528E-14,22.));
#2686=CARTESIAN_POINT('',(80.6809134261778,-12.5000000000686,22.));
#2687=CARTESIAN_POINT('',(116.500000000069,-9.2988457726443,22.));
#2688=CARTESIAN_POINT('',(23.,-12.5000000000686,22.));
#2689=CARTESIAN_POINT('',(80.6809134261778,-12.5000000000686,22.));
#2690=CARTESIAN_POINT('',(23.,-12.5000000000686,22.));
#2691=CARTESIAN_POINT('Origin',(80.6809134261778,-12.5000000000686,0.));
#2692=CARTESIAN_POINT('',(80.6809134261778,-12.5000000000686,0.));
#2693=CARTESIAN_POINT('Origin',(11.5,-11.5,0.));
#2694=CARTESIAN_POINT('',(11.5,-11.5,0.));
#2695=CARTESIAN_POINT('Origin',(-11.5,-11.5,0.));
#2696=CARTESIAN_POINT('Origin',(23.,-12.5000000000686,0.));
#2697=CARTESIAN_POINT('',(23.,-12.5000000000686,0.));
#2698=CARTESIAN_POINT('Origin',(23.,12.5000000000686,0.));
#2699=CARTESIAN_POINT('Origin',(-23.,12.5000000000686,0.));
#2700=CARTESIAN_POINT('',(-23.,12.5000000000686,22.));
#2701=CARTESIAN_POINT('',(-23.,12.5000000000686,0.));
#2702=CARTESIAN_POINT('',(-80.6809134261769,12.5000000000686,22.));
#2703=CARTESIAN_POINT('Origin',(-23.,-12.5000000000686,0.));
#2704=CARTESIAN_POINT('',(-23.,-12.5000000000686,22.));
#2705=CARTESIAN_POINT('',(-23.,-12.5000000000686,0.));
#2706=CARTESIAN_POINT('',(-23.,12.5000000000686,22.));
#2707=CARTESIAN_POINT('Origin',(-80.6809134261775,-12.5000000000686,0.));
#2708=CARTESIAN_POINT('',(80.6809134261778,-12.5000000000686,22.));
#2709=CARTESIAN_POINT('Origin',(-69.7500000000343,1.99840144432528E-14,
22.));
#2710=CARTESIAN_POINT('Origin',(120.,12.5,0.));
#2711=CARTESIAN_POINT('Origin',(80.837,-16.,0.));
#2712=CARTESIAN_POINT('Origin',(-120.,-12.5,0.));
#2713=UNCERTAINTY_MEASURE_WITH_UNIT(LENGTH_MEASURE(0.01),#2717,
'DISTANCE_ACCURACY_VALUE',
'Maximum model space distance between geometric entities at asserted c
onnectivities');
#2714=UNCERTAINTY_MEASURE_WITH_UNIT(LENGTH_MEASURE(0.01),#2717,
'DISTANCE_ACCURACY_VALUE',
'Maximum model space distance between geometric entities at asserted c
onnectivities');
#2715=(
GEOMETRIC_REPRESENTATION_CONTEXT(3)
GLOBAL_UNCERTAINTY_ASSIGNED_CONTEXT((#2713))
GLOBAL_UNIT_ASSIGNED_CONTEXT((#2717,#2719,#2720))
REPRESENTATION_CONTEXT('','3D')
);
#2716=(
GEOMETRIC_REPRESENTATION_CONTEXT(3)
GLOBAL_UNCERTAINTY_ASSIGNED_CONTEXT((#2714))
GLOBAL_UNIT_ASSIGNED_CONTEXT((#2717,#2719,#2720))
REPRESENTATION_CONTEXT('','3D')
);
#2717=(
LENGTH_UNIT()
NAMED_UNIT(*)
SI_UNIT(.MILLI.,.METRE.)
);
#2718=(
LENGTH_UNIT()
NAMED_UNIT(*)
SI_UNIT(.CENTI.,.METRE.)
);
#2719=(
NAMED_UNIT(*)
PLANE_ANGLE_UNIT()
SI_UNIT($,.RADIAN.)
);
#2720=(
NAMED_UNIT(*)
SI_UNIT($,.STERADIAN.)
SOLID_ANGLE_UNIT()
);
#2721=SHAPE_DEFINITION_REPRESENTATION(#2722,#2723);
#2722=PRODUCT_DEFINITION_SHAPE('',$,#2725);
#2723=SHAPE_REPRESENTATION('',(#1535),#2715);
#2724=PRODUCT_DEFINITION_CONTEXT('part definition',#2729,'design');
#2725=PRODUCT_DEFINITION('pret_handler_v2','pret_handler_v2',#2726,#2724);
#2726=PRODUCT_DEFINITION_FORMATION('',$,#2731);
#2727=PRODUCT_RELATED_PRODUCT_CATEGORY('pret_handler_v2',
'pret_handler_v2',(#2731));
#2728=APPLICATION_PROTOCOL_DEFINITION('international standard',
'automotive_design',2009,#2729);
#2729=APPLICATION_CONTEXT(
'Core Data for Automotive Mechanical Design Process');
#2730=PRODUCT_CONTEXT('part definition',#2729,'mechanical');
#2731=PRODUCT('pret_handler_v2','pret_handler_v2',$,(#2730));
#2732=PRESENTATION_STYLE_ASSIGNMENT((#2733));
#2733=SURFACE_STYLE_USAGE(.BOTH.,#2736);
#2734=SURFACE_STYLE_RENDERING_WITH_PROPERTIES($,#2740,(#2735));
#2735=SURFACE_STYLE_TRANSPARENT(0.);
#2736=SURFACE_SIDE_STYLE('',(#2737,#2734));
#2737=SURFACE_STYLE_FILL_AREA(#2738);
#2738=FILL_AREA_STYLE('',(#2739));
#2739=FILL_AREA_STYLE_COLOUR('',#2740);
#2740=COLOUR_RGB('',0.0196078431372549,0.0196078431372549,0.0196078431372549);
ENDSEC;
END-ISO-10303-21;
